dataset,sample_id,role,relpath,n_ca
s2648,1A43A_G156A,WT,s2648/1A43A/1A43A_relaxed.pdb,0
s2648,1A43A_G156A,Mut,s2648/1A43A/1A43A_G156A_relaxed.pdb,0
s2648,1A43A_E159D,WT,s2648/1A43A/1A43A_relaxed.pdb,0
s2648,1A43A_E159D,Mut,s2648/1A43A/1A43A_E159D_relaxed.pdb,0
s2648,1A43A_R167A,WT,s2648/1A43A/1A43A_relaxed.pdb,0
s2648,1A43A_R167A,Mut,s2648/1A43A/1A43A_R167A_relaxed.pdb,0
s2648,1A43A_W184A,WT,s2648/1A43A/1A43A_relaxed.pdb,0
s2648,1A43A_W184A,Mut,s2648/1A43A/1A43A_W184A_relaxed.pdb,0
s2648,1A43A_C218S,WT,s2648/1A43A/1A43A_relaxed.pdb,0
s2648,1A43A_C218S,Mut,s2648/1A43A/1A43A_C218S_relaxed.pdb,0
s2648,1A5EA_W15D,WT,s2648/1A5EA/1A5EA_relaxed.pdb,0
s2648,1A5EA_W15D,Mut,s2648/1A5EA/1A5EA_W15D_relaxed.pdb,0
s2648,1A5EA_L37S,WT,s2648/1A5EA/1A5EA_relaxed.pdb,0
s2648,1A5EA_L37S,Mut,s2648/1A5EA/1A5EA_L37S_relaxed.pdb,0
s2648,1A5EA_L121R,WT,s2648/1A5EA/1A5EA_relaxed.pdb,0
s2648,1A5EA_L121R,Mut,s2648/1A5EA/1A5EA_L121R_relaxed.pdb,0
s2648,1AEPA_L14K,WT,s2648/1AEPA/1AEPA_relaxed.pdb,0
s2648,1AEPA_L14K,Mut,s2648/1AEPA/1AEPA_L14K_relaxed.pdb,0
s2648,1AEPA_T28A,WT,s2648/1AEPA/1AEPA_relaxed.pdb,0
s2648,1AEPA_T28A,Mut,s2648/1AEPA/1AEPA_T28A_relaxed.pdb,0
s2648,1AEPA_A137K,WT,s2648/1AEPA/1AEPA_relaxed.pdb,0
s2648,1AEPA_A137K,Mut,s2648/1AEPA/1AEPA_A137K_relaxed.pdb,0
s2648,1AEPA_T141A,WT,s2648/1AEPA/1AEPA_relaxed.pdb,0
s2648,1AEPA_T141A,Mut,s2648/1AEPA/1AEPA_T141A_relaxed.pdb,0
s2648,1AG2A_M129V,WT,s2648/1AG2A/1AG2A_relaxed.pdb,0
s2648,1AG2A_M129V,Mut,s2648/1AG2A/1AG2A_M129V_relaxed.pdb,0
s2648,1AG2A_F175W,WT,s2648/1AG2A/1AG2A_relaxed.pdb,0
s2648,1AG2A_F175W,Mut,s2648/1AG2A/1AG2A_F175W_relaxed.pdb,0
s2648,1AG2A_V180I,WT,s2648/1AG2A/1AG2A_relaxed.pdb,0
s2648,1AG2A_V180I,Mut,s2648/1AG2A/1AG2A_V180I_relaxed.pdb,0
s2648,1AG2A_T183A,WT,s2648/1AG2A/1AG2A_relaxed.pdb,0
s2648,1AG2A_T183A,Mut,s2648/1AG2A/1AG2A_T183A_relaxed.pdb,0
s2648,1AG2A_T190V,WT,s2648/1AG2A/1AG2A_relaxed.pdb,0
s2648,1AG2A_T190V,Mut,s2648/1AG2A/1AG2A_T190V_relaxed.pdb,0
s2648,1AG2A_F198S,WT,s2648/1AG2A/1AG2A_relaxed.pdb,0
s2648,1AG2A_F198S,Mut,s2648/1AG2A/1AG2A_F198S_relaxed.pdb,0
s2648,1AG2A_E200K,WT,s2648/1AG2A/1AG2A_relaxed.pdb,0
s2648,1AG2A_E200K,Mut,s2648/1AG2A/1AG2A_E200K_relaxed.pdb,0
s2648,1AG2A_R208H,WT,s2648/1AG2A/1AG2A_relaxed.pdb,0
s2648,1AG2A_R208H,Mut,s2648/1AG2A/1AG2A_R208H_relaxed.pdb,0
s2648,1AG2A_V210I,WT,s2648/1AG2A/1AG2A_relaxed.pdb,0
s2648,1AG2A_V210I,Mut,s2648/1AG2A/1AG2A_V210I_relaxed.pdb,0
s2648,1AG2A_Q217R,WT,s2648/1AG2A/1AG2A_relaxed.pdb,0
s2648,1AG2A_Q217R,Mut,s2648/1AG2A/1AG2A_Q217R_relaxed.pdb,0
s2648,1AJ3A_H10A,WT,s2648/1AJ3A/1AJ3A_relaxed.pdb,0
s2648,1AJ3A_H10A,Mut,s2648/1AJ3A/1AJ3A_H10A_relaxed.pdb,0
s2648,1AJ3A_H10G,WT,s2648/1AJ3A/1AJ3A_relaxed.pdb,0
s2648,1AJ3A_H10G,Mut,s2648/1AJ3A/1AJ3A_H10G_relaxed.pdb,0
s2648,1AJ3A_F12A,WT,s2648/1AJ3A/1AJ3A_relaxed.pdb,0
s2648,1AJ3A_F12A,Mut,s2648/1AJ3A/1AJ3A_F12A_relaxed.pdb,0
s2648,1AJ3A_F12L,WT,s2648/1AJ3A/1AJ3A_relaxed.pdb,0
s2648,1AJ3A_F12L,Mut,s2648/1AJ3A/1AJ3A_F12L_relaxed.pdb,0
s2648,1AJ3A_R14A,WT,s2648/1AJ3A/1AJ3A_relaxed.pdb,0
s2648,1AJ3A_R14A,Mut,s2648/1AJ3A/1AJ3A_R14A_relaxed.pdb,0
s2648,1AJ3A_R14G,WT,s2648/1AJ3A/1AJ3A_relaxed.pdb,0
s2648,1AJ3A_R14G,Mut,s2648/1AJ3A/1AJ3A_R14G_relaxed.pdb,0
s2648,1AJ3A_M16A,WT,s2648/1AJ3A/1AJ3A_relaxed.pdb,0
s2648,1AJ3A_M16A,Mut,s2648/1AJ3A/1AJ3A_M16A_relaxed.pdb,0
s2648,1AJ3A_D17G,WT,s2648/1AJ3A/1AJ3A_relaxed.pdb,0
s2648,1AJ3A_D17G,Mut,s2648/1AJ3A/1AJ3A_D17G_relaxed.pdb,0
s2648,1AJ3A_D17A,WT,s2648/1AJ3A/1AJ3A_relaxed.pdb,0
s2648,1AJ3A_D17A,Mut,s2648/1AJ3A/1AJ3A_D17A_relaxed.pdb,0
s2648,1AJ3A_S21G,WT,s2648/1AJ3A/1AJ3A_relaxed.pdb,0
s2648,1AJ3A_S21G,Mut,s2648/1AJ3A/1AJ3A_S21G_relaxed.pdb,0
s2648,1AJ3A_S21A,WT,s2648/1AJ3A/1AJ3A_relaxed.pdb,0
s2648,1AJ3A_S21A,Mut,s2648/1AJ3A/1AJ3A_S21A_relaxed.pdb,0
s2648,1AJ3A_W22F,WT,s2648/1AJ3A/1AJ3A_relaxed.pdb,0
s2648,1AJ3A_W22F,Mut,s2648/1AJ3A/1AJ3A_W22F_relaxed.pdb,0
s2648,1AJ3A_I23A,WT,s2648/1AJ3A/1AJ3A_relaxed.pdb,0
s2648,1AJ3A_I23A,Mut,s2648/1AJ3A/1AJ3A_I23A_relaxed.pdb,0
s2648,1AJ3A_I23V,WT,s2648/1AJ3A/1AJ3A_relaxed.pdb,0
s2648,1AJ3A_I23V,Mut,s2648/1AJ3A/1AJ3A_I23V_relaxed.pdb,0
s2648,1AJ3A_E25A,WT,s2648/1AJ3A/1AJ3A_relaxed.pdb,0
s2648,1AJ3A_E25A,Mut,s2648/1AJ3A/1AJ3A_E25A_relaxed.pdb,0
s2648,1AJ3A_E25G,WT,s2648/1AJ3A/1AJ3A_relaxed.pdb,0
s2648,1AJ3A_E25G,Mut,s2648/1AJ3A/1AJ3A_E25G_relaxed.pdb,0
s2648,1AJ3A_K26A,WT,s2648/1AJ3A/1AJ3A_relaxed.pdb,0
s2648,1AJ3A_K26A,Mut,s2648/1AJ3A/1AJ3A_K26A_relaxed.pdb,0
s2648,1AJ3A_V30A,WT,s2648/1AJ3A/1AJ3A_relaxed.pdb,0
s2648,1AJ3A_V30A,Mut,s2648/1AJ3A/1AJ3A_V30A_relaxed.pdb,0
s2648,1AJ3A_T40A,WT,s2648/1AJ3A/1AJ3A_relaxed.pdb,0
s2648,1AJ3A_T40A,Mut,s2648/1AJ3A/1AJ3A_T40A_relaxed.pdb,0
s2648,1AJ3A_T40G,WT,s2648/1AJ3A/1AJ3A_relaxed.pdb,0
s2648,1AJ3A_T40G,Mut,s2648/1AJ3A/1AJ3A_T40G_relaxed.pdb,0
s2648,1AJ3A_V42A,WT,s2648/1AJ3A/1AJ3A_relaxed.pdb,0
s2648,1AJ3A_V42A,Mut,s2648/1AJ3A/1AJ3A_V42A_relaxed.pdb,0
s2648,1AJ3A_N44G,WT,s2648/1AJ3A/1AJ3A_relaxed.pdb,0
s2648,1AJ3A_N44G,Mut,s2648/1AJ3A/1AJ3A_N44G_relaxed.pdb,0
s2648,1AJ3A_N44A,WT,s2648/1AJ3A/1AJ3A_relaxed.pdb,0
s2648,1AJ3A_N44A,Mut,s2648/1AJ3A/1AJ3A_N44A_relaxed.pdb,0
s2648,1AJ3A_L45A,WT,s2648/1AJ3A/1AJ3A_relaxed.pdb,0
s2648,1AJ3A_L45A,Mut,s2648/1AJ3A/1AJ3A_L45A_relaxed.pdb,0
s2648,1AJ3A_K47A,WT,s2648/1AJ3A/1AJ3A_relaxed.pdb,0
s2648,1AJ3A_K47A,Mut,s2648/1AJ3A/1AJ3A_K47A_relaxed.pdb,0
s2648,1AJ3A_K47G,WT,s2648/1AJ3A/1AJ3A_relaxed.pdb,0
s2648,1AJ3A_K47G,Mut,s2648/1AJ3A/1AJ3A_K47G_relaxed.pdb,0
s2648,1AJ3A_H49A,WT,s2648/1AJ3A/1AJ3A_relaxed.pdb,0
s2648,1AJ3A_H49A,Mut,s2648/1AJ3A/1AJ3A_H49A_relaxed.pdb,0
s2648,1AJ3A_R51G,WT,s2648/1AJ3A/1AJ3A_relaxed.pdb,0
s2648,1AJ3A_R51G,Mut,s2648/1AJ3A/1AJ3A_R51G_relaxed.pdb,0
s2648,1AJ3A_R51A,WT,s2648/1AJ3A/1AJ3A_relaxed.pdb,0
s2648,1AJ3A_R51A,Mut,s2648/1AJ3A/1AJ3A_R51A_relaxed.pdb,0
s2648,1AJ3A_L52A,WT,s2648/1AJ3A/1AJ3A_relaxed.pdb,0
s2648,1AJ3A_L52A,Mut,s2648/1AJ3A/1AJ3A_L52A_relaxed.pdb,0
s2648,1AJ3A_A54G,WT,s2648/1AJ3A/1AJ3A_relaxed.pdb,0
s2648,1AJ3A_A54G,Mut,s2648/1AJ3A/1AJ3A_A54G_relaxed.pdb,0
s2648,1AJ3A_L56A,WT,s2648/1AJ3A/1AJ3A_relaxed.pdb,0
s2648,1AJ3A_L56A,Mut,s2648/1AJ3A/1AJ3A_L56A_relaxed.pdb,0
s2648,1AJ3A_A58G,WT,s2648/1AJ3A/1AJ3A_relaxed.pdb,0
s2648,1AJ3A_A58G,Mut,s2648/1AJ3A/1AJ3A_A58G_relaxed.pdb,0
s2648,1AJ3A_H59A,WT,s2648/1AJ3A/1AJ3A_relaxed.pdb,0
s2648,1AJ3A_H59A,Mut,s2648/1AJ3A/1AJ3A_H59A_relaxed.pdb,0
s2648,1AJ3A_I63A,WT,s2648/1AJ3A/1AJ3A_relaxed.pdb,0
s2648,1AJ3A_I63A,Mut,s2648/1AJ3A/1AJ3A_I63A_relaxed.pdb,0
s2648,1AJ3A_I63V,WT,s2648/1AJ3A/1AJ3A_relaxed.pdb,0
s2648,1AJ3A_I63V,Mut,s2648/1AJ3A/1AJ3A_I63V_relaxed.pdb,0
s2648,1AJ3A_Q64A,WT,s2648/1AJ3A/1AJ3A_relaxed.pdb,0
s2648,1AJ3A_Q64A,Mut,s2648/1AJ3A/1AJ3A_Q64A_relaxed.pdb,0
s2648,1AJ3A_Q64G,WT,s2648/1AJ3A/1AJ3A_relaxed.pdb,0
s2648,1AJ3A_Q64G,Mut,s2648/1AJ3A/1AJ3A_Q64G_relaxed.pdb,0
s2648,1AJ3A_V66A,WT,s2648/1AJ3A/1AJ3A_relaxed.pdb,0
s2648,1AJ3A_V66A,Mut,s2648/1AJ3A/1AJ3A_V66A_relaxed.pdb,0
s2648,1AJ3A_D68G,WT,s2648/1AJ3A/1AJ3A_relaxed.pdb,0
s2648,1AJ3A_D68G,Mut,s2648/1AJ3A/1AJ3A_D68G_relaxed.pdb,0
s2648,1AJ3A_D68A,WT,s2648/1AJ3A/1AJ3A_relaxed.pdb,0
s2648,1AJ3A_D68A,Mut,s2648/1AJ3A/1AJ3A_D68A_relaxed.pdb,0
s2648,1AJ3A_K72G,WT,s2648/1AJ3A/1AJ3A_relaxed.pdb,0
s2648,1AJ3A_K72G,Mut,s2648/1AJ3A/1AJ3A_K72G_relaxed.pdb,0
s2648,1AJ3A_K72A,WT,s2648/1AJ3A/1AJ3A_relaxed.pdb,0
s2648,1AJ3A_K72A,Mut,s2648/1AJ3A/1AJ3A_K72A_relaxed.pdb,0
s2648,1AJ3A_L73A,WT,s2648/1AJ3A/1AJ3A_relaxed.pdb,0
s2648,1AJ3A_L73A,Mut,s2648/1AJ3A/1AJ3A_L73A_relaxed.pdb,0
s2648,1AJ3A_I84A,WT,s2648/1AJ3A/1AJ3A_relaxed.pdb,0
s2648,1AJ3A_I84A,Mut,s2648/1AJ3A/1AJ3A_I84A_relaxed.pdb,0
s2648,1AJ3A_I84V,WT,s2648/1AJ3A/1AJ3A_relaxed.pdb,0
s2648,1AJ3A_I84V,Mut,s2648/1AJ3A/1AJ3A_I84V_relaxed.pdb,0
s2648,1AJ3A_Q86A,WT,s2648/1AJ3A/1AJ3A_relaxed.pdb,0
s2648,1AJ3A_Q86A,Mut,s2648/1AJ3A/1AJ3A_Q86A_relaxed.pdb,0
s2648,1AJ3A_Q86G,WT,s2648/1AJ3A/1AJ3A_relaxed.pdb,0
s2648,1AJ3A_Q86G,Mut,s2648/1AJ3A/1AJ3A_Q86G_relaxed.pdb,0
s2648,1AJ3A_L88A,WT,s2648/1AJ3A/1AJ3A_relaxed.pdb,0
s2648,1AJ3A_L88A,Mut,s2648/1AJ3A/1AJ3A_L88A_relaxed.pdb,0
s2648,1AJ3A_A89G,WT,s2648/1AJ3A/1AJ3A_relaxed.pdb,0
s2648,1AJ3A_A89G,Mut,s2648/1AJ3A/1AJ3A_A89G_relaxed.pdb,0
s2648,1AJ3A_F91A,WT,s2648/1AJ3A/1AJ3A_relaxed.pdb,0
s2648,1AJ3A_F91A,Mut,s2648/1AJ3A/1AJ3A_F91A_relaxed.pdb,0
s2648,1AJ3A_F91L,WT,s2648/1AJ3A/1AJ3A_relaxed.pdb,0
s2648,1AJ3A_F91L,Mut,s2648/1AJ3A/1AJ3A_F91L_relaxed.pdb,0
s2648,1AJ3A_D93A,WT,s2648/1AJ3A/1AJ3A_relaxed.pdb,0
s2648,1AJ3A_D93A,Mut,s2648/1AJ3A/1AJ3A_D93A_relaxed.pdb,0
s2648,1AJ3A_D93G,WT,s2648/1AJ3A/1AJ3A_relaxed.pdb,0
s2648,1AJ3A_D93G,Mut,s2648/1AJ3A/1AJ3A_D93G_relaxed.pdb,0
s2648,1AJ3A_W95F,WT,s2648/1AJ3A/1AJ3A_relaxed.pdb,0
s2648,1AJ3A_W95F,Mut,s2648/1AJ3A/1AJ3A_W95F_relaxed.pdb,0
s2648,1AJ3A_K96G,WT,s2648/1AJ3A/1AJ3A_relaxed.pdb,0
s2648,1AJ3A_K96G,Mut,s2648/1AJ3A/1AJ3A_K96G_relaxed.pdb,0
s2648,1AJ3A_K96A,WT,s2648/1AJ3A/1AJ3A_relaxed.pdb,0
s2648,1AJ3A_K96A,Mut,s2648/1AJ3A/1AJ3A_K96A_relaxed.pdb,0
s2648,1AJ3A_L98A,WT,s2648/1AJ3A/1AJ3A_relaxed.pdb,0
s2648,1AJ3A_L98A,Mut,s2648/1AJ3A/1AJ3A_L98A_relaxed.pdb,0
s2648,1AJ3A_Q100A,WT,s2648/1AJ3A/1AJ3A_relaxed.pdb,0
s2648,1AJ3A_Q100A,Mut,s2648/1AJ3A/1AJ3A_Q100A_relaxed.pdb,0
s2648,1AJ3A_Q100G,WT,s2648/1AJ3A/1AJ3A_relaxed.pdb,0
s2648,1AJ3A_Q100G,Mut,s2648/1AJ3A/1AJ3A_Q100G_relaxed.pdb,0
s2648,1AJ3A_A102G,WT,s2648/1AJ3A/1AJ3A_relaxed.pdb,0
s2648,1AJ3A_A102G,Mut,s2648/1AJ3A/1AJ3A_A102G_relaxed.pdb,0
s2648,1AJ3A_A104G,WT,s2648/1AJ3A/1AJ3A_relaxed.pdb,0
s2648,1AJ3A_A104G,Mut,s2648/1AJ3A/1AJ3A_A104G_relaxed.pdb,0
s2648,1AJ3A_R105A,WT,s2648/1AJ3A/1AJ3A_relaxed.pdb,0
s2648,1AJ3A_R105A,Mut,s2648/1AJ3A/1AJ3A_R105A_relaxed.pdb,0
s2648,1AKYA_V8I,WT,s2648/1AKYA/1AKYA_relaxed.pdb,0
s2648,1AKYA_V8I,Mut,s2648/1AKYA/1AKYA_V8I_relaxed.pdb,0
s2648,1AKYA_Q48E,WT,s2648/1AKYA/1AKYA_relaxed.pdb,0
s2648,1AKYA_Q48E,Mut,s2648/1AKYA/1AKYA_Q48E_relaxed.pdb,0
s2648,1AKYA_T77H,WT,s2648/1AKYA/1AKYA_relaxed.pdb,0
s2648,1AKYA_T77H,Mut,s2648/1AKYA/1AKYA_T77H_relaxed.pdb,0
s2648,1AKYA_T110H,WT,s2648/1AKYA/1AKYA_relaxed.pdb,0
s2648,1AKYA_T110H,Mut,s2648/1AKYA/1AKYA_T110H_relaxed.pdb,0
s2648,1AKYA_N169D,WT,s2648/1AKYA/1AKYA_relaxed.pdb,0
s2648,1AKYA_N169D,Mut,s2648/1AKYA/1AKYA_N169D_relaxed.pdb,0
s2648,1AKYA_I213F,WT,s2648/1AKYA/1AKYA_relaxed.pdb,0
s2648,1AKYA_I213F,Mut,s2648/1AKYA/1AKYA_I213F_relaxed.pdb,0
s2648,1AM7A_H31D,WT,s2648/1AM7A/1AM7A_relaxed.pdb,0
s2648,1AM7A_H31D,Mut,s2648/1AM7A/1AM7A_H31D_relaxed.pdb,0
s2648,1AM7A_H48N,WT,s2648/1AM7A/1AM7A_relaxed.pdb,0
s2648,1AM7A_H48N,Mut,s2648/1AM7A/1AM7A_H48N_relaxed.pdb,0
s2648,1AMQA_C82S,WT,s2648/1AMQA/1AMQA_relaxed.pdb,0
s2648,1AMQA_C82S,Mut,s2648/1AMQA/1AMQA_C82S_relaxed.pdb,0
s2648,1AMQA_C82A,WT,s2648/1AMQA/1AMQA_relaxed.pdb,0
s2648,1AMQA_C82A,Mut,s2648/1AMQA/1AMQA_C82A_relaxed.pdb,0
s2648,1AMQA_C191F,WT,s2648/1AMQA/1AMQA_relaxed.pdb,0
s2648,1AMQA_C191F,Mut,s2648/1AMQA/1AMQA_C191F_relaxed.pdb,0
s2648,1AMQA_C191R,WT,s2648/1AMQA/1AMQA_relaxed.pdb,0
s2648,1AMQA_C191R,Mut,s2648/1AMQA/1AMQA_C191R_relaxed.pdb,0
s2648,1AMQA_C191W,WT,s2648/1AMQA/1AMQA_relaxed.pdb,0
s2648,1AMQA_C191W,Mut,s2648/1AMQA/1AMQA_C191W_relaxed.pdb,0
s2648,1AMQA_C191A,WT,s2648/1AMQA/1AMQA_relaxed.pdb,0
s2648,1AMQA_C191A,Mut,s2648/1AMQA/1AMQA_C191A_relaxed.pdb,0
s2648,1AMQA_C191G,WT,s2648/1AMQA/1AMQA_relaxed.pdb,0
s2648,1AMQA_C191G,Mut,s2648/1AMQA/1AMQA_C191G_relaxed.pdb,0
s2648,1AMQA_C191S,WT,s2648/1AMQA/1AMQA_relaxed.pdb,0
s2648,1AMQA_C191S,Mut,s2648/1AMQA/1AMQA_C191S_relaxed.pdb,0
s2648,1AMQA_C191Y,WT,s2648/1AMQA/1AMQA_relaxed.pdb,0
s2648,1AMQA_C191Y,Mut,s2648/1AMQA/1AMQA_C191Y_relaxed.pdb,0
s2648,1AMQA_C192A,WT,s2648/1AMQA/1AMQA_relaxed.pdb,0
s2648,1AMQA_C192A,Mut,s2648/1AMQA/1AMQA_C192A_relaxed.pdb,0
s2648,1AMQA_C192S,WT,s2648/1AMQA/1AMQA_relaxed.pdb,0
s2648,1AMQA_C192S,Mut,s2648/1AMQA/1AMQA_C192S_relaxed.pdb,0
s2648,1AMQA_C270A,WT,s2648/1AMQA/1AMQA_relaxed.pdb,0
s2648,1AMQA_C270A,Mut,s2648/1AMQA/1AMQA_C270A_relaxed.pdb,0
s2648,1AMQA_C401S,WT,s2648/1AMQA/1AMQA_relaxed.pdb,0
s2648,1AMQA_C401S,Mut,s2648/1AMQA/1AMQA_C401S_relaxed.pdb,0
s2648,1AMQA_C401A,WT,s2648/1AMQA/1AMQA_relaxed.pdb,0
s2648,1AMQA_C401A,Mut,s2648/1AMQA/1AMQA_C401A_relaxed.pdb,0
s2648,1ANKA_D84H,WT,s2648/1ANKA/1ANKA_relaxed.pdb,0
s2648,1ANKA_D84H,Mut,s2648/1ANKA/1ANKA_D84H_relaxed.pdb,0
s2648,1ANKA_G85V,WT,s2648/1ANKA/1ANKA_relaxed.pdb,0
s2648,1ANKA_G85V,Mut,s2648/1ANKA/1ANKA_G85V_relaxed.pdb,0
s2648,1ANKA_F86L,WT,s2648/1ANKA/1ANKA_relaxed.pdb,0
s2648,1ANKA_F86L,Mut,s2648/1ANKA/1ANKA_F86L_relaxed.pdb,0
s2648,1ANKA_R88G,WT,s2648/1ANKA/1ANKA_relaxed.pdb,0
s2648,1ANKA_R88G,Mut,s2648/1ANKA/1ANKA_R88G_relaxed.pdb,0
s2648,1APSA_Y11I,WT,s2648/1APSA/1APSA_relaxed.pdb,0
s2648,1APSA_Y11I,Mut,s2648/1APSA/1APSA_Y11I_relaxed.pdb,0
s2648,1APSA_Y11F,WT,s2648/1APSA/1APSA_relaxed.pdb,0
s2648,1APSA_Y11F,Mut,s2648/1APSA/1APSA_Y11F_relaxed.pdb,0
s2648,1APSA_V13A,WT,s2648/1APSA/1APSA_relaxed.pdb,0
s2648,1APSA_V13A,Mut,s2648/1APSA/1APSA_V13A_relaxed.pdb,0
s2648,1APSA_V17A,WT,s2648/1APSA/1APSA_relaxed.pdb,0
s2648,1APSA_V17A,Mut,s2648/1APSA/1APSA_V17A_relaxed.pdb,0
s2648,1APSA_V20A,WT,s2648/1APSA/1APSA_relaxed.pdb,0
s2648,1APSA_V20A,Mut,s2648/1APSA/1APSA_V20A_relaxed.pdb,0
s2648,1APSA_F22L,WT,s2648/1APSA/1APSA_relaxed.pdb,0
s2648,1APSA_F22L,Mut,s2648/1APSA/1APSA_F22L_relaxed.pdb,0
s2648,1APSA_Y25A,WT,s2648/1APSA/1APSA_relaxed.pdb,0
s2648,1APSA_Y25A,Mut,s2648/1APSA/1APSA_Y25A_relaxed.pdb,0
s2648,1APSA_A30G,WT,s2648/1APSA/1APSA_relaxed.pdb,0
s2648,1APSA_A30G,Mut,s2648/1APSA/1APSA_A30G_relaxed.pdb,0
s2648,1APSA_V36A,WT,s2648/1APSA/1APSA_relaxed.pdb,0
s2648,1APSA_V36A,Mut,s2648/1APSA/1APSA_V36A_relaxed.pdb,0
s2648,1APSA_W38F,WT,s2648/1APSA/1APSA_relaxed.pdb,0
s2648,1APSA_W38F,Mut,s2648/1APSA/1APSA_W38F_relaxed.pdb,0
s2648,1APSA_V39A,WT,s2648/1APSA/1APSA_relaxed.pdb,0
s2648,1APSA_V39A,Mut,s2648/1APSA/1APSA_V39A_relaxed.pdb,0
s2648,1APSA_T42A,WT,s2648/1APSA/1APSA_relaxed.pdb,0
s2648,1APSA_T42A,Mut,s2648/1APSA/1APSA_T42A_relaxed.pdb,0
s2648,1APSA_G45A,WT,s2648/1APSA/1APSA_relaxed.pdb,0
s2648,1APSA_G45A,Mut,s2648/1APSA/1APSA_G45A_relaxed.pdb,0
s2648,1APSA_V47A,WT,s2648/1APSA/1APSA_relaxed.pdb,0
s2648,1APSA_V47A,Mut,s2648/1APSA/1APSA_V47A_relaxed.pdb,0
s2648,1APSA_V51A,WT,s2648/1APSA/1APSA_relaxed.pdb,0
s2648,1APSA_V51A,Mut,s2648/1APSA/1APSA_V51A_relaxed.pdb,0
s2648,1APSA_W64A,WT,s2648/1APSA/1APSA_relaxed.pdb,0
s2648,1APSA_W64A,Mut,s2648/1APSA/1APSA_W64A_relaxed.pdb,0
s2648,1APSA_I75V,WT,s2648/1APSA/1APSA_relaxed.pdb,0
s2648,1APSA_I75V,Mut,s2648/1APSA/1APSA_I75V_relaxed.pdb,0
s2648,1APSA_T78S,WT,s2648/1APSA/1APSA_relaxed.pdb,0
s2648,1APSA_T78S,Mut,s2648/1APSA/1APSA_T78S_relaxed.pdb,0
s2648,1APSA_E83D,WT,s2648/1APSA/1APSA_relaxed.pdb,0
s2648,1APSA_E83D,Mut,s2648/1APSA/1APSA_E83D_relaxed.pdb,0
s2648,1APSA_I86V,WT,s2648/1APSA/1APSA_relaxed.pdb,0
s2648,1APSA_I86V,Mut,s2648/1APSA/1APSA_I86V_relaxed.pdb,0
s2648,1APSA_L89A,WT,s2648/1APSA/1APSA_relaxed.pdb,0
s2648,1APSA_L89A,Mut,s2648/1APSA/1APSA_L89A_relaxed.pdb,0
s2648,1ARRA_Q9G,WT,s2648/1ARRA/1ARRA_relaxed.pdb,0
s2648,1ARRA_Q9G,Mut,s2648/1ARRA/1ARRA_Q9G_relaxed.pdb,0
s2648,1ARRA_R13G,WT,s2648/1ARRA/1ARRA_relaxed.pdb,0
s2648,1ARRA_R13G,Mut,s2648/1ARRA/1ARRA_R13G_relaxed.pdb,0
s2648,1ARRA_R16G,WT,s2648/1ARRA/1ARRA_relaxed.pdb,0
s2648,1ARRA_R16G,Mut,s2648/1ARRA/1ARRA_R16G_relaxed.pdb,0
s2648,1ARRA_E17G,WT,s2648/1ARRA/1ARRA_relaxed.pdb,0
s2648,1ARRA_E17G,Mut,s2648/1ARRA/1ARRA_E17G_relaxed.pdb,0
s2648,1ARRA_L19Q,WT,s2648/1ARRA/1ARRA_relaxed.pdb,0
s2648,1ARRA_L19Q,Mut,s2648/1ARRA/1ARRA_L19Q_relaxed.pdb,0
s2648,1ARRA_D20G,WT,s2648/1ARRA/1ARRA_relaxed.pdb,0
s2648,1ARRA_D20G,Mut,s2648/1ARRA/1ARRA_D20G_relaxed.pdb,0
s2648,1ARRA_R23G,WT,s2648/1ARRA/1ARRA_relaxed.pdb,0
s2648,1ARRA_R23G,Mut,s2648/1ARRA/1ARRA_R23G_relaxed.pdb,0
s2648,1ARRA_K24T,WT,s2648/1ARRA/1ARRA_relaxed.pdb,0
s2648,1ARRA_K24T,Mut,s2648/1ARRA/1ARRA_K24T_relaxed.pdb,0
s2648,1ARRA_K24G,WT,s2648/1ARRA/1ARRA_relaxed.pdb,0
s2648,1ARRA_K24G,Mut,s2648/1ARRA/1ARRA_K24G_relaxed.pdb,0
s2648,1ARRA_E27G,WT,s2648/1ARRA/1ARRA_relaxed.pdb,0
s2648,1ARRA_E27G,Mut,s2648/1ARRA/1ARRA_E27G_relaxed.pdb,0
s2648,1ARRA_E28G,WT,s2648/1ARRA/1ARRA_relaxed.pdb,0
s2648,1ARRA_E28G,Mut,s2648/1ARRA/1ARRA_E28G_relaxed.pdb,0
s2648,1ARRA_N34G,WT,s2648/1ARRA/1ARRA_relaxed.pdb,0
s2648,1ARRA_N34G,Mut,s2648/1ARRA/1ARRA_N34G_relaxed.pdb,0
s2648,1ARRA_S35G,WT,s2648/1ARRA/1ARRA_relaxed.pdb,0
s2648,1ARRA_S35G,Mut,s2648/1ARRA/1ARRA_S35G_relaxed.pdb,0
s2648,1ARRA_Q39G,WT,s2648/1ARRA/1ARRA_relaxed.pdb,0
s2648,1ARRA_Q39G,Mut,s2648/1ARRA/1ARRA_Q39G_relaxed.pdb,0
s2648,1ARRA_K46G,WT,s2648/1ARRA/1ARRA_relaxed.pdb,0
s2648,1ARRA_K46G,Mut,s2648/1ARRA/1ARRA_K46G_relaxed.pdb,0
s2648,1ARRA_K47G,WT,s2648/1ARRA/1ARRA_relaxed.pdb,0
s2648,1ARRA_K47G,Mut,s2648/1ARRA/1ARRA_K47G_relaxed.pdb,0
s2648,1ARRA_E48G,WT,s2648/1ARRA/1ARRA_relaxed.pdb,0
s2648,1ARRA_E48G,Mut,s2648/1ARRA/1ARRA_E48G_relaxed.pdb,0
s2648,1AZPA_V30I,WT,s2648/1AZPA/1AZPA_relaxed.pdb,0
s2648,1AZPA_V30I,Mut,s2648/1AZPA/1AZPA_V30I_relaxed.pdb,0
s2648,1B26A_R190A,WT,s2648/1B26A/1B26A_relaxed.pdb,0
s2648,1B26A_R190A,Mut,s2648/1B26A/1B26A_R190A_relaxed.pdb,0
s2648,1B26A_K193A,WT,s2648/1B26A/1B26A_relaxed.pdb,0
s2648,1B26A_K193A,Mut,s2648/1B26A/1B26A_K193A_relaxed.pdb,0
s2648,1B26A_E231A,WT,s2648/1B26A/1B26A_relaxed.pdb,0
s2648,1B26A_E231A,Mut,s2648/1B26A/1B26A_E231A_relaxed.pdb,0
s2648,1B8EA_W19Y,WT,s2648/1B8EA/1B8EA_relaxed.pdb,0
s2648,1B8EA_W19Y,Mut,s2648/1B8EA/1B8EA_W19Y_relaxed.pdb,0
s2648,1BLCA_D179N,WT,s2648/1BLCA/1BLCA_relaxed.pdb,0
s2648,1BLCA_D179N,Mut,s2648/1BLCA/1BLCA_D179N_relaxed.pdb,0
s2648,1BNIA_I4V,WT,s2648/1BNIA/1BNIA_relaxed.pdb,0
s2648,1BNIA_I4V,Mut,s2648/1BNIA/1BNIA_I4V_relaxed.pdb,0
s2648,1BNIA_I4A,WT,s2648/1BNIA/1BNIA_relaxed.pdb,0
s2648,1BNIA_I4A,Mut,s2648/1BNIA/1BNIA_I4A_relaxed.pdb,0
s2648,1BNIA_N5A,WT,s2648/1BNIA/1BNIA_relaxed.pdb,0
s2648,1BNIA_N5A,Mut,s2648/1BNIA/1BNIA_N5A_relaxed.pdb,0
s2648,1BNIA_T6A,WT,s2648/1BNIA/1BNIA_relaxed.pdb,0
s2648,1BNIA_T6A,Mut,s2648/1BNIA/1BNIA_T6A_relaxed.pdb,0
s2648,1BNIA_T6E,WT,s2648/1BNIA/1BNIA_relaxed.pdb,0
s2648,1BNIA_T6E,Mut,s2648/1BNIA/1BNIA_T6E_relaxed.pdb,0
s2648,1BNIA_T6H,WT,s2648/1BNIA/1BNIA_relaxed.pdb,0
s2648,1BNIA_T6H,Mut,s2648/1BNIA/1BNIA_T6H_relaxed.pdb,0
s2648,1BNIA_T6Q,WT,s2648/1BNIA/1BNIA_relaxed.pdb,0
s2648,1BNIA_T6Q,Mut,s2648/1BNIA/1BNIA_T6Q_relaxed.pdb,0
s2648,1BNIA_T6D,WT,s2648/1BNIA/1BNIA_relaxed.pdb,0
s2648,1BNIA_T6D,Mut,s2648/1BNIA/1BNIA_T6D_relaxed.pdb,0
s2648,1BNIA_T6G,WT,s2648/1BNIA/1BNIA_relaxed.pdb,0
s2648,1BNIA_T6G,Mut,s2648/1BNIA/1BNIA_T6G_relaxed.pdb,0
s2648,1BNIA_T6N,WT,s2648/1BNIA/1BNIA_relaxed.pdb,0
s2648,1BNIA_T6N,Mut,s2648/1BNIA/1BNIA_T6N_relaxed.pdb,0
s2648,1BNIA_T6S,WT,s2648/1BNIA/1BNIA_relaxed.pdb,0
s2648,1BNIA_T6S,Mut,s2648/1BNIA/1BNIA_T6S_relaxed.pdb,0
s2648,1BNIA_F7L,WT,s2648/1BNIA/1BNIA_relaxed.pdb,0
s2648,1BNIA_F7L,Mut,s2648/1BNIA/1BNIA_F7L_relaxed.pdb,0
s2648,1BNIA_D8G,WT,s2648/1BNIA/1BNIA_relaxed.pdb,0
s2648,1BNIA_D8G,Mut,s2648/1BNIA/1BNIA_D8G_relaxed.pdb,0
s2648,1BNIA_D8A,WT,s2648/1BNIA/1BNIA_relaxed.pdb,0
s2648,1BNIA_D8A,Mut,s2648/1BNIA/1BNIA_D8A_relaxed.pdb,0
s2648,1BNIA_D8S,WT,s2648/1BNIA/1BNIA_relaxed.pdb,0
s2648,1BNIA_D8S,Mut,s2648/1BNIA/1BNIA_D8S_relaxed.pdb,0
s2648,1BNIA_V10A,WT,s2648/1BNIA/1BNIA_relaxed.pdb,0
s2648,1BNIA_V10A,Mut,s2648/1BNIA/1BNIA_V10A_relaxed.pdb,0
s2648,1BNIA_V10T,WT,s2648/1BNIA/1BNIA_relaxed.pdb,0
s2648,1BNIA_V10T,Mut,s2648/1BNIA/1BNIA_V10T_relaxed.pdb,0
s2648,1BNIA_D12A,WT,s2648/1BNIA/1BNIA_relaxed.pdb,0
s2648,1BNIA_D12A,Mut,s2648/1BNIA/1BNIA_D12A_relaxed.pdb,0
s2648,1BNIA_D12S,WT,s2648/1BNIA/1BNIA_relaxed.pdb,0
s2648,1BNIA_D12S,Mut,s2648/1BNIA/1BNIA_D12S_relaxed.pdb,0
s2648,1BNIA_D12G,WT,s2648/1BNIA/1BNIA_relaxed.pdb,0
s2648,1BNIA_D12G,Mut,s2648/1BNIA/1BNIA_D12G_relaxed.pdb,0
s2648,1BNIA_Y13F,WT,s2648/1BNIA/1BNIA_relaxed.pdb,0
s2648,1BNIA_Y13F,Mut,s2648/1BNIA/1BNIA_Y13F_relaxed.pdb,0
s2648,1BNIA_Y13A,WT,s2648/1BNIA/1BNIA_relaxed.pdb,0
s2648,1BNIA_Y13A,Mut,s2648/1BNIA/1BNIA_Y13A_relaxed.pdb,0
s2648,1BNIA_L14A,WT,s2648/1BNIA/1BNIA_relaxed.pdb,0
s2648,1BNIA_L14A,Mut,s2648/1BNIA/1BNIA_L14A_relaxed.pdb,0
s2648,1BNIA_Q15I,WT,s2648/1BNIA/1BNIA_relaxed.pdb,0
s2648,1BNIA_Q15I,Mut,s2648/1BNIA/1BNIA_Q15I_relaxed.pdb,0
s2648,1BNIA_T16G,WT,s2648/1BNIA/1BNIA_relaxed.pdb,0
s2648,1BNIA_T16G,Mut,s2648/1BNIA/1BNIA_T16G_relaxed.pdb,0
s2648,1BNIA_T16S,WT,s2648/1BNIA/1BNIA_relaxed.pdb,0
s2648,1BNIA_T16S,Mut,s2648/1BNIA/1BNIA_T16S_relaxed.pdb,0
s2648,1BNIA_T16A,WT,s2648/1BNIA/1BNIA_relaxed.pdb,0
s2648,1BNIA_T16A,Mut,s2648/1BNIA/1BNIA_T16A_relaxed.pdb,0
s2648,1BNIA_T16R,WT,s2648/1BNIA/1BNIA_relaxed.pdb,0
s2648,1BNIA_T16R,Mut,s2648/1BNIA/1BNIA_T16R_relaxed.pdb,0
s2648,1BNIA_Y17F,WT,s2648/1BNIA/1BNIA_relaxed.pdb,0
s2648,1BNIA_Y17F,Mut,s2648/1BNIA/1BNIA_Y17F_relaxed.pdb,0
s2648,1BNIA_Y17S,WT,s2648/1BNIA/1BNIA_relaxed.pdb,0
s2648,1BNIA_Y17S,Mut,s2648/1BNIA/1BNIA_Y17S_relaxed.pdb,0
s2648,1BNIA_Y17A,WT,s2648/1BNIA/1BNIA_relaxed.pdb,0
s2648,1BNIA_Y17A,Mut,s2648/1BNIA/1BNIA_Y17A_relaxed.pdb,0
s2648,1BNIA_Y17G,WT,s2648/1BNIA/1BNIA_relaxed.pdb,0
s2648,1BNIA_Y17G,Mut,s2648/1BNIA/1BNIA_Y17G_relaxed.pdb,0
s2648,1BNIA_H18D,WT,s2648/1BNIA/1BNIA_relaxed.pdb,0
s2648,1BNIA_H18D,Mut,s2648/1BNIA/1BNIA_H18D_relaxed.pdb,0
s2648,1BNIA_H18K,WT,s2648/1BNIA/1BNIA_relaxed.pdb,0
s2648,1BNIA_H18K,Mut,s2648/1BNIA/1BNIA_H18K_relaxed.pdb,0
s2648,1BNIA_H18Q,WT,s2648/1BNIA/1BNIA_relaxed.pdb,0
s2648,1BNIA_H18Q,Mut,s2648/1BNIA/1BNIA_H18Q_relaxed.pdb,0
s2648,1BNIA_H18S,WT,s2648/1BNIA/1BNIA_relaxed.pdb,0
s2648,1BNIA_H18S,Mut,s2648/1BNIA/1BNIA_H18S_relaxed.pdb,0
s2648,1BNIA_H18A,WT,s2648/1BNIA/1BNIA_relaxed.pdb,0
s2648,1BNIA_H18A,Mut,s2648/1BNIA/1BNIA_H18A_relaxed.pdb,0
s2648,1BNIA_H18G,WT,s2648/1BNIA/1BNIA_relaxed.pdb,0
s2648,1BNIA_H18G,Mut,s2648/1BNIA/1BNIA_H18G_relaxed.pdb,0
s2648,1BNIA_H18N,WT,s2648/1BNIA/1BNIA_relaxed.pdb,0
s2648,1BNIA_H18N,Mut,s2648/1BNIA/1BNIA_H18N_relaxed.pdb,0
s2648,1BNIA_H18R,WT,s2648/1BNIA/1BNIA_relaxed.pdb,0
s2648,1BNIA_H18R,Mut,s2648/1BNIA/1BNIA_H18R_relaxed.pdb,0
s2648,1BNIA_K19R,WT,s2648/1BNIA/1BNIA_relaxed.pdb,0
s2648,1BNIA_K19R,Mut,s2648/1BNIA/1BNIA_K19R_relaxed.pdb,0
s2648,1BNIA_D22M,WT,s2648/1BNIA/1BNIA_relaxed.pdb,0
s2648,1BNIA_D22M,Mut,s2648/1BNIA/1BNIA_D22M_relaxed.pdb,0
s2648,1BNIA_N23A,WT,s2648/1BNIA/1BNIA_relaxed.pdb,0
s2648,1BNIA_N23A,Mut,s2648/1BNIA/1BNIA_N23A_relaxed.pdb,0
s2648,1BNIA_Y24F,WT,s2648/1BNIA/1BNIA_relaxed.pdb,0
s2648,1BNIA_Y24F,Mut,s2648/1BNIA/1BNIA_Y24F_relaxed.pdb,0
s2648,1BNIA_I25V,WT,s2648/1BNIA/1BNIA_relaxed.pdb,0
s2648,1BNIA_I25V,Mut,s2648/1BNIA/1BNIA_I25V_relaxed.pdb,0
s2648,1BNIA_I25A,WT,s2648/1BNIA/1BNIA_relaxed.pdb,0
s2648,1BNIA_I25A,Mut,s2648/1BNIA/1BNIA_I25A_relaxed.pdb,0
s2648,1BNIA_T26D,WT,s2648/1BNIA/1BNIA_relaxed.pdb,0
s2648,1BNIA_T26D,Mut,s2648/1BNIA/1BNIA_T26D_relaxed.pdb,0
s2648,1BNIA_T26G,WT,s2648/1BNIA/1BNIA_relaxed.pdb,0
s2648,1BNIA_T26G,Mut,s2648/1BNIA/1BNIA_T26G_relaxed.pdb,0
s2648,1BNIA_T26Q,WT,s2648/1BNIA/1BNIA_relaxed.pdb,0
s2648,1BNIA_T26Q,Mut,s2648/1BNIA/1BNIA_T26Q_relaxed.pdb,0
s2648,1BNIA_T26V,WT,s2648/1BNIA/1BNIA_relaxed.pdb,0
s2648,1BNIA_T26V,Mut,s2648/1BNIA/1BNIA_T26V_relaxed.pdb,0
s2648,1BNIA_T26A,WT,s2648/1BNIA/1BNIA_relaxed.pdb,0
s2648,1BNIA_T26A,Mut,s2648/1BNIA/1BNIA_T26A_relaxed.pdb,0
s2648,1BNIA_T26E,WT,s2648/1BNIA/1BNIA_relaxed.pdb,0
s2648,1BNIA_T26E,Mut,s2648/1BNIA/1BNIA_T26E_relaxed.pdb,0
s2648,1BNIA_T26N,WT,s2648/1BNIA/1BNIA_relaxed.pdb,0
s2648,1BNIA_T26N,Mut,s2648/1BNIA/1BNIA_T26N_relaxed.pdb,0
s2648,1BNIA_T26S,WT,s2648/1BNIA/1BNIA_relaxed.pdb,0
s2648,1BNIA_T26S,Mut,s2648/1BNIA/1BNIA_T26S_relaxed.pdb,0
s2648,1BNIA_K27G,WT,s2648/1BNIA/1BNIA_relaxed.pdb,0
s2648,1BNIA_K27G,Mut,s2648/1BNIA/1BNIA_K27G_relaxed.pdb,0
s2648,1BNIA_K27A,WT,s2648/1BNIA/1BNIA_relaxed.pdb,0
s2648,1BNIA_K27A,Mut,s2648/1BNIA/1BNIA_K27A_relaxed.pdb,0
s2648,1BNIA_S28E,WT,s2648/1BNIA/1BNIA_relaxed.pdb,0
s2648,1BNIA_S28E,Mut,s2648/1BNIA/1BNIA_S28E_relaxed.pdb,0
s2648,1BNIA_S28A,WT,s2648/1BNIA/1BNIA_relaxed.pdb,0
s2648,1BNIA_S28A,Mut,s2648/1BNIA/1BNIA_S28A_relaxed.pdb,0
s2648,1BNIA_S28G,WT,s2648/1BNIA/1BNIA_relaxed.pdb,0
s2648,1BNIA_S28G,Mut,s2648/1BNIA/1BNIA_S28G_relaxed.pdb,0
s2648,1BNIA_E29A,WT,s2648/1BNIA/1BNIA_relaxed.pdb,0
s2648,1BNIA_E29A,Mut,s2648/1BNIA/1BNIA_E29A_relaxed.pdb,0
s2648,1BNIA_E29Q,WT,s2648/1BNIA/1BNIA_relaxed.pdb,0
s2648,1BNIA_E29Q,Mut,s2648/1BNIA/1BNIA_E29Q_relaxed.pdb,0
s2648,1BNIA_E29G,WT,s2648/1BNIA/1BNIA_relaxed.pdb,0
s2648,1BNIA_E29G,Mut,s2648/1BNIA/1BNIA_E29G_relaxed.pdb,0
s2648,1BNIA_E29S,WT,s2648/1BNIA/1BNIA_relaxed.pdb,0
s2648,1BNIA_E29S,Mut,s2648/1BNIA/1BNIA_E29S_relaxed.pdb,0
s2648,1BNIA_Q31A,WT,s2648/1BNIA/1BNIA_relaxed.pdb,0
s2648,1BNIA_Q31A,Mut,s2648/1BNIA/1BNIA_Q31A_relaxed.pdb,0
s2648,1BNIA_Q31S,WT,s2648/1BNIA/1BNIA_relaxed.pdb,0
s2648,1BNIA_Q31S,Mut,s2648/1BNIA/1BNIA_Q31S_relaxed.pdb,0
s2648,1BNIA_Q31G,WT,s2648/1BNIA/1BNIA_relaxed.pdb,0
s2648,1BNIA_Q31G,Mut,s2648/1BNIA/1BNIA_Q31G_relaxed.pdb,0
s2648,1BNIA_A32D,WT,s2648/1BNIA/1BNIA_relaxed.pdb,0
s2648,1BNIA_A32D,Mut,s2648/1BNIA/1BNIA_A32D_relaxed.pdb,0
s2648,1BNIA_A32F,WT,s2648/1BNIA/1BNIA_relaxed.pdb,0
s2648,1BNIA_A32F,Mut,s2648/1BNIA/1BNIA_A32F_relaxed.pdb,0
s2648,1BNIA_A32H,WT,s2648/1BNIA/1BNIA_relaxed.pdb,0
s2648,1BNIA_A32H,Mut,s2648/1BNIA/1BNIA_A32H_relaxed.pdb,0
s2648,1BNIA_A32K,WT,s2648/1BNIA/1BNIA_relaxed.pdb,0
s2648,1BNIA_A32K,Mut,s2648/1BNIA/1BNIA_A32K_relaxed.pdb,0
s2648,1BNIA_A32M,WT,s2648/1BNIA/1BNIA_relaxed.pdb,0
s2648,1BNIA_A32M,Mut,s2648/1BNIA/1BNIA_A32M_relaxed.pdb,0
s2648,1BNIA_A32Q,WT,s2648/1BNIA/1BNIA_relaxed.pdb,0
s2648,1BNIA_A32Q,Mut,s2648/1BNIA/1BNIA_A32Q_relaxed.pdb,0
s2648,1BNIA_A32S,WT,s2648/1BNIA/1BNIA_relaxed.pdb,0
s2648,1BNIA_A32S,Mut,s2648/1BNIA/1BNIA_A32S_relaxed.pdb,0
s2648,1BNIA_A32V,WT,s2648/1BNIA/1BNIA_relaxed.pdb,0
s2648,1BNIA_A32V,Mut,s2648/1BNIA/1BNIA_A32V_relaxed.pdb,0
s2648,1BNIA_A32Y,WT,s2648/1BNIA/1BNIA_relaxed.pdb,0
s2648,1BNIA_A32Y,Mut,s2648/1BNIA/1BNIA_A32Y_relaxed.pdb,0
s2648,1BNIA_A32C,WT,s2648/1BNIA/1BNIA_relaxed.pdb,0
s2648,1BNIA_A32C,Mut,s2648/1BNIA/1BNIA_A32C_relaxed.pdb,0
s2648,1BNIA_A32E,WT,s2648/1BNIA/1BNIA_relaxed.pdb,0
s2648,1BNIA_A32E,Mut,s2648/1BNIA/1BNIA_A32E_relaxed.pdb,0
s2648,1BNIA_A32G,WT,s2648/1BNIA/1BNIA_relaxed.pdb,0
s2648,1BNIA_A32G,Mut,s2648/1BNIA/1BNIA_A32G_relaxed.pdb,0
s2648,1BNIA_A32I,WT,s2648/1BNIA/1BNIA_relaxed.pdb,0
s2648,1BNIA_A32I,Mut,s2648/1BNIA/1BNIA_A32I_relaxed.pdb,0
s2648,1BNIA_A32L,WT,s2648/1BNIA/1BNIA_relaxed.pdb,0
s2648,1BNIA_A32L,Mut,s2648/1BNIA/1BNIA_A32L_relaxed.pdb,0
s2648,1BNIA_A32N,WT,s2648/1BNIA/1BNIA_relaxed.pdb,0
s2648,1BNIA_A32N,Mut,s2648/1BNIA/1BNIA_A32N_relaxed.pdb,0
s2648,1BNIA_A32R,WT,s2648/1BNIA/1BNIA_relaxed.pdb,0
s2648,1BNIA_A32R,Mut,s2648/1BNIA/1BNIA_A32R_relaxed.pdb,0
s2648,1BNIA_A32T,WT,s2648/1BNIA/1BNIA_relaxed.pdb,0
s2648,1BNIA_A32T,Mut,s2648/1BNIA/1BNIA_A32T_relaxed.pdb,0
s2648,1BNIA_A32W,WT,s2648/1BNIA/1BNIA_relaxed.pdb,0
s2648,1BNIA_A32W,Mut,s2648/1BNIA/1BNIA_A32W_relaxed.pdb,0
s2648,1BNIA_L33Q,WT,s2648/1BNIA/1BNIA_relaxed.pdb,0
s2648,1BNIA_L33Q,Mut,s2648/1BNIA/1BNIA_L33Q_relaxed.pdb,0
s2648,1BNIA_G34A,WT,s2648/1BNIA/1BNIA_relaxed.pdb,0
s2648,1BNIA_G34A,Mut,s2648/1BNIA/1BNIA_G34A_relaxed.pdb,0
s2648,1BNIA_G34H,WT,s2648/1BNIA/1BNIA_relaxed.pdb,0
s2648,1BNIA_G34H,Mut,s2648/1BNIA/1BNIA_G34H_relaxed.pdb,0
s2648,1BNIA_G34N,WT,s2648/1BNIA/1BNIA_relaxed.pdb,0
s2648,1BNIA_G34N,Mut,s2648/1BNIA/1BNIA_G34N_relaxed.pdb,0
s2648,1BNIA_G34S,WT,s2648/1BNIA/1BNIA_relaxed.pdb,0
s2648,1BNIA_G34S,Mut,s2648/1BNIA/1BNIA_G34S_relaxed.pdb,0
s2648,1BNIA_G34D,WT,s2648/1BNIA/1BNIA_relaxed.pdb,0
s2648,1BNIA_G34D,Mut,s2648/1BNIA/1BNIA_G34D_relaxed.pdb,0
s2648,1BNIA_G34K,WT,s2648/1BNIA/1BNIA_relaxed.pdb,0
s2648,1BNIA_G34K,Mut,s2648/1BNIA/1BNIA_G34K_relaxed.pdb,0
s2648,1BNIA_G34R,WT,s2648/1BNIA/1BNIA_relaxed.pdb,0
s2648,1BNIA_G34R,Mut,s2648/1BNIA/1BNIA_G34R_relaxed.pdb,0
s2648,1BNIA_G34T,WT,s2648/1BNIA/1BNIA_relaxed.pdb,0
s2648,1BNIA_G34T,Mut,s2648/1BNIA/1BNIA_G34T_relaxed.pdb,0
s2648,1BNIA_V36A,WT,s2648/1BNIA/1BNIA_relaxed.pdb,0
s2648,1BNIA_V36A,Mut,s2648/1BNIA/1BNIA_V36A_relaxed.pdb,0
s2648,1BNIA_V36T,WT,s2648/1BNIA/1BNIA_relaxed.pdb,0
s2648,1BNIA_V36T,Mut,s2648/1BNIA/1BNIA_V36T_relaxed.pdb,0
s2648,1BNIA_N41D,WT,s2648/1BNIA/1BNIA_relaxed.pdb,0
s2648,1BNIA_N41D,Mut,s2648/1BNIA/1BNIA_N41D_relaxed.pdb,0
s2648,1BNIA_D44E,WT,s2648/1BNIA/1BNIA_relaxed.pdb,0
s2648,1BNIA_D44E,Mut,s2648/1BNIA/1BNIA_D44E_relaxed.pdb,0
s2648,1BNIA_V45A,WT,s2648/1BNIA/1BNIA_relaxed.pdb,0
s2648,1BNIA_V45A,Mut,s2648/1BNIA/1BNIA_V45A_relaxed.pdb,0
s2648,1BNIA_V45T,WT,s2648/1BNIA/1BNIA_relaxed.pdb,0
s2648,1BNIA_V45T,Mut,s2648/1BNIA/1BNIA_V45T_relaxed.pdb,0
s2648,1BNIA_I51A,WT,s2648/1BNIA/1BNIA_relaxed.pdb,0
s2648,1BNIA_I51A,Mut,s2648/1BNIA/1BNIA_I51A_relaxed.pdb,0
s2648,1BNIA_I51V,WT,s2648/1BNIA/1BNIA_relaxed.pdb,0
s2648,1BNIA_I51V,Mut,s2648/1BNIA/1BNIA_I51V_relaxed.pdb,0
s2648,1BNIA_G53A,WT,s2648/1BNIA/1BNIA_relaxed.pdb,0
s2648,1BNIA_G53A,Mut,s2648/1BNIA/1BNIA_G53A_relaxed.pdb,0
s2648,1BNIA_D54N,WT,s2648/1BNIA/1BNIA_relaxed.pdb,0
s2648,1BNIA_D54N,Mut,s2648/1BNIA/1BNIA_D54N_relaxed.pdb,0
s2648,1BNIA_D54A,WT,s2648/1BNIA/1BNIA_relaxed.pdb,0
s2648,1BNIA_D54A,Mut,s2648/1BNIA/1BNIA_D54A_relaxed.pdb,0
s2648,1BNIA_I55T,WT,s2648/1BNIA/1BNIA_relaxed.pdb,0
s2648,1BNIA_I55T,Mut,s2648/1BNIA/1BNIA_I55T_relaxed.pdb,0
s2648,1BNIA_I55A,WT,s2648/1BNIA/1BNIA_relaxed.pdb,0
s2648,1BNIA_I55A,Mut,s2648/1BNIA/1BNIA_I55A_relaxed.pdb,0
s2648,1BNIA_I55V,WT,s2648/1BNIA/1BNIA_relaxed.pdb,0
s2648,1BNIA_I55V,Mut,s2648/1BNIA/1BNIA_I55V_relaxed.pdb,0
s2648,1BNIA_S57A,WT,s2648/1BNIA/1BNIA_relaxed.pdb,0
s2648,1BNIA_S57A,Mut,s2648/1BNIA/1BNIA_S57A_relaxed.pdb,0
s2648,1BNIA_N58D,WT,s2648/1BNIA/1BNIA_relaxed.pdb,0
s2648,1BNIA_N58D,Mut,s2648/1BNIA/1BNIA_N58D_relaxed.pdb,0
s2648,1BNIA_N58A,WT,s2648/1BNIA/1BNIA_relaxed.pdb,0
s2648,1BNIA_N58A,Mut,s2648/1BNIA/1BNIA_N58A_relaxed.pdb,0
s2648,1BNIA_R59A,WT,s2648/1BNIA/1BNIA_relaxed.pdb,0
s2648,1BNIA_R59A,Mut,s2648/1BNIA/1BNIA_R59A_relaxed.pdb,0
s2648,1BNIA_K62R,WT,s2648/1BNIA/1BNIA_relaxed.pdb,0
s2648,1BNIA_K62R,Mut,s2648/1BNIA/1BNIA_K62R_relaxed.pdb,0
s2648,1BNIA_G65S,WT,s2648/1BNIA/1BNIA_relaxed.pdb,0
s2648,1BNIA_G65S,Mut,s2648/1BNIA/1BNIA_G65S_relaxed.pdb,0
s2648,1BNIA_K66A,WT,s2648/1BNIA/1BNIA_relaxed.pdb,0
s2648,1BNIA_K66A,Mut,s2648/1BNIA/1BNIA_K66A_relaxed.pdb,0
s2648,1BNIA_R69M,WT,s2648/1BNIA/1BNIA_relaxed.pdb,0
s2648,1BNIA_R69M,Mut,s2648/1BNIA/1BNIA_R69M_relaxed.pdb,0
s2648,1BNIA_R69K,WT,s2648/1BNIA/1BNIA_relaxed.pdb,0
s2648,1BNIA_R69K,Mut,s2648/1BNIA/1BNIA_R69K_relaxed.pdb,0
s2648,1BNIA_R69S,WT,s2648/1BNIA/1BNIA_relaxed.pdb,0
s2648,1BNIA_R69S,Mut,s2648/1BNIA/1BNIA_R69S_relaxed.pdb,0
s2648,1BNIA_E73A,WT,s2648/1BNIA/1BNIA_relaxed.pdb,0
s2648,1BNIA_E73A,Mut,s2648/1BNIA/1BNIA_E73A_relaxed.pdb,0
s2648,1BNIA_E73Q,WT,s2648/1BNIA/1BNIA_relaxed.pdb,0
s2648,1BNIA_E73Q,Mut,s2648/1BNIA/1BNIA_E73Q_relaxed.pdb,0
s2648,1BNIA_E73F,WT,s2648/1BNIA/1BNIA_relaxed.pdb,0
s2648,1BNIA_E73F,Mut,s2648/1BNIA/1BNIA_E73F_relaxed.pdb,0
s2648,1BNIA_E73W,WT,s2648/1BNIA/1BNIA_relaxed.pdb,0
s2648,1BNIA_E73W,Mut,s2648/1BNIA/1BNIA_E73W_relaxed.pdb,0
s2648,1BNIA_I76A,WT,s2648/1BNIA/1BNIA_relaxed.pdb,0
s2648,1BNIA_I76A,Mut,s2648/1BNIA/1BNIA_I76A_relaxed.pdb,0
s2648,1BNIA_I76V,WT,s2648/1BNIA/1BNIA_relaxed.pdb,0
s2648,1BNIA_I76V,Mut,s2648/1BNIA/1BNIA_I76V_relaxed.pdb,0
s2648,1BNIA_I76T,WT,s2648/1BNIA/1BNIA_relaxed.pdb,0
s2648,1BNIA_I76T,Mut,s2648/1BNIA/1BNIA_I76T_relaxed.pdb,0
s2648,1BNIA_N77A,WT,s2648/1BNIA/1BNIA_relaxed.pdb,0
s2648,1BNIA_N77A,Mut,s2648/1BNIA/1BNIA_N77A_relaxed.pdb,0
s2648,1BNIA_Y78F,WT,s2648/1BNIA/1BNIA_relaxed.pdb,0
s2648,1BNIA_Y78F,Mut,s2648/1BNIA/1BNIA_Y78F_relaxed.pdb,0
s2648,1BNIA_T79V,WT,s2648/1BNIA/1BNIA_relaxed.pdb,0
s2648,1BNIA_T79V,Mut,s2648/1BNIA/1BNIA_T79V_relaxed.pdb,0
s2648,1BNIA_R83K,WT,s2648/1BNIA/1BNIA_relaxed.pdb,0
s2648,1BNIA_R83K,Mut,s2648/1BNIA/1BNIA_R83K_relaxed.pdb,0
s2648,1BNIA_R83Q,WT,s2648/1BNIA/1BNIA_relaxed.pdb,0
s2648,1BNIA_R83Q,Mut,s2648/1BNIA/1BNIA_R83Q_relaxed.pdb,0
s2648,1BNIA_N84A,WT,s2648/1BNIA/1BNIA_relaxed.pdb,0
s2648,1BNIA_N84A,Mut,s2648/1BNIA/1BNIA_N84A_relaxed.pdb,0
s2648,1BNIA_S85A,WT,s2648/1BNIA/1BNIA_relaxed.pdb,0
s2648,1BNIA_S85A,Mut,s2648/1BNIA/1BNIA_S85A_relaxed.pdb,0
s2648,1BNIA_I88V,WT,s2648/1BNIA/1BNIA_relaxed.pdb,0
s2648,1BNIA_I88V,Mut,s2648/1BNIA/1BNIA_I88V_relaxed.pdb,0
s2648,1BNIA_I88L,WT,s2648/1BNIA/1BNIA_relaxed.pdb,0
s2648,1BNIA_I88L,Mut,s2648/1BNIA/1BNIA_I88L_relaxed.pdb,0
s2648,1BNIA_L89V,WT,s2648/1BNIA/1BNIA_relaxed.pdb,0
s2648,1BNIA_L89V,Mut,s2648/1BNIA/1BNIA_L89V_relaxed.pdb,0
s2648,1BNIA_L89T,WT,s2648/1BNIA/1BNIA_relaxed.pdb,0
s2648,1BNIA_L89T,Mut,s2648/1BNIA/1BNIA_L89T_relaxed.pdb,0
s2648,1BNIA_S91A,WT,s2648/1BNIA/1BNIA_relaxed.pdb,0
s2648,1BNIA_S91A,Mut,s2648/1BNIA/1BNIA_S91A_relaxed.pdb,0
s2648,1BNIA_S92A,WT,s2648/1BNIA/1BNIA_relaxed.pdb,0
s2648,1BNIA_S92A,Mut,s2648/1BNIA/1BNIA_S92A_relaxed.pdb,0
s2648,1BNIA_D93N,WT,s2648/1BNIA/1BNIA_relaxed.pdb,0
s2648,1BNIA_D93N,Mut,s2648/1BNIA/1BNIA_D93N_relaxed.pdb,0
s2648,1BNIA_W94F,WT,s2648/1BNIA/1BNIA_relaxed.pdb,0
s2648,1BNIA_W94F,Mut,s2648/1BNIA/1BNIA_W94F_relaxed.pdb,0
s2648,1BNIA_W94Y,WT,s2648/1BNIA/1BNIA_relaxed.pdb,0
s2648,1BNIA_W94Y,Mut,s2648/1BNIA/1BNIA_W94Y_relaxed.pdb,0
s2648,1BNIA_W94L,WT,s2648/1BNIA/1BNIA_relaxed.pdb,0
s2648,1BNIA_W94L,Mut,s2648/1BNIA/1BNIA_W94L_relaxed.pdb,0
s2648,1BNIA_I96V,WT,s2648/1BNIA/1BNIA_relaxed.pdb,0
s2648,1BNIA_I96V,Mut,s2648/1BNIA/1BNIA_I96V_relaxed.pdb,0
s2648,1BNIA_I96A,WT,s2648/1BNIA/1BNIA_relaxed.pdb,0
s2648,1BNIA_I96A,Mut,s2648/1BNIA/1BNIA_I96A_relaxed.pdb,0
s2648,1BNIA_T99V,WT,s2648/1BNIA/1BNIA_relaxed.pdb,0
s2648,1BNIA_T99V,Mut,s2648/1BNIA/1BNIA_T99V_relaxed.pdb,0
s2648,1BNIA_H102A,WT,s2648/1BNIA/1BNIA_relaxed.pdb,0
s2648,1BNIA_H102A,Mut,s2648/1BNIA/1BNIA_H102A_relaxed.pdb,0
s2648,1BNIA_Y103F,WT,s2648/1BNIA/1BNIA_relaxed.pdb,0
s2648,1BNIA_Y103F,Mut,s2648/1BNIA/1BNIA_Y103F_relaxed.pdb,0
s2648,1BNIA_Q104A,WT,s2648/1BNIA/1BNIA_relaxed.pdb,0
s2648,1BNIA_Q104A,Mut,s2648/1BNIA/1BNIA_Q104A_relaxed.pdb,0
s2648,1BNIA_T105V,WT,s2648/1BNIA/1BNIA_relaxed.pdb,0
s2648,1BNIA_T105V,Mut,s2648/1BNIA/1BNIA_T105V_relaxed.pdb,0
s2648,1BNIA_K108R,WT,s2648/1BNIA/1BNIA_relaxed.pdb,0
s2648,1BNIA_K108R,Mut,s2648/1BNIA/1BNIA_K108R_relaxed.pdb,0
s2648,1BNIA_I109V,WT,s2648/1BNIA/1BNIA_relaxed.pdb,0
s2648,1BNIA_I109V,Mut,s2648/1BNIA/1BNIA_I109V_relaxed.pdb,0
s2648,1BNIA_I109A,WT,s2648/1BNIA/1BNIA_relaxed.pdb,0
s2648,1BNIA_I109A,Mut,s2648/1BNIA/1BNIA_I109A_relaxed.pdb,0
s2648,1BNIA_R110A,WT,s2648/1BNIA/1BNIA_relaxed.pdb,0
s2648,1BNIA_R110A,Mut,s2648/1BNIA/1BNIA_R110A_relaxed.pdb,0
s2648,1BOYA_R200W,WT,s2648/1BOYA/1BOYA_relaxed.pdb,0
s2648,1BOYA_R200W,Mut,s2648/1BOYA/1BOYA_R200W_relaxed.pdb,0
s2648,1BTAA_K21Q,WT,s2648/1BTAA/1BTAA_relaxed.pdb,0
s2648,1BTAA_K21Q,Mut,s2648/1BTAA/1BTAA_K21Q_relaxed.pdb,0
s2648,1BTAA_K21A,WT,s2648/1BTAA/1BTAA_relaxed.pdb,0
s2648,1BTAA_K21A,Mut,s2648/1BTAA/1BTAA_K21A_relaxed.pdb,0
s2648,1BTAA_K22Q,WT,s2648/1BTAA/1BTAA_relaxed.pdb,0
s2648,1BTAA_K22Q,Mut,s2648/1BTAA/1BTAA_K22Q_relaxed.pdb,0
s2648,1BTAA_C40A,WT,s2648/1BTAA/1BTAA_relaxed.pdb,0
s2648,1BTAA_C40A,Mut,s2648/1BTAA/1BTAA_C40A_relaxed.pdb,0
s2648,1BTAA_E57K,WT,s2648/1BTAA/1BTAA_relaxed.pdb,0
s2648,1BTAA_E57K,Mut,s2648/1BTAA/1BTAA_E57K_relaxed.pdb,0
s2648,1BTAA_K60E,WT,s2648/1BTAA/1BTAA_relaxed.pdb,0
s2648,1BTAA_K60E,Mut,s2648/1BTAA/1BTAA_K60E_relaxed.pdb,0
s2648,1BTAA_K60L,WT,s2648/1BTAA/1BTAA_relaxed.pdb,0
s2648,1BTAA_K60L,Mut,s2648/1BTAA/1BTAA_K60L_relaxed.pdb,0
s2648,1BTAA_R75L,WT,s2648/1BTAA/1BTAA_relaxed.pdb,0
s2648,1BTAA_R75L,Mut,s2648/1BTAA/1BTAA_R75L_relaxed.pdb,0
s2648,1BTAA_R75Q,WT,s2648/1BTAA/1BTAA_relaxed.pdb,0
s2648,1BTAA_R75Q,Mut,s2648/1BTAA/1BTAA_R75Q_relaxed.pdb,0
s2648,1BTAA_K78A,WT,s2648/1BTAA/1BTAA_relaxed.pdb,0
s2648,1BTAA_K78A,Mut,s2648/1BTAA/1BTAA_K78A_relaxed.pdb,0
s2648,1BTAA_K78Q,WT,s2648/1BTAA/1BTAA_relaxed.pdb,0
s2648,1BTAA_K78Q,Mut,s2648/1BTAA/1BTAA_K78Q_relaxed.pdb,0
s2648,1BTAA_C82A,WT,s2648/1BTAA/1BTAA_relaxed.pdb,0
s2648,1BTAA_C82A,Mut,s2648/1BTAA/1BTAA_C82A_relaxed.pdb,0
s2648,1BVCA_W7F,WT,s2648/1BVCA/1BVCA_relaxed.pdb,0
s2648,1BVCA_W7F,Mut,s2648/1BVCA/1BVCA_W7F_relaxed.pdb,0
s2648,1BVCA_W14F,WT,s2648/1BVCA/1BVCA_relaxed.pdb,0
s2648,1BVCA_W14F,Mut,s2648/1BVCA/1BVCA_W14F_relaxed.pdb,0
s2648,1BVCA_H24V,WT,s2648/1BVCA/1BVCA_relaxed.pdb,0
s2648,1BVCA_H24V,Mut,s2648/1BVCA/1BVCA_H24V_relaxed.pdb,0
s2648,1BVCA_I28A,WT,s2648/1BVCA/1BVCA_relaxed.pdb,0
s2648,1BVCA_I28A,Mut,s2648/1BVCA/1BVCA_I28A_relaxed.pdb,0
s2648,1BVCA_I28M,WT,s2648/1BVCA/1BVCA_relaxed.pdb,0
s2648,1BVCA_I28M,Mut,s2648/1BVCA/1BVCA_I28M_relaxed.pdb,0
s2648,1BVCA_I28L,WT,s2648/1BVCA/1BVCA_relaxed.pdb,0
s2648,1BVCA_I28L,Mut,s2648/1BVCA/1BVCA_I28L_relaxed.pdb,0
s2648,1BVCA_I28V,WT,s2648/1BVCA/1BVCA_relaxed.pdb,0
s2648,1BVCA_I28V,Mut,s2648/1BVCA/1BVCA_I28V_relaxed.pdb,0
s2648,1BVCA_L29A,WT,s2648/1BVCA/1BVCA_relaxed.pdb,0
s2648,1BVCA_L29A,Mut,s2648/1BVCA/1BVCA_L29A_relaxed.pdb,0
s2648,1BVCA_L29M,WT,s2648/1BVCA/1BVCA_relaxed.pdb,0
s2648,1BVCA_L29M,Mut,s2648/1BVCA/1BVCA_L29M_relaxed.pdb,0
s2648,1BVCA_L29I,WT,s2648/1BVCA/1BVCA_relaxed.pdb,0
s2648,1BVCA_L29I,Mut,s2648/1BVCA/1BVCA_L29I_relaxed.pdb,0
s2648,1BVCA_L29V,WT,s2648/1BVCA/1BVCA_relaxed.pdb,0
s2648,1BVCA_L29V,Mut,s2648/1BVCA/1BVCA_L29V_relaxed.pdb,0
s2648,1BVCA_I30A,WT,s2648/1BVCA/1BVCA_relaxed.pdb,0
s2648,1BVCA_I30A,Mut,s2648/1BVCA/1BVCA_I30A_relaxed.pdb,0
s2648,1BVCA_L32A,WT,s2648/1BVCA/1BVCA_relaxed.pdb,0
s2648,1BVCA_L32A,Mut,s2648/1BVCA/1BVCA_L32A_relaxed.pdb,0
s2648,1BVCA_H36Q,WT,s2648/1BVCA/1BVCA_relaxed.pdb,0
s2648,1BVCA_H36Q,Mut,s2648/1BVCA/1BVCA_H36Q_relaxed.pdb,0
s2648,1BVCA_H48Q,WT,s2648/1BVCA/1BVCA_relaxed.pdb,0
s2648,1BVCA_H48Q,Mut,s2648/1BVCA/1BVCA_H48Q_relaxed.pdb,0
s2648,1BVCA_L49I,WT,s2648/1BVCA/1BVCA_relaxed.pdb,0
s2648,1BVCA_L49I,Mut,s2648/1BVCA/1BVCA_L49I_relaxed.pdb,0
s2648,1BVCA_H64Q,WT,s2648/1BVCA/1BVCA_relaxed.pdb,0
s2648,1BVCA_H64Q,Mut,s2648/1BVCA/1BVCA_H64Q_relaxed.pdb,0
s2648,1BVCA_V68T,WT,s2648/1BVCA/1BVCA_relaxed.pdb,0
s2648,1BVCA_V68T,Mut,s2648/1BVCA/1BVCA_V68T_relaxed.pdb,0
s2648,1BVCA_L69I,WT,s2648/1BVCA/1BVCA_relaxed.pdb,0
s2648,1BVCA_L69I,Mut,s2648/1BVCA/1BVCA_L69I_relaxed.pdb,0
s2648,1BVCA_L69V,WT,s2648/1BVCA/1BVCA_relaxed.pdb,0
s2648,1BVCA_L69V,Mut,s2648/1BVCA/1BVCA_L69V_relaxed.pdb,0
s2648,1BVCA_L69A,WT,s2648/1BVCA/1BVCA_relaxed.pdb,0
s2648,1BVCA_L69A,Mut,s2648/1BVCA/1BVCA_L69A_relaxed.pdb,0
s2648,1BVCA_L69M,WT,s2648/1BVCA/1BVCA_relaxed.pdb,0
s2648,1BVCA_L69M,Mut,s2648/1BVCA/1BVCA_L69M_relaxed.pdb,0
s2648,1BVCA_H82Q,WT,s2648/1BVCA/1BVCA_relaxed.pdb,0
s2648,1BVCA_H82Q,Mut,s2648/1BVCA/1BVCA_H82Q_relaxed.pdb,0
s2648,1BVCA_H93G,WT,s2648/1BVCA/1BVCA_relaxed.pdb,0
s2648,1BVCA_H93G,Mut,s2648/1BVCA/1BVCA_H93G_relaxed.pdb,0
s2648,1BVCA_I111L,WT,s2648/1BVCA/1BVCA_relaxed.pdb,0
s2648,1BVCA_I111L,Mut,s2648/1BVCA/1BVCA_I111L_relaxed.pdb,0
s2648,1BVCA_I111A,WT,s2648/1BVCA/1BVCA_relaxed.pdb,0
s2648,1BVCA_I111A,Mut,s2648/1BVCA/1BVCA_I111A_relaxed.pdb,0
s2648,1BVCA_I111M,WT,s2648/1BVCA/1BVCA_relaxed.pdb,0
s2648,1BVCA_I111M,Mut,s2648/1BVCA/1BVCA_I111M_relaxed.pdb,0
s2648,1BVCA_H113Q,WT,s2648/1BVCA/1BVCA_relaxed.pdb,0
s2648,1BVCA_H113Q,Mut,s2648/1BVCA/1BVCA_H113Q_relaxed.pdb,0
s2648,1BVCA_H119F,WT,s2648/1BVCA/1BVCA_relaxed.pdb,0
s2648,1BVCA_H119F,Mut,s2648/1BVCA/1BVCA_H119F_relaxed.pdb,0
s2648,1BVCA_F123K,WT,s2648/1BVCA/1BVCA_relaxed.pdb,0
s2648,1BVCA_F123K,Mut,s2648/1BVCA/1BVCA_F123K_relaxed.pdb,0
s2648,1BVCA_F123T,WT,s2648/1BVCA/1BVCA_relaxed.pdb,0
s2648,1BVCA_F123T,Mut,s2648/1BVCA/1BVCA_F123T_relaxed.pdb,0
s2648,1BVCA_A130K,WT,s2648/1BVCA/1BVCA_relaxed.pdb,0
s2648,1BVCA_A130K,Mut,s2648/1BVCA/1BVCA_A130K_relaxed.pdb,0
s2648,1BVCA_A130L,WT,s2648/1BVCA/1BVCA_relaxed.pdb,0
s2648,1BVCA_A130L,Mut,s2648/1BVCA/1BVCA_A130L_relaxed.pdb,0
s2648,1BVCA_M131A,WT,s2648/1BVCA/1BVCA_relaxed.pdb,0
s2648,1BVCA_M131A,Mut,s2648/1BVCA/1BVCA_M131A_relaxed.pdb,0
s2648,1BVCA_L135M,WT,s2648/1BVCA/1BVCA_relaxed.pdb,0
s2648,1BVCA_L135M,Mut,s2648/1BVCA/1BVCA_L135M_relaxed.pdb,0
s2648,1BVCA_L135I,WT,s2648/1BVCA/1BVCA_relaxed.pdb,0
s2648,1BVCA_L135I,Mut,s2648/1BVCA/1BVCA_L135I_relaxed.pdb,0
s2648,1BVCA_L135V,WT,s2648/1BVCA/1BVCA_relaxed.pdb,0
s2648,1BVCA_L135V,Mut,s2648/1BVCA/1BVCA_L135V_relaxed.pdb,0
s2648,1BVCA_I142A,WT,s2648/1BVCA/1BVCA_relaxed.pdb,0
s2648,1BVCA_I142A,Mut,s2648/1BVCA/1BVCA_I142A_relaxed.pdb,0
s2648,1BVCA_I142M,WT,s2648/1BVCA/1BVCA_relaxed.pdb,0
s2648,1BVCA_I142M,Mut,s2648/1BVCA/1BVCA_I142M_relaxed.pdb,0
s2648,1BVCA_I142L,WT,s2648/1BVCA/1BVCA_relaxed.pdb,0
s2648,1BVCA_I142L,Mut,s2648/1BVCA/1BVCA_I142L_relaxed.pdb,0
s2648,1BVCA_I142V,WT,s2648/1BVCA/1BVCA_relaxed.pdb,0
s2648,1BVCA_I142V,Mut,s2648/1BVCA/1BVCA_I142V_relaxed.pdb,0
s2648,1C9OA_Q2L,WT,s2648/1C9OA/1C9OA_relaxed.pdb,0
s2648,1C9OA_Q2L,Mut,s2648/1C9OA/1C9OA_Q2L_relaxed.pdb,0
s2648,1C9OA_R3A,WT,s2648/1C9OA/1C9OA_relaxed.pdb,0
s2648,1C9OA_R3A,Mut,s2648/1C9OA/1C9OA_R3A_relaxed.pdb,0
s2648,1C9OA_R3E,WT,s2648/1C9OA/1C9OA_relaxed.pdb,0
s2648,1C9OA_R3E,Mut,s2648/1C9OA/1C9OA_R3E_relaxed.pdb,0
s2648,1C9OA_R3L,WT,s2648/1C9OA/1C9OA_relaxed.pdb,0
s2648,1C9OA_R3L,Mut,s2648/1C9OA/1C9OA_R3L_relaxed.pdb,0
s2648,1C9OA_R3K,WT,s2648/1C9OA/1C9OA_relaxed.pdb,0
s2648,1C9OA_R3K,Mut,s2648/1C9OA/1C9OA_R3K_relaxed.pdb,0
s2648,1C9OA_N11S,WT,s2648/1C9OA/1C9OA_relaxed.pdb,0
s2648,1C9OA_N11S,Mut,s2648/1C9OA/1C9OA_N11S_relaxed.pdb,0
s2648,1C9OA_E12K,WT,s2648/1C9OA/1C9OA_relaxed.pdb,0
s2648,1C9OA_E12K,Mut,s2648/1C9OA/1C9OA_E12K_relaxed.pdb,0
s2648,1C9OA_Y15F,WT,s2648/1C9OA/1C9OA_relaxed.pdb,0
s2648,1C9OA_Y15F,Mut,s2648/1C9OA/1C9OA_Y15F_relaxed.pdb,0
s2648,1C9OA_E21A,WT,s2648/1C9OA/1C9OA_relaxed.pdb,0
s2648,1C9OA_E21A,Mut,s2648/1C9OA/1C9OA_E21A_relaxed.pdb,0
s2648,1C9OA_E21K,WT,s2648/1C9OA/1C9OA_relaxed.pdb,0
s2648,1C9OA_E21K,Mut,s2648/1C9OA/1C9OA_E21K_relaxed.pdb,0
s2648,1C9OA_G23Q,WT,s2648/1C9OA/1C9OA_relaxed.pdb,0
s2648,1C9OA_G23Q,Mut,s2648/1C9OA/1C9OA_G23Q_relaxed.pdb,0
s2648,1C9OA_S24D,WT,s2648/1C9OA/1C9OA_relaxed.pdb,0
s2648,1C9OA_S24D,Mut,s2648/1C9OA/1C9OA_S24D_relaxed.pdb,0
s2648,1C9OA_H29E,WT,s2648/1C9OA/1C9OA_relaxed.pdb,0
s2648,1C9OA_H29E,Mut,s2648/1C9OA/1C9OA_H29E_relaxed.pdb,0
s2648,1C9OA_T31S,WT,s2648/1C9OA/1C9OA_relaxed.pdb,0
s2648,1C9OA_T31S,Mut,s2648/1C9OA/1C9OA_T31S_relaxed.pdb,0
s2648,1C9OA_E36K,WT,s2648/1C9OA/1C9OA_relaxed.pdb,0
s2648,1C9OA_E36K,Mut,s2648/1C9OA/1C9OA_E36K_relaxed.pdb,0
s2648,1C9OA_F38W,WT,s2648/1C9OA/1C9OA_relaxed.pdb,0
s2648,1C9OA_F38W,Mut,s2648/1C9OA/1C9OA_F38W_relaxed.pdb,0
s2648,1C9OA_E46A,WT,s2648/1C9OA/1C9OA_relaxed.pdb,0
s2648,1C9OA_E46A,Mut,s2648/1C9OA/1C9OA_E46A_relaxed.pdb,0
s2648,1C9OA_E46K,WT,s2648/1C9OA/1C9OA_relaxed.pdb,0
s2648,1C9OA_E46K,Mut,s2648/1C9OA/1C9OA_E46K_relaxed.pdb,0
s2648,1C9OA_E50K,WT,s2648/1C9OA/1C9OA_relaxed.pdb,0
s2648,1C9OA_E50K,Mut,s2648/1C9OA/1C9OA_E50K_relaxed.pdb,0
s2648,1C9OA_E50W,WT,s2648/1C9OA/1C9OA_relaxed.pdb,0
s2648,1C9OA_E50W,Mut,s2648/1C9OA/1C9OA_E50W_relaxed.pdb,0
s2648,1C9OA_Q53E,WT,s2648/1C9OA/1C9OA_relaxed.pdb,0
s2648,1C9OA_Q53E,Mut,s2648/1C9OA/1C9OA_Q53E_relaxed.pdb,0
s2648,1C9OA_N55K,WT,s2648/1C9OA/1C9OA_relaxed.pdb,0
s2648,1C9OA_N55K,Mut,s2648/1C9OA/1C9OA_N55K_relaxed.pdb,0
s2648,1C9OA_R56E,WT,s2648/1C9OA/1C9OA_relaxed.pdb,0
s2648,1C9OA_R56E,Mut,s2648/1C9OA/1C9OA_R56E_relaxed.pdb,0
s2648,1C9OA_V64T,WT,s2648/1C9OA/1C9OA_relaxed.pdb,0
s2648,1C9OA_V64T,Mut,s2648/1C9OA/1C9OA_V64T_relaxed.pdb,0
s2648,1C9OA_L66E,WT,s2648/1C9OA/1C9OA_relaxed.pdb,0
s2648,1C9OA_L66E,Mut,s2648/1C9OA/1C9OA_L66E_relaxed.pdb,0
s2648,1CAHA_W5F,WT,s2648/1CAHA/1CAHA_relaxed.pdb,0
s2648,1CAHA_W5F,Mut,s2648/1CAHA/1CAHA_W5F_relaxed.pdb,0
s2648,1CAHA_C206S,WT,s2648/1CAHA/1CAHA_relaxed.pdb,0
s2648,1CAHA_C206S,Mut,s2648/1CAHA/1CAHA_C206S_relaxed.pdb,0
s2648,1CEYA_D12A,WT,s2648/1CEYA/1CEYA_relaxed.pdb,0
s2648,1CEYA_D12A,Mut,s2648/1CEYA/1CEYA_D12A_relaxed.pdb,0
s2648,1CEYA_D13A,WT,s2648/1CEYA/1CEYA_relaxed.pdb,0
s2648,1CEYA_D13A,Mut,s2648/1CEYA/1CEYA_D13A_relaxed.pdb,0
s2648,1CEYA_F14N,WT,s2648/1CEYA/1CEYA_relaxed.pdb,0
s2648,1CEYA_F14N,Mut,s2648/1CEYA/1CEYA_F14N_relaxed.pdb,0
s2648,1CEYA_A48G,WT,s2648/1CEYA/1CEYA_relaxed.pdb,0
s2648,1CEYA_A48G,Mut,s2648/1CEYA/1CEYA_A48G_relaxed.pdb,0
s2648,1CEYA_D57A,WT,s2648/1CEYA/1CEYA_relaxed.pdb,0
s2648,1CEYA_D57A,Mut,s2648/1CEYA/1CEYA_D57A_relaxed.pdb,0
s2648,1CEYA_A74G,WT,s2648/1CEYA/1CEYA_relaxed.pdb,0
s2648,1CEYA_A74G,Mut,s2648/1CEYA/1CEYA_A74G_relaxed.pdb,0
s2648,1CEYA_A77G,WT,s2648/1CEYA/1CEYA_relaxed.pdb,0
s2648,1CEYA_A77G,Mut,s2648/1CEYA/1CEYA_A77G_relaxed.pdb,0
s2648,1CEYA_A80G,WT,s2648/1CEYA/1CEYA_relaxed.pdb,0
s2648,1CEYA_A80G,Mut,s2648/1CEYA/1CEYA_A80G_relaxed.pdb,0
s2648,1CEYA_A88G,WT,s2648/1CEYA/1CEYA_relaxed.pdb,0
s2648,1CEYA_A88G,Mut,s2648/1CEYA/1CEYA_A88G_relaxed.pdb,0
s2648,1CEYA_A90G,WT,s2648/1CEYA/1CEYA_relaxed.pdb,0
s2648,1CEYA_A90G,Mut,s2648/1CEYA/1CEYA_A90G_relaxed.pdb,0
s2648,1CEYA_A99G,WT,s2648/1CEYA/1CEYA_relaxed.pdb,0
s2648,1CEYA_A99G,Mut,s2648/1CEYA/1CEYA_A99G_relaxed.pdb,0
s2648,1CEYA_A101G,WT,s2648/1CEYA/1CEYA_relaxed.pdb,0
s2648,1CEYA_A101G,Mut,s2648/1CEYA/1CEYA_A101G_relaxed.pdb,0
s2648,1CEYA_A113G,WT,s2648/1CEYA/1CEYA_relaxed.pdb,0
s2648,1CEYA_A113G,Mut,s2648/1CEYA/1CEYA_A113G_relaxed.pdb,0
s2648,1CEYA_A114G,WT,s2648/1CEYA/1CEYA_relaxed.pdb,0
s2648,1CEYA_A114G,Mut,s2648/1CEYA/1CEYA_A114G_relaxed.pdb,0
s2648,1CHKA_W28F,WT,s2648/1CHKA/1CHKA_relaxed.pdb,0
s2648,1CHKA_W28F,Mut,s2648/1CHKA/1CHKA_W28F_relaxed.pdb,0
s2648,1CHKA_W101F,WT,s2648/1CHKA/1CHKA_relaxed.pdb,0
s2648,1CHKA_W101F,Mut,s2648/1CHKA/1CHKA_W101F_relaxed.pdb,0
s2648,1CHKA_W227F,WT,s2648/1CHKA/1CHKA_relaxed.pdb,0
s2648,1CHKA_W227F,Mut,s2648/1CHKA/1CHKA_W227F_relaxed.pdb,0
s2648,1CSEI_V14A,WT,s2648/1CSEI/1CSEI_relaxed.pdb,0
s2648,1CSEI_V14A,Mut,s2648/1CSEI/1CSEI_V14A_relaxed.pdb,0
s2648,1CSEI_V18A,WT,s2648/1CSEI/1CSEI_relaxed.pdb,0
s2648,1CSEI_V18A,Mut,s2648/1CSEI/1CSEI_V18A_relaxed.pdb,0
s2648,1CSEI_L27A,WT,s2648/1CSEI/1CSEI_relaxed.pdb,0
s2648,1CSEI_L27A,Mut,s2648/1CSEI/1CSEI_L27A_relaxed.pdb,0
s2648,1CSEI_V54A,WT,s2648/1CSEI/1CSEI_relaxed.pdb,0
s2648,1CSEI_V54A,Mut,s2648/1CSEI/1CSEI_V54A_relaxed.pdb,0
s2648,1CSEI_V62A,WT,s2648/1CSEI/1CSEI_relaxed.pdb,0
s2648,1CSEI_V62A,Mut,s2648/1CSEI/1CSEI_V62A_relaxed.pdb,0
s2648,1CSPA_M1R,WT,s2648/1CSPA/1CSPA_relaxed.pdb,0
s2648,1CSPA_M1R,Mut,s2648/1CSPA/1CSPA_M1R_relaxed.pdb,0
s2648,1CSPA_E3K,WT,s2648/1CSPA/1CSPA_relaxed.pdb,0
s2648,1CSPA_E3K,Mut,s2648/1CSPA/1CSPA_E3K_relaxed.pdb,0
s2648,1CSPA_E3Q,WT,s2648/1CSPA/1CSPA_relaxed.pdb,0
s2648,1CSPA_E3Q,Mut,s2648/1CSPA/1CSPA_E3Q_relaxed.pdb,0
s2648,1CSPA_E3L,WT,s2648/1CSPA/1CSPA_relaxed.pdb,0
s2648,1CSPA_E3L,Mut,s2648/1CSPA/1CSPA_E3L_relaxed.pdb,0
s2648,1CSPA_E3R,WT,s2648/1CSPA/1CSPA_relaxed.pdb,0
s2648,1CSPA_E3R,Mut,s2648/1CSPA/1CSPA_E3R_relaxed.pdb,0
s2648,1CSPA_N10D,WT,s2648/1CSPA/1CSPA_relaxed.pdb,0
s2648,1CSPA_N10D,Mut,s2648/1CSPA/1CSPA_N10D_relaxed.pdb,0
s2648,1CSPA_F15A,WT,s2648/1CSPA/1CSPA_relaxed.pdb,0
s2648,1CSPA_F15A,Mut,s2648/1CSPA/1CSPA_F15A_relaxed.pdb,0
s2648,1CSPA_F17A,WT,s2648/1CSPA/1CSPA_relaxed.pdb,0
s2648,1CSPA_F17A,Mut,s2648/1CSPA/1CSPA_F17A_relaxed.pdb,0
s2648,1CSPA_D25Q,WT,s2648/1CSPA/1CSPA_relaxed.pdb,0
s2648,1CSPA_D25Q,Mut,s2648/1CSPA/1CSPA_D25Q_relaxed.pdb,0
s2648,1CSPA_F27A,WT,s2648/1CSPA/1CSPA_relaxed.pdb,0
s2648,1CSPA_F27A,Mut,s2648/1CSPA/1CSPA_F27A_relaxed.pdb,0
s2648,1CSPA_F38A,WT,s2648/1CSPA/1CSPA_relaxed.pdb,0
s2648,1CSPA_F38A,Mut,s2648/1CSPA/1CSPA_F38A_relaxed.pdb,0
s2648,1CSPA_E43S,WT,s2648/1CSPA/1CSPA_relaxed.pdb,0
s2648,1CSPA_E43S,Mut,s2648/1CSPA/1CSPA_E43S_relaxed.pdb,0
s2648,1CSPA_A46K,WT,s2648/1CSPA/1CSPA_relaxed.pdb,0
s2648,1CSPA_A46K,Mut,s2648/1CSPA/1CSPA_A46K_relaxed.pdb,0
s2648,1CSPA_A46E,WT,s2648/1CSPA/1CSPA_relaxed.pdb,0
s2648,1CSPA_A46E,Mut,s2648/1CSPA/1CSPA_A46E_relaxed.pdb,0
s2648,1CSPA_S48R,WT,s2648/1CSPA/1CSPA_relaxed.pdb,0
s2648,1CSPA_S48R,Mut,s2648/1CSPA/1CSPA_S48R_relaxed.pdb,0
s2648,1CSPA_S48E,WT,s2648/1CSPA/1CSPA_relaxed.pdb,0
s2648,1CSPA_S48E,Mut,s2648/1CSPA/1CSPA_S48E_relaxed.pdb,0
s2648,1CSPA_E50Q,WT,s2648/1CSPA/1CSPA_relaxed.pdb,0
s2648,1CSPA_E50Q,Mut,s2648/1CSPA/1CSPA_E50Q_relaxed.pdb,0
s2648,1CSPA_R56Q,WT,s2648/1CSPA/1CSPA_relaxed.pdb,0
s2648,1CSPA_R56Q,Mut,s2648/1CSPA/1CSPA_R56Q_relaxed.pdb,0
s2648,1CSPA_K65I,WT,s2648/1CSPA/1CSPA_relaxed.pdb,0
s2648,1CSPA_K65I,Mut,s2648/1CSPA/1CSPA_K65I_relaxed.pdb,0
s2648,1CSPA_E66K,WT,s2648/1CSPA/1CSPA_relaxed.pdb,0
s2648,1CSPA_E66K,Mut,s2648/1CSPA/1CSPA_E66K_relaxed.pdb,0
s2648,1CSPA_E66L,WT,s2648/1CSPA/1CSPA_relaxed.pdb,0
s2648,1CSPA_E66L,Mut,s2648/1CSPA/1CSPA_E66L_relaxed.pdb,0
s2648,1CUNA_Q115A,WT,s2648/1CUNA/1CUNA_relaxed.pdb,0
s2648,1CUNA_Q115A,Mut,s2648/1CUNA/1CUNA_Q115A_relaxed.pdb,0
s2648,1CUNA_Q115G,WT,s2648/1CUNA/1CUNA_relaxed.pdb,0
s2648,1CUNA_Q115G,Mut,s2648/1CUNA/1CUNA_Q115G_relaxed.pdb,0
s2648,1CUNA_F117L,WT,s2648/1CUNA/1CUNA_relaxed.pdb,0
s2648,1CUNA_F117L,Mut,s2648/1CUNA/1CUNA_F117L_relaxed.pdb,0
s2648,1CUNA_A119G,WT,s2648/1CUNA/1CUNA_relaxed.pdb,0
s2648,1CUNA_A119G,Mut,s2648/1CUNA/1CUNA_A119G_relaxed.pdb,0
s2648,1CUNA_A126G,WT,s2648/1CUNA/1CUNA_relaxed.pdb,0
s2648,1CUNA_A126G,Mut,s2648/1CUNA/1CUNA_A126G_relaxed.pdb,0
s2648,1CUNA_I128V,WT,s2648/1CUNA/1CUNA_relaxed.pdb,0
s2648,1CUNA_I128V,Mut,s2648/1CUNA/1CUNA_I128V_relaxed.pdb,0
s2648,1CUNA_I128A,WT,s2648/1CUNA/1CUNA_relaxed.pdb,0
s2648,1CUNA_I128A,Mut,s2648/1CUNA/1CUNA_I128A_relaxed.pdb,0
s2648,1CUNA_K152G,WT,s2648/1CUNA/1CUNA_relaxed.pdb,0
s2648,1CUNA_K152G,Mut,s2648/1CUNA/1CUNA_K152G_relaxed.pdb,0
s2648,1CUNA_K152A,WT,s2648/1CUNA/1CUNA_relaxed.pdb,0
s2648,1CUNA_K152A,Mut,s2648/1CUNA/1CUNA_K152A_relaxed.pdb,0
s2648,1CUNA_A156G,WT,s2648/1CUNA/1CUNA_relaxed.pdb,0
s2648,1CUNA_A156G,Mut,s2648/1CUNA/1CUNA_A156G_relaxed.pdb,0
s2648,1CUNA_F157L,WT,s2648/1CUNA/1CUNA_relaxed.pdb,0
s2648,1CUNA_F157L,Mut,s2648/1CUNA/1CUNA_F157L_relaxed.pdb,0
s2648,1CUNA_V163G,WT,s2648/1CUNA/1CUNA_relaxed.pdb,0
s2648,1CUNA_V163G,Mut,s2648/1CUNA/1CUNA_V163G_relaxed.pdb,0
s2648,1CUNA_V163A,WT,s2648/1CUNA/1CUNA_relaxed.pdb,0
s2648,1CUNA_V163A,Mut,s2648/1CUNA/1CUNA_V163A_relaxed.pdb,0
s2648,1CUNA_H164A,WT,s2648/1CUNA/1CUNA_relaxed.pdb,0
s2648,1CUNA_H164A,Mut,s2648/1CUNA/1CUNA_H164A_relaxed.pdb,0
s2648,1CUNA_V171A,WT,s2648/1CUNA/1CUNA_relaxed.pdb,0
s2648,1CUNA_V171A,Mut,s2648/1CUNA/1CUNA_V171A_relaxed.pdb,0
s2648,1CUNA_A173G,WT,s2648/1CUNA/1CUNA_relaxed.pdb,0
s2648,1CUNA_A173G,Mut,s2648/1CUNA/1CUNA_A173G_relaxed.pdb,0
s2648,1CUNA_A191G,WT,s2648/1CUNA/1CUNA_relaxed.pdb,0
s2648,1CUNA_A191G,Mut,s2648/1CUNA/1CUNA_A191G_relaxed.pdb,0
s2648,1CUNA_M193A,WT,s2648/1CUNA/1CUNA_relaxed.pdb,0
s2648,1CUNA_M193A,Mut,s2648/1CUNA/1CUNA_M193A_relaxed.pdb,0
s2648,1CUNA_L196A,WT,s2648/1CUNA/1CUNA_relaxed.pdb,0
s2648,1CUNA_L196A,Mut,s2648/1CUNA/1CUNA_L196A_relaxed.pdb,0
s2648,1CUNA_G198A,WT,s2648/1CUNA/1CUNA_relaxed.pdb,0
s2648,1CUNA_G198A,Mut,s2648/1CUNA/1CUNA_G198A_relaxed.pdb,0
s2648,1CUNA_S201A,WT,s2648/1CUNA/1CUNA_relaxed.pdb,0
s2648,1CUNA_S201A,Mut,s2648/1CUNA/1CUNA_S201A_relaxed.pdb,0
s2648,1CUNA_S201G,WT,s2648/1CUNA/1CUNA_relaxed.pdb,0
s2648,1CUNA_S201G,Mut,s2648/1CUNA/1CUNA_S201G_relaxed.pdb,0
s2648,1CUNA_L203A,WT,s2648/1CUNA/1CUNA_relaxed.pdb,0
s2648,1CUNA_L203A,Mut,s2648/1CUNA/1CUNA_L203A_relaxed.pdb,0
s2648,1CUNA_A206G,WT,s2648/1CUNA/1CUNA_relaxed.pdb,0
s2648,1CUNA_A206G,Mut,s2648/1CUNA/1CUNA_A206G_relaxed.pdb,0
s2648,1CUNA_A212G,WT,s2648/1CUNA/1CUNA_relaxed.pdb,0
s2648,1CUNA_A212G,Mut,s2648/1CUNA/1CUNA_A212G_relaxed.pdb,0
s2648,1CUNA_L214A,WT,s2648/1CUNA/1CUNA_relaxed.pdb,0
s2648,1CUNA_L214A,Mut,s2648/1CUNA/1CUNA_L214A_relaxed.pdb,0
s2648,1DKTA_I6V,WT,s2648/1DKTA/1DKTA_relaxed.pdb,0
s2648,1DKTA_I6V,Mut,s2648/1DKTA/1DKTA_I6V_relaxed.pdb,0
s2648,1DKTA_Y8A,WT,s2648/1DKTA/1DKTA_relaxed.pdb,0
s2648,1DKTA_Y8A,Mut,s2648/1DKTA/1DKTA_Y8A_relaxed.pdb,0
s2648,1DKTA_S9A,WT,s2648/1DKTA/1DKTA_relaxed.pdb,0
s2648,1DKTA_S9A,Mut,s2648/1DKTA/1DKTA_S9A_relaxed.pdb,0
s2648,1DKTA_K11A,WT,s2648/1DKTA/1DKTA_relaxed.pdb,0
s2648,1DKTA_K11A,Mut,s2648/1DKTA/1DKTA_K11A_relaxed.pdb,0
s2648,1DKTA_F17L,WT,s2648/1DKTA/1DKTA_relaxed.pdb,0
s2648,1DKTA_F17L,Mut,s2648/1DKTA/1DKTA_F17L_relaxed.pdb,0
s2648,1DKTA_E18A,WT,s2648/1DKTA/1DKTA_relaxed.pdb,0
s2648,1DKTA_E18A,Mut,s2648/1DKTA/1DKTA_E18A_relaxed.pdb,0
s2648,1DKTA_V22A,WT,s2648/1DKTA/1DKTA_relaxed.pdb,0
s2648,1DKTA_V22A,Mut,s2648/1DKTA/1DKTA_V22A_relaxed.pdb,0
s2648,1DKTA_S39A,WT,s2648/1DKTA/1DKTA_relaxed.pdb,0
s2648,1DKTA_S39A,Mut,s2648/1DKTA/1DKTA_S39A_relaxed.pdb,0
s2648,1DKTA_L46A,WT,s2648/1DKTA/1DKTA_relaxed.pdb,0
s2648,1DKTA_L46A,Mut,s2648/1DKTA/1DKTA_L46A_relaxed.pdb,0
s2648,1DKTA_V55A,WT,s2648/1DKTA/1DKTA_relaxed.pdb,0
s2648,1DKTA_V55A,Mut,s2648/1DKTA/1DKTA_V55A_relaxed.pdb,0
s2648,1DKTA_V55G,WT,s2648/1DKTA/1DKTA_relaxed.pdb,0
s2648,1DKTA_V55G,Mut,s2648/1DKTA/1DKTA_V55G_relaxed.pdb,0
s2648,1DKTA_M58L,WT,s2648/1DKTA/1DKTA_relaxed.pdb,0
s2648,1DKTA_M58L,Mut,s2648/1DKTA/1DKTA_M58L_relaxed.pdb,0
s2648,1DKTA_H65A,WT,s2648/1DKTA/1DKTA_relaxed.pdb,0
s2648,1DKTA_H65A,Mut,s2648/1DKTA/1DKTA_H65A_relaxed.pdb,0
s2648,1DKTA_L67A,WT,s2648/1DKTA/1DKTA_relaxed.pdb,0
s2648,1DKTA_L67A,Mut,s2648/1DKTA/1DKTA_L67A_relaxed.pdb,0
s2648,1DKTA_R70A,WT,s2648/1DKTA/1DKTA_relaxed.pdb,0
s2648,1DKTA_R70A,Mut,s2648/1DKTA/1DKTA_R70A_relaxed.pdb,0
s2648,1DKTA_R71A,WT,s2648/1DKTA/1DKTA_relaxed.pdb,0
s2648,1DKTA_R71A,Mut,s2648/1DKTA/1DKTA_R71A_relaxed.pdb,0
s2648,1EY0A_K6A,WT,s2648/1EY0A/1EY0A_relaxed.pdb,0
s2648,1EY0A_K6A,Mut,s2648/1EY0A/1EY0A_K6A_relaxed.pdb,0
s2648,1EY0A_L7A,WT,s2648/1EY0A/1EY0A_relaxed.pdb,0
s2648,1EY0A_L7A,Mut,s2648/1EY0A/1EY0A_L7A_relaxed.pdb,0
s2648,1EY0A_L7I,WT,s2648/1EY0A/1EY0A_relaxed.pdb,0
s2648,1EY0A_L7I,Mut,s2648/1EY0A/1EY0A_L7I_relaxed.pdb,0
s2648,1EY0A_H8A,WT,s2648/1EY0A/1EY0A_relaxed.pdb,0
s2648,1EY0A_H8A,Mut,s2648/1EY0A/1EY0A_H8A_relaxed.pdb,0
s2648,1EY0A_K9A,WT,s2648/1EY0A/1EY0A_relaxed.pdb,0
s2648,1EY0A_K9A,Mut,s2648/1EY0A/1EY0A_K9A_relaxed.pdb,0
s2648,1EY0A_K9G,WT,s2648/1EY0A/1EY0A_relaxed.pdb,0
s2648,1EY0A_K9G,Mut,s2648/1EY0A/1EY0A_K9G_relaxed.pdb,0
s2648,1EY0A_E10G,WT,s2648/1EY0A/1EY0A_relaxed.pdb,0
s2648,1EY0A_E10G,Mut,s2648/1EY0A/1EY0A_E10G_relaxed.pdb,0
s2648,1EY0A_E10Q,WT,s2648/1EY0A/1EY0A_relaxed.pdb,0
s2648,1EY0A_E10Q,Mut,s2648/1EY0A/1EY0A_E10Q_relaxed.pdb,0
s2648,1EY0A_A12V,WT,s2648/1EY0A/1EY0A_relaxed.pdb,0
s2648,1EY0A_A12V,Mut,s2648/1EY0A/1EY0A_A12V_relaxed.pdb,0
s2648,1EY0A_T13C,WT,s2648/1EY0A/1EY0A_relaxed.pdb,0
s2648,1EY0A_T13C,Mut,s2648/1EY0A/1EY0A_T13C_relaxed.pdb,0
s2648,1EY0A_T13I,WT,s2648/1EY0A/1EY0A_relaxed.pdb,0
s2648,1EY0A_T13I,Mut,s2648/1EY0A/1EY0A_T13I_relaxed.pdb,0
s2648,1EY0A_T13V,WT,s2648/1EY0A/1EY0A_relaxed.pdb,0
s2648,1EY0A_T13V,Mut,s2648/1EY0A/1EY0A_T13V_relaxed.pdb,0
s2648,1EY0A_L14G,WT,s2648/1EY0A/1EY0A_relaxed.pdb,0
s2648,1EY0A_L14G,Mut,s2648/1EY0A/1EY0A_L14G_relaxed.pdb,0
s2648,1EY0A_L14V,WT,s2648/1EY0A/1EY0A_relaxed.pdb,0
s2648,1EY0A_L14V,Mut,s2648/1EY0A/1EY0A_L14V_relaxed.pdb,0
s2648,1EY0A_I15G,WT,s2648/1EY0A/1EY0A_relaxed.pdb,0
s2648,1EY0A_I15G,Mut,s2648/1EY0A/1EY0A_I15G_relaxed.pdb,0
s2648,1EY0A_I15M,WT,s2648/1EY0A/1EY0A_relaxed.pdb,0
s2648,1EY0A_I15M,Mut,s2648/1EY0A/1EY0A_I15M_relaxed.pdb,0
s2648,1EY0A_K16A,WT,s2648/1EY0A/1EY0A_relaxed.pdb,0
s2648,1EY0A_K16A,Mut,s2648/1EY0A/1EY0A_K16A_relaxed.pdb,0
s2648,1EY0A_K16G,WT,s2648/1EY0A/1EY0A_relaxed.pdb,0
s2648,1EY0A_K16G,Mut,s2648/1EY0A/1EY0A_K16G_relaxed.pdb,0
s2648,1EY0A_A17V,WT,s2648/1EY0A/1EY0A_relaxed.pdb,0
s2648,1EY0A_A17V,Mut,s2648/1EY0A/1EY0A_A17V_relaxed.pdb,0
s2648,1EY0A_I18G,WT,s2648/1EY0A/1EY0A_relaxed.pdb,0
s2648,1EY0A_I18G,Mut,s2648/1EY0A/1EY0A_I18G_relaxed.pdb,0
s2648,1EY0A_I18M,WT,s2648/1EY0A/1EY0A_relaxed.pdb,0
s2648,1EY0A_I18M,Mut,s2648/1EY0A/1EY0A_I18M_relaxed.pdb,0
s2648,1EY0A_D19A,WT,s2648/1EY0A/1EY0A_relaxed.pdb,0
s2648,1EY0A_D19A,Mut,s2648/1EY0A/1EY0A_D19A_relaxed.pdb,0
s2648,1EY0A_D19G,WT,s2648/1EY0A/1EY0A_relaxed.pdb,0
s2648,1EY0A_D19G,Mut,s2648/1EY0A/1EY0A_D19G_relaxed.pdb,0
s2648,1EY0A_D19N,WT,s2648/1EY0A/1EY0A_relaxed.pdb,0
s2648,1EY0A_D19N,Mut,s2648/1EY0A/1EY0A_D19N_relaxed.pdb,0
s2648,1EY0A_G20V,WT,s2648/1EY0A/1EY0A_relaxed.pdb,0
s2648,1EY0A_G20V,Mut,s2648/1EY0A/1EY0A_G20V_relaxed.pdb,0
s2648,1EY0A_D21G,WT,s2648/1EY0A/1EY0A_relaxed.pdb,0
s2648,1EY0A_D21G,Mut,s2648/1EY0A/1EY0A_D21G_relaxed.pdb,0
s2648,1EY0A_D21N,WT,s2648/1EY0A/1EY0A_relaxed.pdb,0
s2648,1EY0A_D21N,Mut,s2648/1EY0A/1EY0A_D21N_relaxed.pdb,0
s2648,1EY0A_T22C,WT,s2648/1EY0A/1EY0A_relaxed.pdb,0
s2648,1EY0A_T22C,Mut,s2648/1EY0A/1EY0A_T22C_relaxed.pdb,0
s2648,1EY0A_T22I,WT,s2648/1EY0A/1EY0A_relaxed.pdb,0
s2648,1EY0A_T22I,Mut,s2648/1EY0A/1EY0A_T22I_relaxed.pdb,0
s2648,1EY0A_T22V,WT,s2648/1EY0A/1EY0A_relaxed.pdb,0
s2648,1EY0A_T22V,Mut,s2648/1EY0A/1EY0A_T22V_relaxed.pdb,0
s2648,1EY0A_V23F,WT,s2648/1EY0A/1EY0A_relaxed.pdb,0
s2648,1EY0A_V23F,Mut,s2648/1EY0A/1EY0A_V23F_relaxed.pdb,0
s2648,1EY0A_V23L,WT,s2648/1EY0A/1EY0A_relaxed.pdb,0
s2648,1EY0A_V23L,Mut,s2648/1EY0A/1EY0A_V23L_relaxed.pdb,0
s2648,1EY0A_V23T,WT,s2648/1EY0A/1EY0A_relaxed.pdb,0
s2648,1EY0A_V23T,Mut,s2648/1EY0A/1EY0A_V23T_relaxed.pdb,0
s2648,1EY0A_K24F,WT,s2648/1EY0A/1EY0A_relaxed.pdb,0
s2648,1EY0A_K24F,Mut,s2648/1EY0A/1EY0A_K24F_relaxed.pdb,0
s2648,1EY0A_L25A,WT,s2648/1EY0A/1EY0A_relaxed.pdb,0
s2648,1EY0A_L25A,Mut,s2648/1EY0A/1EY0A_L25A_relaxed.pdb,0
s2648,1EY0A_L25I,WT,s2648/1EY0A/1EY0A_relaxed.pdb,0
s2648,1EY0A_L25I,Mut,s2648/1EY0A/1EY0A_L25I_relaxed.pdb,0
s2648,1EY0A_M26A,WT,s2648/1EY0A/1EY0A_relaxed.pdb,0
s2648,1EY0A_M26A,Mut,s2648/1EY0A/1EY0A_M26A_relaxed.pdb,0
s2648,1EY0A_M26I,WT,s2648/1EY0A/1EY0A_relaxed.pdb,0
s2648,1EY0A_M26I,Mut,s2648/1EY0A/1EY0A_M26I_relaxed.pdb,0
s2648,1EY0A_Y27A,WT,s2648/1EY0A/1EY0A_relaxed.pdb,0
s2648,1EY0A_Y27A,Mut,s2648/1EY0A/1EY0A_Y27A_relaxed.pdb,0
s2648,1EY0A_Y27F,WT,s2648/1EY0A/1EY0A_relaxed.pdb,0
s2648,1EY0A_Y27F,Mut,s2648/1EY0A/1EY0A_Y27F_relaxed.pdb,0
s2648,1EY0A_Y27I,WT,s2648/1EY0A/1EY0A_relaxed.pdb,0
s2648,1EY0A_Y27I,Mut,s2648/1EY0A/1EY0A_Y27I_relaxed.pdb,0
s2648,1EY0A_Y27L,WT,s2648/1EY0A/1EY0A_relaxed.pdb,0
s2648,1EY0A_Y27L,Mut,s2648/1EY0A/1EY0A_Y27L_relaxed.pdb,0
s2648,1EY0A_Y27N,WT,s2648/1EY0A/1EY0A_relaxed.pdb,0
s2648,1EY0A_Y27N,Mut,s2648/1EY0A/1EY0A_Y27N_relaxed.pdb,0
s2648,1EY0A_Y27R,WT,s2648/1EY0A/1EY0A_relaxed.pdb,0
s2648,1EY0A_Y27R,Mut,s2648/1EY0A/1EY0A_Y27R_relaxed.pdb,0
s2648,1EY0A_Y27T,WT,s2648/1EY0A/1EY0A_relaxed.pdb,0
s2648,1EY0A_Y27T,Mut,s2648/1EY0A/1EY0A_Y27T_relaxed.pdb,0
s2648,1EY0A_Y27W,WT,s2648/1EY0A/1EY0A_relaxed.pdb,0
s2648,1EY0A_Y27W,Mut,s2648/1EY0A/1EY0A_Y27W_relaxed.pdb,0
s2648,1EY0A_K28E,WT,s2648/1EY0A/1EY0A_relaxed.pdb,0
s2648,1EY0A_K28E,Mut,s2648/1EY0A/1EY0A_K28E_relaxed.pdb,0
s2648,1EY0A_K28G,WT,s2648/1EY0A/1EY0A_relaxed.pdb,0
s2648,1EY0A_K28G,Mut,s2648/1EY0A/1EY0A_K28G_relaxed.pdb,0
s2648,1EY0A_G29A,WT,s2648/1EY0A/1EY0A_relaxed.pdb,0
s2648,1EY0A_G29A,Mut,s2648/1EY0A/1EY0A_G29A_relaxed.pdb,0
s2648,1EY0A_G29F,WT,s2648/1EY0A/1EY0A_relaxed.pdb,0
s2648,1EY0A_G29F,Mut,s2648/1EY0A/1EY0A_G29F_relaxed.pdb,0
s2648,1EY0A_Q30A,WT,s2648/1EY0A/1EY0A_relaxed.pdb,0
s2648,1EY0A_Q30A,Mut,s2648/1EY0A/1EY0A_Q30A_relaxed.pdb,0
s2648,1EY0A_M32A,WT,s2648/1EY0A/1EY0A_relaxed.pdb,0
s2648,1EY0A_M32A,Mut,s2648/1EY0A/1EY0A_M32A_relaxed.pdb,0
s2648,1EY0A_M32I,WT,s2648/1EY0A/1EY0A_relaxed.pdb,0
s2648,1EY0A_M32I,Mut,s2648/1EY0A/1EY0A_M32I_relaxed.pdb,0
s2648,1EY0A_T33A,WT,s2648/1EY0A/1EY0A_relaxed.pdb,0
s2648,1EY0A_T33A,Mut,s2648/1EY0A/1EY0A_T33A_relaxed.pdb,0
s2648,1EY0A_T33G,WT,s2648/1EY0A/1EY0A_relaxed.pdb,0
s2648,1EY0A_T33G,Mut,s2648/1EY0A/1EY0A_T33G_relaxed.pdb,0
s2648,1EY0A_T33S,WT,s2648/1EY0A/1EY0A_relaxed.pdb,0
s2648,1EY0A_T33S,Mut,s2648/1EY0A/1EY0A_T33S_relaxed.pdb,0
s2648,1EY0A_F34A,WT,s2648/1EY0A/1EY0A_relaxed.pdb,0
s2648,1EY0A_F34A,Mut,s2648/1EY0A/1EY0A_F34A_relaxed.pdb,0
s2648,1EY0A_R35G,WT,s2648/1EY0A/1EY0A_relaxed.pdb,0
s2648,1EY0A_R35G,Mut,s2648/1EY0A/1EY0A_R35G_relaxed.pdb,0
s2648,1EY0A_L36I,WT,s2648/1EY0A/1EY0A_relaxed.pdb,0
s2648,1EY0A_L36I,Mut,s2648/1EY0A/1EY0A_L36I_relaxed.pdb,0
s2648,1EY0A_L37A,WT,s2648/1EY0A/1EY0A_relaxed.pdb,0
s2648,1EY0A_L37A,Mut,s2648/1EY0A/1EY0A_L37A_relaxed.pdb,0
s2648,1EY0A_L37I,WT,s2648/1EY0A/1EY0A_relaxed.pdb,0
s2648,1EY0A_L37I,Mut,s2648/1EY0A/1EY0A_L37I_relaxed.pdb,0
s2648,1EY0A_L38A,WT,s2648/1EY0A/1EY0A_relaxed.pdb,0
s2648,1EY0A_L38A,Mut,s2648/1EY0A/1EY0A_L38A_relaxed.pdb,0
s2648,1EY0A_L38I,WT,s2648/1EY0A/1EY0A_relaxed.pdb,0
s2648,1EY0A_L38I,Mut,s2648/1EY0A/1EY0A_L38I_relaxed.pdb,0
s2648,1EY0A_V39A,WT,s2648/1EY0A/1EY0A_relaxed.pdb,0
s2648,1EY0A_V39A,Mut,s2648/1EY0A/1EY0A_V39A_relaxed.pdb,0
s2648,1EY0A_V39I,WT,s2648/1EY0A/1EY0A_relaxed.pdb,0
s2648,1EY0A_V39I,Mut,s2648/1EY0A/1EY0A_V39I_relaxed.pdb,0
s2648,1EY0A_V39S,WT,s2648/1EY0A/1EY0A_relaxed.pdb,0
s2648,1EY0A_V39S,Mut,s2648/1EY0A/1EY0A_V39S_relaxed.pdb,0
s2648,1EY0A_D40A,WT,s2648/1EY0A/1EY0A_relaxed.pdb,0
s2648,1EY0A_D40A,Mut,s2648/1EY0A/1EY0A_D40A_relaxed.pdb,0
s2648,1EY0A_T41A,WT,s2648/1EY0A/1EY0A_relaxed.pdb,0
s2648,1EY0A_T41A,Mut,s2648/1EY0A/1EY0A_T41A_relaxed.pdb,0
s2648,1EY0A_T41G,WT,s2648/1EY0A/1EY0A_relaxed.pdb,0
s2648,1EY0A_T41G,Mut,s2648/1EY0A/1EY0A_T41G_relaxed.pdb,0
s2648,1EY0A_T41S,WT,s2648/1EY0A/1EY0A_relaxed.pdb,0
s2648,1EY0A_T41S,Mut,s2648/1EY0A/1EY0A_T41S_relaxed.pdb,0
s2648,1EY0A_E43A,WT,s2648/1EY0A/1EY0A_relaxed.pdb,0
s2648,1EY0A_E43A,Mut,s2648/1EY0A/1EY0A_E43A_relaxed.pdb,0
s2648,1EY0A_E43G,WT,s2648/1EY0A/1EY0A_relaxed.pdb,0
s2648,1EY0A_E43G,Mut,s2648/1EY0A/1EY0A_E43G_relaxed.pdb,0
s2648,1EY0A_T44C,WT,s2648/1EY0A/1EY0A_relaxed.pdb,0
s2648,1EY0A_T44C,Mut,s2648/1EY0A/1EY0A_T44C_relaxed.pdb,0
s2648,1EY0A_T44I,WT,s2648/1EY0A/1EY0A_relaxed.pdb,0
s2648,1EY0A_T44I,Mut,s2648/1EY0A/1EY0A_T44I_relaxed.pdb,0
s2648,1EY0A_T44V,WT,s2648/1EY0A/1EY0A_relaxed.pdb,0
s2648,1EY0A_T44V,Mut,s2648/1EY0A/1EY0A_T44V_relaxed.pdb,0
s2648,1EY0A_K45G,WT,s2648/1EY0A/1EY0A_relaxed.pdb,0
s2648,1EY0A_K45G,Mut,s2648/1EY0A/1EY0A_K45G_relaxed.pdb,0
s2648,1EY0A_H46G,WT,s2648/1EY0A/1EY0A_relaxed.pdb,0
s2648,1EY0A_H46G,Mut,s2648/1EY0A/1EY0A_H46G_relaxed.pdb,0
s2648,1EY0A_K48A,WT,s2648/1EY0A/1EY0A_relaxed.pdb,0
s2648,1EY0A_K48A,Mut,s2648/1EY0A/1EY0A_K48A_relaxed.pdb,0
s2648,1EY0A_K48F,WT,s2648/1EY0A/1EY0A_relaxed.pdb,0
s2648,1EY0A_K48F,Mut,s2648/1EY0A/1EY0A_K48F_relaxed.pdb,0
s2648,1EY0A_K48Q,WT,s2648/1EY0A/1EY0A_relaxed.pdb,0
s2648,1EY0A_K48Q,Mut,s2648/1EY0A/1EY0A_K48Q_relaxed.pdb,0
s2648,1EY0A_K49F,WT,s2648/1EY0A/1EY0A_relaxed.pdb,0
s2648,1EY0A_K49F,Mut,s2648/1EY0A/1EY0A_K49F_relaxed.pdb,0
s2648,1EY0A_G50A,WT,s2648/1EY0A/1EY0A_relaxed.pdb,0
s2648,1EY0A_G50A,Mut,s2648/1EY0A/1EY0A_G50A_relaxed.pdb,0
s2648,1EY0A_G50F,WT,s2648/1EY0A/1EY0A_relaxed.pdb,0
s2648,1EY0A_G50F,Mut,s2648/1EY0A/1EY0A_G50F_relaxed.pdb,0
s2648,1EY0A_V51A,WT,s2648/1EY0A/1EY0A_relaxed.pdb,0
s2648,1EY0A_V51A,Mut,s2648/1EY0A/1EY0A_V51A_relaxed.pdb,0
s2648,1EY0A_V51I,WT,s2648/1EY0A/1EY0A_relaxed.pdb,0
s2648,1EY0A_V51I,Mut,s2648/1EY0A/1EY0A_V51I_relaxed.pdb,0
s2648,1EY0A_V51S,WT,s2648/1EY0A/1EY0A_relaxed.pdb,0
s2648,1EY0A_V51S,Mut,s2648/1EY0A/1EY0A_V51S_relaxed.pdb,0
s2648,1EY0A_E52A,WT,s2648/1EY0A/1EY0A_relaxed.pdb,0
s2648,1EY0A_E52A,Mut,s2648/1EY0A/1EY0A_E52A_relaxed.pdb,0
s2648,1EY0A_E52G,WT,s2648/1EY0A/1EY0A_relaxed.pdb,0
s2648,1EY0A_E52G,Mut,s2648/1EY0A/1EY0A_E52G_relaxed.pdb,0
s2648,1EY0A_K53G,WT,s2648/1EY0A/1EY0A_relaxed.pdb,0
s2648,1EY0A_K53G,Mut,s2648/1EY0A/1EY0A_K53G_relaxed.pdb,0
s2648,1EY0A_Y54F,WT,s2648/1EY0A/1EY0A_relaxed.pdb,0
s2648,1EY0A_Y54F,Mut,s2648/1EY0A/1EY0A_Y54F_relaxed.pdb,0
s2648,1EY0A_Y54L,WT,s2648/1EY0A/1EY0A_relaxed.pdb,0
s2648,1EY0A_Y54L,Mut,s2648/1EY0A/1EY0A_Y54L_relaxed.pdb,0
s2648,1EY0A_G55V,WT,s2648/1EY0A/1EY0A_relaxed.pdb,0
s2648,1EY0A_G55V,Mut,s2648/1EY0A/1EY0A_G55V_relaxed.pdb,0
s2648,1EY0A_E57C,WT,s2648/1EY0A/1EY0A_relaxed.pdb,0
s2648,1EY0A_E57C,Mut,s2648/1EY0A/1EY0A_E57C_relaxed.pdb,0
s2648,1EY0A_E57G,WT,s2648/1EY0A/1EY0A_relaxed.pdb,0
s2648,1EY0A_E57G,Mut,s2648/1EY0A/1EY0A_E57G_relaxed.pdb,0
s2648,1EY0A_E57Q,WT,s2648/1EY0A/1EY0A_relaxed.pdb,0
s2648,1EY0A_E57Q,Mut,s2648/1EY0A/1EY0A_E57Q_relaxed.pdb,0
s2648,1EY0A_A58V,WT,s2648/1EY0A/1EY0A_relaxed.pdb,0
s2648,1EY0A_A58V,Mut,s2648/1EY0A/1EY0A_A58V_relaxed.pdb,0
s2648,1EY0A_S59F,WT,s2648/1EY0A/1EY0A_relaxed.pdb,0
s2648,1EY0A_S59F,Mut,s2648/1EY0A/1EY0A_S59F_relaxed.pdb,0
s2648,1EY0A_A60C,WT,s2648/1EY0A/1EY0A_relaxed.pdb,0
s2648,1EY0A_A60C,Mut,s2648/1EY0A/1EY0A_A60C_relaxed.pdb,0
s2648,1EY0A_A60G,WT,s2648/1EY0A/1EY0A_relaxed.pdb,0
s2648,1EY0A_A60G,Mut,s2648/1EY0A/1EY0A_A60G_relaxed.pdb,0
s2648,1EY0A_F61A,WT,s2648/1EY0A/1EY0A_relaxed.pdb,0
s2648,1EY0A_F61A,Mut,s2648/1EY0A/1EY0A_F61A_relaxed.pdb,0
s2648,1EY0A_T62A,WT,s2648/1EY0A/1EY0A_relaxed.pdb,0
s2648,1EY0A_T62A,Mut,s2648/1EY0A/1EY0A_T62A_relaxed.pdb,0
s2648,1EY0A_T62G,WT,s2648/1EY0A/1EY0A_relaxed.pdb,0
s2648,1EY0A_T62G,Mut,s2648/1EY0A/1EY0A_T62G_relaxed.pdb,0
s2648,1EY0A_T62S,WT,s2648/1EY0A/1EY0A_relaxed.pdb,0
s2648,1EY0A_T62S,Mut,s2648/1EY0A/1EY0A_T62S_relaxed.pdb,0
s2648,1EY0A_K63A,WT,s2648/1EY0A/1EY0A_relaxed.pdb,0
s2648,1EY0A_K63A,Mut,s2648/1EY0A/1EY0A_K63A_relaxed.pdb,0
s2648,1EY0A_K63F,WT,s2648/1EY0A/1EY0A_relaxed.pdb,0
s2648,1EY0A_K63F,Mut,s2648/1EY0A/1EY0A_K63F_relaxed.pdb,0
s2648,1EY0A_K63Q,WT,s2648/1EY0A/1EY0A_relaxed.pdb,0
s2648,1EY0A_K63Q,Mut,s2648/1EY0A/1EY0A_K63Q_relaxed.pdb,0
s2648,1EY0A_K64E,WT,s2648/1EY0A/1EY0A_relaxed.pdb,0
s2648,1EY0A_K64E,Mut,s2648/1EY0A/1EY0A_K64E_relaxed.pdb,0
s2648,1EY0A_K64G,WT,s2648/1EY0A/1EY0A_relaxed.pdb,0
s2648,1EY0A_K64G,Mut,s2648/1EY0A/1EY0A_K64G_relaxed.pdb,0
s2648,1EY0A_M65A,WT,s2648/1EY0A/1EY0A_relaxed.pdb,0
s2648,1EY0A_M65A,Mut,s2648/1EY0A/1EY0A_M65A_relaxed.pdb,0
s2648,1EY0A_M65G,WT,s2648/1EY0A/1EY0A_relaxed.pdb,0
s2648,1EY0A_M65G,Mut,s2648/1EY0A/1EY0A_M65G_relaxed.pdb,0
s2648,1EY0A_M65L,WT,s2648/1EY0A/1EY0A_relaxed.pdb,0
s2648,1EY0A_M65L,Mut,s2648/1EY0A/1EY0A_M65L_relaxed.pdb,0
s2648,1EY0A_V66G,WT,s2648/1EY0A/1EY0A_relaxed.pdb,0
s2648,1EY0A_V66G,Mut,s2648/1EY0A/1EY0A_V66G_relaxed.pdb,0
s2648,1EY0A_V66K,WT,s2648/1EY0A/1EY0A_relaxed.pdb,0
s2648,1EY0A_V66K,Mut,s2648/1EY0A/1EY0A_V66K_relaxed.pdb,0
s2648,1EY0A_V66M,WT,s2648/1EY0A/1EY0A_relaxed.pdb,0
s2648,1EY0A_V66M,Mut,s2648/1EY0A/1EY0A_V66M_relaxed.pdb,0
s2648,1EY0A_V66T,WT,s2648/1EY0A/1EY0A_relaxed.pdb,0
s2648,1EY0A_V66T,Mut,s2648/1EY0A/1EY0A_V66T_relaxed.pdb,0
s2648,1EY0A_E67A,WT,s2648/1EY0A/1EY0A_relaxed.pdb,0
s2648,1EY0A_E67A,Mut,s2648/1EY0A/1EY0A_E67A_relaxed.pdb,0
s2648,1EY0A_E67G,WT,s2648/1EY0A/1EY0A_relaxed.pdb,0
s2648,1EY0A_E67G,Mut,s2648/1EY0A/1EY0A_E67G_relaxed.pdb,0
s2648,1EY0A_N68A,WT,s2648/1EY0A/1EY0A_relaxed.pdb,0
s2648,1EY0A_N68A,Mut,s2648/1EY0A/1EY0A_N68A_relaxed.pdb,0
s2648,1EY0A_A69G,WT,s2648/1EY0A/1EY0A_relaxed.pdb,0
s2648,1EY0A_A69G,Mut,s2648/1EY0A/1EY0A_A69G_relaxed.pdb,0
s2648,1EY0A_A69V,WT,s2648/1EY0A/1EY0A_relaxed.pdb,0
s2648,1EY0A_A69V,Mut,s2648/1EY0A/1EY0A_A69V_relaxed.pdb,0
s2648,1EY0A_K70C,WT,s2648/1EY0A/1EY0A_relaxed.pdb,0
s2648,1EY0A_K70C,Mut,s2648/1EY0A/1EY0A_K70C_relaxed.pdb,0
s2648,1EY0A_K70F,WT,s2648/1EY0A/1EY0A_relaxed.pdb,0
s2648,1EY0A_K70F,Mut,s2648/1EY0A/1EY0A_K70F_relaxed.pdb,0
s2648,1EY0A_K70Q,WT,s2648/1EY0A/1EY0A_relaxed.pdb,0
s2648,1EY0A_K70Q,Mut,s2648/1EY0A/1EY0A_K70Q_relaxed.pdb,0
s2648,1EY0A_K71A,WT,s2648/1EY0A/1EY0A_relaxed.pdb,0
s2648,1EY0A_K71A,Mut,s2648/1EY0A/1EY0A_K71A_relaxed.pdb,0
s2648,1EY0A_K71G,WT,s2648/1EY0A/1EY0A_relaxed.pdb,0
s2648,1EY0A_K71G,Mut,s2648/1EY0A/1EY0A_K71G_relaxed.pdb,0
s2648,1EY0A_I72M,WT,s2648/1EY0A/1EY0A_relaxed.pdb,0
s2648,1EY0A_I72M,Mut,s2648/1EY0A/1EY0A_I72M_relaxed.pdb,0
s2648,1EY0A_E73A,WT,s2648/1EY0A/1EY0A_relaxed.pdb,0
s2648,1EY0A_E73A,Mut,s2648/1EY0A/1EY0A_E73A_relaxed.pdb,0
s2648,1EY0A_E73G,WT,s2648/1EY0A/1EY0A_relaxed.pdb,0
s2648,1EY0A_E73G,Mut,s2648/1EY0A/1EY0A_E73G_relaxed.pdb,0
s2648,1EY0A_E73Q,WT,s2648/1EY0A/1EY0A_relaxed.pdb,0
s2648,1EY0A_E73Q,Mut,s2648/1EY0A/1EY0A_E73Q_relaxed.pdb,0
s2648,1EY0A_V74I,WT,s2648/1EY0A/1EY0A_relaxed.pdb,0
s2648,1EY0A_V74I,Mut,s2648/1EY0A/1EY0A_V74I_relaxed.pdb,0
s2648,1EY0A_V74T,WT,s2648/1EY0A/1EY0A_relaxed.pdb,0
s2648,1EY0A_V74T,Mut,s2648/1EY0A/1EY0A_V74T_relaxed.pdb,0
s2648,1EY0A_E75G,WT,s2648/1EY0A/1EY0A_relaxed.pdb,0
s2648,1EY0A_E75G,Mut,s2648/1EY0A/1EY0A_E75G_relaxed.pdb,0
s2648,1EY0A_E75Q,WT,s2648/1EY0A/1EY0A_relaxed.pdb,0
s2648,1EY0A_E75Q,Mut,s2648/1EY0A/1EY0A_E75Q_relaxed.pdb,0
s2648,1EY0A_F76A,WT,s2648/1EY0A/1EY0A_relaxed.pdb,0
s2648,1EY0A_F76A,Mut,s2648/1EY0A/1EY0A_F76A_relaxed.pdb,0
s2648,1EY0A_D77A,WT,s2648/1EY0A/1EY0A_relaxed.pdb,0
s2648,1EY0A_D77A,Mut,s2648/1EY0A/1EY0A_D77A_relaxed.pdb,0
s2648,1EY0A_D77K,WT,s2648/1EY0A/1EY0A_relaxed.pdb,0
s2648,1EY0A_D77K,Mut,s2648/1EY0A/1EY0A_D77K_relaxed.pdb,0
s2648,1EY0A_K78A,WT,s2648/1EY0A/1EY0A_relaxed.pdb,0
s2648,1EY0A_K78A,Mut,s2648/1EY0A/1EY0A_K78A_relaxed.pdb,0
s2648,1EY0A_K78E,WT,s2648/1EY0A/1EY0A_relaxed.pdb,0
s2648,1EY0A_K78E,Mut,s2648/1EY0A/1EY0A_K78E_relaxed.pdb,0
s2648,1EY0A_K78G,WT,s2648/1EY0A/1EY0A_relaxed.pdb,0
s2648,1EY0A_K78G,Mut,s2648/1EY0A/1EY0A_K78G_relaxed.pdb,0
s2648,1EY0A_G79A,WT,s2648/1EY0A/1EY0A_relaxed.pdb,0
s2648,1EY0A_G79A,Mut,s2648/1EY0A/1EY0A_G79A_relaxed.pdb,0
s2648,1EY0A_G79S,WT,s2648/1EY0A/1EY0A_relaxed.pdb,0
s2648,1EY0A_G79S,Mut,s2648/1EY0A/1EY0A_G79S_relaxed.pdb,0
s2648,1EY0A_Q80A,WT,s2648/1EY0A/1EY0A_relaxed.pdb,0
s2648,1EY0A_Q80A,Mut,s2648/1EY0A/1EY0A_Q80A_relaxed.pdb,0
s2648,1EY0A_Q80G,WT,s2648/1EY0A/1EY0A_relaxed.pdb,0
s2648,1EY0A_Q80G,Mut,s2648/1EY0A/1EY0A_Q80G_relaxed.pdb,0
s2648,1EY0A_R81G,WT,s2648/1EY0A/1EY0A_relaxed.pdb,0
s2648,1EY0A_R81G,Mut,s2648/1EY0A/1EY0A_R81G_relaxed.pdb,0
s2648,1EY0A_T82C,WT,s2648/1EY0A/1EY0A_relaxed.pdb,0
s2648,1EY0A_T82C,Mut,s2648/1EY0A/1EY0A_T82C_relaxed.pdb,0
s2648,1EY0A_T82I,WT,s2648/1EY0A/1EY0A_relaxed.pdb,0
s2648,1EY0A_T82I,Mut,s2648/1EY0A/1EY0A_T82I_relaxed.pdb,0
s2648,1EY0A_T82V,WT,s2648/1EY0A/1EY0A_relaxed.pdb,0
s2648,1EY0A_T82V,Mut,s2648/1EY0A/1EY0A_T82V_relaxed.pdb,0
s2648,1EY0A_D83G,WT,s2648/1EY0A/1EY0A_relaxed.pdb,0
s2648,1EY0A_D83G,Mut,s2648/1EY0A/1EY0A_D83G_relaxed.pdb,0
s2648,1EY0A_K84E,WT,s2648/1EY0A/1EY0A_relaxed.pdb,0
s2648,1EY0A_K84E,Mut,s2648/1EY0A/1EY0A_K84E_relaxed.pdb,0
s2648,1EY0A_K84G,WT,s2648/1EY0A/1EY0A_relaxed.pdb,0
s2648,1EY0A_K84G,Mut,s2648/1EY0A/1EY0A_K84G_relaxed.pdb,0
s2648,1EY0A_Y85A,WT,s2648/1EY0A/1EY0A_relaxed.pdb,0
s2648,1EY0A_Y85A,Mut,s2648/1EY0A/1EY0A_Y85A_relaxed.pdb,0
s2648,1EY0A_Y85G,WT,s2648/1EY0A/1EY0A_relaxed.pdb,0
s2648,1EY0A_Y85G,Mut,s2648/1EY0A/1EY0A_Y85G_relaxed.pdb,0
s2648,1EY0A_G86A,WT,s2648/1EY0A/1EY0A_relaxed.pdb,0
s2648,1EY0A_G86A,Mut,s2648/1EY0A/1EY0A_G86A_relaxed.pdb,0
s2648,1EY0A_G86V,WT,s2648/1EY0A/1EY0A_relaxed.pdb,0
s2648,1EY0A_G86V,Mut,s2648/1EY0A/1EY0A_G86V_relaxed.pdb,0
s2648,1EY0A_R87G,WT,s2648/1EY0A/1EY0A_relaxed.pdb,0
s2648,1EY0A_R87G,Mut,s2648/1EY0A/1EY0A_R87G_relaxed.pdb,0
s2648,1EY0A_G88V,WT,s2648/1EY0A/1EY0A_relaxed.pdb,0
s2648,1EY0A_G88V,Mut,s2648/1EY0A/1EY0A_G88V_relaxed.pdb,0
s2648,1EY0A_L89A,WT,s2648/1EY0A/1EY0A_relaxed.pdb,0
s2648,1EY0A_L89A,Mut,s2648/1EY0A/1EY0A_L89A_relaxed.pdb,0
s2648,1EY0A_L89G,WT,s2648/1EY0A/1EY0A_relaxed.pdb,0
s2648,1EY0A_L89G,Mut,s2648/1EY0A/1EY0A_L89G_relaxed.pdb,0
s2648,1EY0A_L89V,WT,s2648/1EY0A/1EY0A_relaxed.pdb,0
s2648,1EY0A_L89V,Mut,s2648/1EY0A/1EY0A_L89V_relaxed.pdb,0
s2648,1EY0A_A90S,WT,s2648/1EY0A/1EY0A_relaxed.pdb,0
s2648,1EY0A_A90S,Mut,s2648/1EY0A/1EY0A_A90S_relaxed.pdb,0
s2648,1EY0A_Y91F,WT,s2648/1EY0A/1EY0A_relaxed.pdb,0
s2648,1EY0A_Y91F,Mut,s2648/1EY0A/1EY0A_Y91F_relaxed.pdb,0
s2648,1EY0A_I92A,WT,s2648/1EY0A/1EY0A_relaxed.pdb,0
s2648,1EY0A_I92A,Mut,s2648/1EY0A/1EY0A_I92A_relaxed.pdb,0
s2648,1EY0A_I92M,WT,s2648/1EY0A/1EY0A_relaxed.pdb,0
s2648,1EY0A_I92M,Mut,s2648/1EY0A/1EY0A_I92M_relaxed.pdb,0
s2648,1EY0A_Y93F,WT,s2648/1EY0A/1EY0A_relaxed.pdb,0
s2648,1EY0A_Y93F,Mut,s2648/1EY0A/1EY0A_Y93F_relaxed.pdb,0
s2648,1EY0A_A94G,WT,s2648/1EY0A/1EY0A_relaxed.pdb,0
s2648,1EY0A_A94G,Mut,s2648/1EY0A/1EY0A_A94G_relaxed.pdb,0
s2648,1EY0A_D95A,WT,s2648/1EY0A/1EY0A_relaxed.pdb,0
s2648,1EY0A_D95A,Mut,s2648/1EY0A/1EY0A_D95A_relaxed.pdb,0
s2648,1EY0A_G96A,WT,s2648/1EY0A/1EY0A_relaxed.pdb,0
s2648,1EY0A_G96A,Mut,s2648/1EY0A/1EY0A_G96A_relaxed.pdb,0
s2648,1EY0A_G96V,WT,s2648/1EY0A/1EY0A_relaxed.pdb,0
s2648,1EY0A_G96V,Mut,s2648/1EY0A/1EY0A_G96V_relaxed.pdb,0
s2648,1EY0A_K97E,WT,s2648/1EY0A/1EY0A_relaxed.pdb,0
s2648,1EY0A_K97E,Mut,s2648/1EY0A/1EY0A_K97E_relaxed.pdb,0
s2648,1EY0A_K97G,WT,s2648/1EY0A/1EY0A_relaxed.pdb,0
s2648,1EY0A_K97G,Mut,s2648/1EY0A/1EY0A_K97G_relaxed.pdb,0
s2648,1EY0A_M98A,WT,s2648/1EY0A/1EY0A_relaxed.pdb,0
s2648,1EY0A_M98A,Mut,s2648/1EY0A/1EY0A_M98A_relaxed.pdb,0
s2648,1EY0A_M98I,WT,s2648/1EY0A/1EY0A_relaxed.pdb,0
s2648,1EY0A_M98I,Mut,s2648/1EY0A/1EY0A_M98I_relaxed.pdb,0
s2648,1EY0A_V99A,WT,s2648/1EY0A/1EY0A_relaxed.pdb,0
s2648,1EY0A_V99A,Mut,s2648/1EY0A/1EY0A_V99A_relaxed.pdb,0
s2648,1EY0A_V99L,WT,s2648/1EY0A/1EY0A_relaxed.pdb,0
s2648,1EY0A_V99L,Mut,s2648/1EY0A/1EY0A_V99L_relaxed.pdb,0
s2648,1EY0A_N100G,WT,s2648/1EY0A/1EY0A_relaxed.pdb,0
s2648,1EY0A_N100G,Mut,s2648/1EY0A/1EY0A_N100G_relaxed.pdb,0
s2648,1EY0A_E101F,WT,s2648/1EY0A/1EY0A_relaxed.pdb,0
s2648,1EY0A_E101F,Mut,s2648/1EY0A/1EY0A_E101F_relaxed.pdb,0
s2648,1EY0A_A102F,WT,s2648/1EY0A/1EY0A_relaxed.pdb,0
s2648,1EY0A_A102F,Mut,s2648/1EY0A/1EY0A_A102F_relaxed.pdb,0
s2648,1EY0A_A102V,WT,s2648/1EY0A/1EY0A_relaxed.pdb,0
s2648,1EY0A_A102V,Mut,s2648/1EY0A/1EY0A_A102V_relaxed.pdb,0
s2648,1EY0A_L103I,WT,s2648/1EY0A/1EY0A_relaxed.pdb,0
s2648,1EY0A_L103I,Mut,s2648/1EY0A/1EY0A_L103I_relaxed.pdb,0
s2648,1EY0A_V104A,WT,s2648/1EY0A/1EY0A_relaxed.pdb,0
s2648,1EY0A_V104A,Mut,s2648/1EY0A/1EY0A_V104A_relaxed.pdb,0
s2648,1EY0A_V104L,WT,s2648/1EY0A/1EY0A_relaxed.pdb,0
s2648,1EY0A_V104L,Mut,s2648/1EY0A/1EY0A_V104L_relaxed.pdb,0
s2648,1EY0A_V104T,WT,s2648/1EY0A/1EY0A_relaxed.pdb,0
s2648,1EY0A_V104T,Mut,s2648/1EY0A/1EY0A_V104T_relaxed.pdb,0
s2648,1EY0A_R105C,WT,s2648/1EY0A/1EY0A_relaxed.pdb,0
s2648,1EY0A_R105C,Mut,s2648/1EY0A/1EY0A_R105C_relaxed.pdb,0
s2648,1EY0A_R105G,WT,s2648/1EY0A/1EY0A_relaxed.pdb,0
s2648,1EY0A_R105G,Mut,s2648/1EY0A/1EY0A_R105G_relaxed.pdb,0
s2648,1EY0A_Q106G,WT,s2648/1EY0A/1EY0A_relaxed.pdb,0
s2648,1EY0A_Q106G,Mut,s2648/1EY0A/1EY0A_Q106G_relaxed.pdb,0
s2648,1EY0A_L108I,WT,s2648/1EY0A/1EY0A_relaxed.pdb,0
s2648,1EY0A_L108I,Mut,s2648/1EY0A/1EY0A_L108I_relaxed.pdb,0
s2648,1EY0A_A109G,WT,s2648/1EY0A/1EY0A_relaxed.pdb,0
s2648,1EY0A_A109G,Mut,s2648/1EY0A/1EY0A_A109G_relaxed.pdb,0
s2648,1EY0A_K110A,WT,s2648/1EY0A/1EY0A_relaxed.pdb,0
s2648,1EY0A_K110A,Mut,s2648/1EY0A/1EY0A_K110A_relaxed.pdb,0
s2648,1EY0A_V111A,WT,s2648/1EY0A/1EY0A_relaxed.pdb,0
s2648,1EY0A_V111A,Mut,s2648/1EY0A/1EY0A_V111A_relaxed.pdb,0
s2648,1EY0A_V111I,WT,s2648/1EY0A/1EY0A_relaxed.pdb,0
s2648,1EY0A_V111I,Mut,s2648/1EY0A/1EY0A_V111I_relaxed.pdb,0
s2648,1EY0A_V111S,WT,s2648/1EY0A/1EY0A_relaxed.pdb,0
s2648,1EY0A_V111S,Mut,s2648/1EY0A/1EY0A_V111S_relaxed.pdb,0
s2648,1EY0A_A112C,WT,s2648/1EY0A/1EY0A_relaxed.pdb,0
s2648,1EY0A_A112C,Mut,s2648/1EY0A/1EY0A_A112C_relaxed.pdb,0
s2648,1EY0A_Y113A,WT,s2648/1EY0A/1EY0A_relaxed.pdb,0
s2648,1EY0A_Y113A,Mut,s2648/1EY0A/1EY0A_Y113A_relaxed.pdb,0
s2648,1EY0A_Y113G,WT,s2648/1EY0A/1EY0A_relaxed.pdb,0
s2648,1EY0A_Y113G,Mut,s2648/1EY0A/1EY0A_Y113G_relaxed.pdb,0
s2648,1EY0A_V114A,WT,s2648/1EY0A/1EY0A_relaxed.pdb,0
s2648,1EY0A_V114A,Mut,s2648/1EY0A/1EY0A_V114A_relaxed.pdb,0
s2648,1EY0A_V114I,WT,s2648/1EY0A/1EY0A_relaxed.pdb,0
s2648,1EY0A_V114I,Mut,s2648/1EY0A/1EY0A_V114I_relaxed.pdb,0
s2648,1EY0A_V114S,WT,s2648/1EY0A/1EY0A_relaxed.pdb,0
s2648,1EY0A_V114S,Mut,s2648/1EY0A/1EY0A_V114S_relaxed.pdb,0
s2648,1EY0A_K6G,WT,s2648/1EY0A/1EY0A_relaxed.pdb,0
s2648,1EY0A_K6G,Mut,s2648/1EY0A/1EY0A_K6G_relaxed.pdb,0
s2648,1EY0A_L7G,WT,s2648/1EY0A/1EY0A_relaxed.pdb,0
s2648,1EY0A_L7G,Mut,s2648/1EY0A/1EY0A_L7G_relaxed.pdb,0
s2648,1EY0A_L7V,WT,s2648/1EY0A/1EY0A_relaxed.pdb,0
s2648,1EY0A_L7V,Mut,s2648/1EY0A/1EY0A_L7V_relaxed.pdb,0
s2648,1EY0A_H8G,WT,s2648/1EY0A/1EY0A_relaxed.pdb,0
s2648,1EY0A_H8G,Mut,s2648/1EY0A/1EY0A_H8G_relaxed.pdb,0
s2648,1EY0A_K9F,WT,s2648/1EY0A/1EY0A_relaxed.pdb,0
s2648,1EY0A_K9F,Mut,s2648/1EY0A/1EY0A_K9F_relaxed.pdb,0
s2648,1EY0A_E10A,WT,s2648/1EY0A/1EY0A_relaxed.pdb,0
s2648,1EY0A_E10A,Mut,s2648/1EY0A/1EY0A_E10A_relaxed.pdb,0
s2648,1EY0A_E10K,WT,s2648/1EY0A/1EY0A_relaxed.pdb,0
s2648,1EY0A_E10K,Mut,s2648/1EY0A/1EY0A_E10K_relaxed.pdb,0
s2648,1EY0A_A12G,WT,s2648/1EY0A/1EY0A_relaxed.pdb,0
s2648,1EY0A_A12G,Mut,s2648/1EY0A/1EY0A_A12G_relaxed.pdb,0
s2648,1EY0A_T13A,WT,s2648/1EY0A/1EY0A_relaxed.pdb,0
s2648,1EY0A_T13A,Mut,s2648/1EY0A/1EY0A_T13A_relaxed.pdb,0
s2648,1EY0A_T13G,WT,s2648/1EY0A/1EY0A_relaxed.pdb,0
s2648,1EY0A_T13G,Mut,s2648/1EY0A/1EY0A_T13G_relaxed.pdb,0
s2648,1EY0A_T13S,WT,s2648/1EY0A/1EY0A_relaxed.pdb,0
s2648,1EY0A_T13S,Mut,s2648/1EY0A/1EY0A_T13S_relaxed.pdb,0
s2648,1EY0A_L14A,WT,s2648/1EY0A/1EY0A_relaxed.pdb,0
s2648,1EY0A_L14A,Mut,s2648/1EY0A/1EY0A_L14A_relaxed.pdb,0
s2648,1EY0A_L14I,WT,s2648/1EY0A/1EY0A_relaxed.pdb,0
s2648,1EY0A_L14I,Mut,s2648/1EY0A/1EY0A_L14I_relaxed.pdb,0
s2648,1EY0A_I15A,WT,s2648/1EY0A/1EY0A_relaxed.pdb,0
s2648,1EY0A_I15A,Mut,s2648/1EY0A/1EY0A_I15A_relaxed.pdb,0
s2648,1EY0A_I15L,WT,s2648/1EY0A/1EY0A_relaxed.pdb,0
s2648,1EY0A_I15L,Mut,s2648/1EY0A/1EY0A_I15L_relaxed.pdb,0
s2648,1EY0A_I15V,WT,s2648/1EY0A/1EY0A_relaxed.pdb,0
s2648,1EY0A_I15V,Mut,s2648/1EY0A/1EY0A_I15V_relaxed.pdb,0
s2648,1EY0A_K16F,WT,s2648/1EY0A/1EY0A_relaxed.pdb,0
s2648,1EY0A_K16F,Mut,s2648/1EY0A/1EY0A_K16F_relaxed.pdb,0
s2648,1EY0A_A17G,WT,s2648/1EY0A/1EY0A_relaxed.pdb,0
s2648,1EY0A_A17G,Mut,s2648/1EY0A/1EY0A_A17G_relaxed.pdb,0
s2648,1EY0A_I18A,WT,s2648/1EY0A/1EY0A_relaxed.pdb,0
s2648,1EY0A_I18A,Mut,s2648/1EY0A/1EY0A_I18A_relaxed.pdb,0
s2648,1EY0A_I18L,WT,s2648/1EY0A/1EY0A_relaxed.pdb,0
s2648,1EY0A_I18L,Mut,s2648/1EY0A/1EY0A_I18L_relaxed.pdb,0
s2648,1EY0A_I18V,WT,s2648/1EY0A/1EY0A_relaxed.pdb,0
s2648,1EY0A_I18V,Mut,s2648/1EY0A/1EY0A_I18V_relaxed.pdb,0
s2648,1EY0A_D19F,WT,s2648/1EY0A/1EY0A_relaxed.pdb,0
s2648,1EY0A_D19F,Mut,s2648/1EY0A/1EY0A_D19F_relaxed.pdb,0
s2648,1EY0A_D19K,WT,s2648/1EY0A/1EY0A_relaxed.pdb,0
s2648,1EY0A_D19K,Mut,s2648/1EY0A/1EY0A_D19K_relaxed.pdb,0
s2648,1EY0A_G20A,WT,s2648/1EY0A/1EY0A_relaxed.pdb,0
s2648,1EY0A_G20A,Mut,s2648/1EY0A/1EY0A_G20A_relaxed.pdb,0
s2648,1EY0A_D21A,WT,s2648/1EY0A/1EY0A_relaxed.pdb,0
s2648,1EY0A_D21A,Mut,s2648/1EY0A/1EY0A_D21A_relaxed.pdb,0
s2648,1EY0A_D21K,WT,s2648/1EY0A/1EY0A_relaxed.pdb,0
s2648,1EY0A_D21K,Mut,s2648/1EY0A/1EY0A_D21K_relaxed.pdb,0
s2648,1EY0A_T22A,WT,s2648/1EY0A/1EY0A_relaxed.pdb,0
s2648,1EY0A_T22A,Mut,s2648/1EY0A/1EY0A_T22A_relaxed.pdb,0
s2648,1EY0A_T22G,WT,s2648/1EY0A/1EY0A_relaxed.pdb,0
s2648,1EY0A_T22G,Mut,s2648/1EY0A/1EY0A_T22G_relaxed.pdb,0
s2648,1EY0A_T22S,WT,s2648/1EY0A/1EY0A_relaxed.pdb,0
s2648,1EY0A_T22S,Mut,s2648/1EY0A/1EY0A_T22S_relaxed.pdb,0
s2648,1EY0A_V23A,WT,s2648/1EY0A/1EY0A_relaxed.pdb,0
s2648,1EY0A_V23A,Mut,s2648/1EY0A/1EY0A_V23A_relaxed.pdb,0
s2648,1EY0A_V23I,WT,s2648/1EY0A/1EY0A_relaxed.pdb,0
s2648,1EY0A_V23I,Mut,s2648/1EY0A/1EY0A_V23I_relaxed.pdb,0
s2648,1EY0A_V23S,WT,s2648/1EY0A/1EY0A_relaxed.pdb,0
s2648,1EY0A_V23S,Mut,s2648/1EY0A/1EY0A_V23S_relaxed.pdb,0
s2648,1EY0A_K24A,WT,s2648/1EY0A/1EY0A_relaxed.pdb,0
s2648,1EY0A_K24A,Mut,s2648/1EY0A/1EY0A_K24A_relaxed.pdb,0
s2648,1EY0A_K24G,WT,s2648/1EY0A/1EY0A_relaxed.pdb,0
s2648,1EY0A_K24G,Mut,s2648/1EY0A/1EY0A_K24G_relaxed.pdb,0
s2648,1EY0A_L25G,WT,s2648/1EY0A/1EY0A_relaxed.pdb,0
s2648,1EY0A_L25G,Mut,s2648/1EY0A/1EY0A_L25G_relaxed.pdb,0
s2648,1EY0A_L25V,WT,s2648/1EY0A/1EY0A_relaxed.pdb,0
s2648,1EY0A_L25V,Mut,s2648/1EY0A/1EY0A_L25V_relaxed.pdb,0
s2648,1EY0A_M26G,WT,s2648/1EY0A/1EY0A_relaxed.pdb,0
s2648,1EY0A_M26G,Mut,s2648/1EY0A/1EY0A_M26G_relaxed.pdb,0
s2648,1EY0A_M26L,WT,s2648/1EY0A/1EY0A_relaxed.pdb,0
s2648,1EY0A_M26L,Mut,s2648/1EY0A/1EY0A_M26L_relaxed.pdb,0
s2648,1EY0A_Y27C,WT,s2648/1EY0A/1EY0A_relaxed.pdb,0
s2648,1EY0A_Y27C,Mut,s2648/1EY0A/1EY0A_Y27C_relaxed.pdb,0
s2648,1EY0A_Y27H,WT,s2648/1EY0A/1EY0A_relaxed.pdb,0
s2648,1EY0A_Y27H,Mut,s2648/1EY0A/1EY0A_Y27H_relaxed.pdb,0
s2648,1EY0A_Y27K,WT,s2648/1EY0A/1EY0A_relaxed.pdb,0
s2648,1EY0A_Y27K,Mut,s2648/1EY0A/1EY0A_Y27K_relaxed.pdb,0
s2648,1EY0A_Y27M,WT,s2648/1EY0A/1EY0A_relaxed.pdb,0
s2648,1EY0A_Y27M,Mut,s2648/1EY0A/1EY0A_Y27M_relaxed.pdb,0
s2648,1EY0A_Y27Q,WT,s2648/1EY0A/1EY0A_relaxed.pdb,0
s2648,1EY0A_Y27Q,Mut,s2648/1EY0A/1EY0A_Y27Q_relaxed.pdb,0
s2648,1EY0A_Y27S,WT,s2648/1EY0A/1EY0A_relaxed.pdb,0
s2648,1EY0A_Y27S,Mut,s2648/1EY0A/1EY0A_Y27S_relaxed.pdb,0
s2648,1EY0A_Y27V,WT,s2648/1EY0A/1EY0A_relaxed.pdb,0
s2648,1EY0A_Y27V,Mut,s2648/1EY0A/1EY0A_Y27V_relaxed.pdb,0
s2648,1EY0A_K28A,WT,s2648/1EY0A/1EY0A_relaxed.pdb,0
s2648,1EY0A_K28A,Mut,s2648/1EY0A/1EY0A_K28A_relaxed.pdb,0
s2648,1EY0A_K28F,WT,s2648/1EY0A/1EY0A_relaxed.pdb,0
s2648,1EY0A_K28F,Mut,s2648/1EY0A/1EY0A_K28F_relaxed.pdb,0
s2648,1EY0A_K28Q,WT,s2648/1EY0A/1EY0A_relaxed.pdb,0
s2648,1EY0A_K28Q,Mut,s2648/1EY0A/1EY0A_K28Q_relaxed.pdb,0
s2648,1EY0A_G29C,WT,s2648/1EY0A/1EY0A_relaxed.pdb,0
s2648,1EY0A_G29C,Mut,s2648/1EY0A/1EY0A_G29C_relaxed.pdb,0
s2648,1EY0A_G29V,WT,s2648/1EY0A/1EY0A_relaxed.pdb,0
s2648,1EY0A_G29V,Mut,s2648/1EY0A/1EY0A_G29V_relaxed.pdb,0
s2648,1EY0A_Q30G,WT,s2648/1EY0A/1EY0A_relaxed.pdb,0
s2648,1EY0A_Q30G,Mut,s2648/1EY0A/1EY0A_Q30G_relaxed.pdb,0
s2648,1EY0A_M32G,WT,s2648/1EY0A/1EY0A_relaxed.pdb,0
s2648,1EY0A_M32G,Mut,s2648/1EY0A/1EY0A_M32G_relaxed.pdb,0
s2648,1EY0A_M32L,WT,s2648/1EY0A/1EY0A_relaxed.pdb,0
s2648,1EY0A_M32L,Mut,s2648/1EY0A/1EY0A_M32L_relaxed.pdb,0
s2648,1EY0A_T33C,WT,s2648/1EY0A/1EY0A_relaxed.pdb,0
s2648,1EY0A_T33C,Mut,s2648/1EY0A/1EY0A_T33C_relaxed.pdb,0
s2648,1EY0A_T33I,WT,s2648/1EY0A/1EY0A_relaxed.pdb,0
s2648,1EY0A_T33I,Mut,s2648/1EY0A/1EY0A_T33I_relaxed.pdb,0
s2648,1EY0A_T33V,WT,s2648/1EY0A/1EY0A_relaxed.pdb,0
s2648,1EY0A_T33V,Mut,s2648/1EY0A/1EY0A_T33V_relaxed.pdb,0
s2648,1EY0A_Y115A,WT,s2648/1EY0A/1EY0A_relaxed.pdb,0
s2648,1EY0A_Y115A,Mut,s2648/1EY0A/1EY0A_Y115A_relaxed.pdb,0
s2648,1EY0A_Y115G,WT,s2648/1EY0A/1EY0A_relaxed.pdb,0
s2648,1EY0A_Y115G,Mut,s2648/1EY0A/1EY0A_Y115G_relaxed.pdb,0
s2648,1EY0A_K116A,WT,s2648/1EY0A/1EY0A_relaxed.pdb,0
s2648,1EY0A_K116A,Mut,s2648/1EY0A/1EY0A_K116A_relaxed.pdb,0
s2648,1EY0A_K116G,WT,s2648/1EY0A/1EY0A_relaxed.pdb,0
s2648,1EY0A_K116G,Mut,s2648/1EY0A/1EY0A_K116G_relaxed.pdb,0
s2648,1EY0A_N118D,WT,s2648/1EY0A/1EY0A_relaxed.pdb,0
s2648,1EY0A_N118D,Mut,s2648/1EY0A/1EY0A_N118D_relaxed.pdb,0
s2648,1EY0A_N119A,WT,s2648/1EY0A/1EY0A_relaxed.pdb,0
s2648,1EY0A_N119A,Mut,s2648/1EY0A/1EY0A_N119A_relaxed.pdb,0
s2648,1EY0A_T120A,WT,s2648/1EY0A/1EY0A_relaxed.pdb,0
s2648,1EY0A_T120A,Mut,s2648/1EY0A/1EY0A_T120A_relaxed.pdb,0
s2648,1EY0A_T120G,WT,s2648/1EY0A/1EY0A_relaxed.pdb,0
s2648,1EY0A_T120G,Mut,s2648/1EY0A/1EY0A_T120G_relaxed.pdb,0
s2648,1EY0A_T120S,WT,s2648/1EY0A/1EY0A_relaxed.pdb,0
s2648,1EY0A_T120S,Mut,s2648/1EY0A/1EY0A_T120S_relaxed.pdb,0
s2648,1EY0A_H121A,WT,s2648/1EY0A/1EY0A_relaxed.pdb,0
s2648,1EY0A_H121A,Mut,s2648/1EY0A/1EY0A_H121A_relaxed.pdb,0
s2648,1EY0A_E122A,WT,s2648/1EY0A/1EY0A_relaxed.pdb,0
s2648,1EY0A_E122A,Mut,s2648/1EY0A/1EY0A_E122A_relaxed.pdb,0
s2648,1EY0A_E122G,WT,s2648/1EY0A/1EY0A_relaxed.pdb,0
s2648,1EY0A_E122G,Mut,s2648/1EY0A/1EY0A_E122G_relaxed.pdb,0
s2648,1EY0A_E122Q,WT,s2648/1EY0A/1EY0A_relaxed.pdb,0
s2648,1EY0A_E122Q,Mut,s2648/1EY0A/1EY0A_E122Q_relaxed.pdb,0
s2648,1EY0A_Q123F,WT,s2648/1EY0A/1EY0A_relaxed.pdb,0
s2648,1EY0A_Q123F,Mut,s2648/1EY0A/1EY0A_Q123F_relaxed.pdb,0
s2648,1EY0A_H124A,WT,s2648/1EY0A/1EY0A_relaxed.pdb,0
s2648,1EY0A_H124A,Mut,s2648/1EY0A/1EY0A_H124A_relaxed.pdb,0
s2648,1EY0A_H124F,WT,s2648/1EY0A/1EY0A_relaxed.pdb,0
s2648,1EY0A_H124F,Mut,s2648/1EY0A/1EY0A_H124F_relaxed.pdb,0
s2648,1EY0A_H124L,WT,s2648/1EY0A/1EY0A_relaxed.pdb,0
s2648,1EY0A_H124L,Mut,s2648/1EY0A/1EY0A_H124L_relaxed.pdb,0
s2648,1EY0A_L125A,WT,s2648/1EY0A/1EY0A_relaxed.pdb,0
s2648,1EY0A_L125A,Mut,s2648/1EY0A/1EY0A_L125A_relaxed.pdb,0
s2648,1EY0A_L125V,WT,s2648/1EY0A/1EY0A_relaxed.pdb,0
s2648,1EY0A_L125V,Mut,s2648/1EY0A/1EY0A_L125V_relaxed.pdb,0
s2648,1EY0A_R126G,WT,s2648/1EY0A/1EY0A_relaxed.pdb,0
s2648,1EY0A_R126G,Mut,s2648/1EY0A/1EY0A_R126G_relaxed.pdb,0
s2648,1EY0A_K127E,WT,s2648/1EY0A/1EY0A_relaxed.pdb,0
s2648,1EY0A_K127E,Mut,s2648/1EY0A/1EY0A_K127E_relaxed.pdb,0
s2648,1EY0A_K127G,WT,s2648/1EY0A/1EY0A_relaxed.pdb,0
s2648,1EY0A_K127G,Mut,s2648/1EY0A/1EY0A_K127G_relaxed.pdb,0
s2648,1EY0A_S128A,WT,s2648/1EY0A/1EY0A_relaxed.pdb,0
s2648,1EY0A_S128A,Mut,s2648/1EY0A/1EY0A_S128A_relaxed.pdb,0
s2648,1EY0A_S128G,WT,s2648/1EY0A/1EY0A_relaxed.pdb,0
s2648,1EY0A_S128G,Mut,s2648/1EY0A/1EY0A_S128G_relaxed.pdb,0
s2648,1EY0A_E129F,WT,s2648/1EY0A/1EY0A_relaxed.pdb,0
s2648,1EY0A_E129F,Mut,s2648/1EY0A/1EY0A_E129F_relaxed.pdb,0
s2648,1EY0A_A130G,WT,s2648/1EY0A/1EY0A_relaxed.pdb,0
s2648,1EY0A_A130G,Mut,s2648/1EY0A/1EY0A_A130G_relaxed.pdb,0
s2648,1EY0A_Q131A,WT,s2648/1EY0A/1EY0A_relaxed.pdb,0
s2648,1EY0A_Q131A,Mut,s2648/1EY0A/1EY0A_Q131A_relaxed.pdb,0
s2648,1EY0A_Q131G,WT,s2648/1EY0A/1EY0A_relaxed.pdb,0
s2648,1EY0A_Q131G,Mut,s2648/1EY0A/1EY0A_Q131G_relaxed.pdb,0
s2648,1EY0A_A132V,WT,s2648/1EY0A/1EY0A_relaxed.pdb,0
s2648,1EY0A_A132V,Mut,s2648/1EY0A/1EY0A_A132V_relaxed.pdb,0
s2648,1EY0A_K133F,WT,s2648/1EY0A/1EY0A_relaxed.pdb,0
s2648,1EY0A_K133F,Mut,s2648/1EY0A/1EY0A_K133F_relaxed.pdb,0
s2648,1EY0A_K133Q,WT,s2648/1EY0A/1EY0A_relaxed.pdb,0
s2648,1EY0A_K133Q,Mut,s2648/1EY0A/1EY0A_K133Q_relaxed.pdb,0
s2648,1EY0A_K134C,WT,s2648/1EY0A/1EY0A_relaxed.pdb,0
s2648,1EY0A_K134C,Mut,s2648/1EY0A/1EY0A_K134C_relaxed.pdb,0
s2648,1EY0A_K134G,WT,s2648/1EY0A/1EY0A_relaxed.pdb,0
s2648,1EY0A_K134G,Mut,s2648/1EY0A/1EY0A_K134G_relaxed.pdb,0
s2648,1EY0A_E135F,WT,s2648/1EY0A/1EY0A_relaxed.pdb,0
s2648,1EY0A_E135F,Mut,s2648/1EY0A/1EY0A_E135F_relaxed.pdb,0
s2648,1EY0A_E135K,WT,s2648/1EY0A/1EY0A_relaxed.pdb,0
s2648,1EY0A_E135K,Mut,s2648/1EY0A/1EY0A_E135K_relaxed.pdb,0
s2648,1EY0A_K136A,WT,s2648/1EY0A/1EY0A_relaxed.pdb,0
s2648,1EY0A_K136A,Mut,s2648/1EY0A/1EY0A_K136A_relaxed.pdb,0
s2648,1EY0A_K136G,WT,s2648/1EY0A/1EY0A_relaxed.pdb,0
s2648,1EY0A_K136G,Mut,s2648/1EY0A/1EY0A_K136G_relaxed.pdb,0
s2648,1EY0A_L137G,WT,s2648/1EY0A/1EY0A_relaxed.pdb,0
s2648,1EY0A_L137G,Mut,s2648/1EY0A/1EY0A_L137G_relaxed.pdb,0
s2648,1EY0A_L137V,WT,s2648/1EY0A/1EY0A_relaxed.pdb,0
s2648,1EY0A_L137V,Mut,s2648/1EY0A/1EY0A_L137V_relaxed.pdb,0
s2648,1EY0A_N138G,WT,s2648/1EY0A/1EY0A_relaxed.pdb,0
s2648,1EY0A_N138G,Mut,s2648/1EY0A/1EY0A_N138G_relaxed.pdb,0
s2648,1EY0A_I139G,WT,s2648/1EY0A/1EY0A_relaxed.pdb,0
s2648,1EY0A_I139G,Mut,s2648/1EY0A/1EY0A_I139G_relaxed.pdb,0
s2648,1EY0A_I139M,WT,s2648/1EY0A/1EY0A_relaxed.pdb,0
s2648,1EY0A_I139M,Mut,s2648/1EY0A/1EY0A_I139M_relaxed.pdb,0
s2648,1EY0A_S141A,WT,s2648/1EY0A/1EY0A_relaxed.pdb,0
s2648,1EY0A_S141A,Mut,s2648/1EY0A/1EY0A_S141A_relaxed.pdb,0
s2648,1EY0A_R35A,WT,s2648/1EY0A/1EY0A_relaxed.pdb,0
s2648,1EY0A_R35A,Mut,s2648/1EY0A/1EY0A_R35A_relaxed.pdb,0
s2648,1EY0A_L36A,WT,s2648/1EY0A/1EY0A_relaxed.pdb,0
s2648,1EY0A_L36A,Mut,s2648/1EY0A/1EY0A_L36A_relaxed.pdb,0
s2648,1EY0A_L36V,WT,s2648/1EY0A/1EY0A_relaxed.pdb,0
s2648,1EY0A_L36V,Mut,s2648/1EY0A/1EY0A_L36V_relaxed.pdb,0
s2648,1EY0A_L37G,WT,s2648/1EY0A/1EY0A_relaxed.pdb,0
s2648,1EY0A_L37G,Mut,s2648/1EY0A/1EY0A_L37G_relaxed.pdb,0
s2648,1EY0A_L37V,WT,s2648/1EY0A/1EY0A_relaxed.pdb,0
s2648,1EY0A_L37V,Mut,s2648/1EY0A/1EY0A_L37V_relaxed.pdb,0
s2648,1EY0A_L38G,WT,s2648/1EY0A/1EY0A_relaxed.pdb,0
s2648,1EY0A_L38G,Mut,s2648/1EY0A/1EY0A_L38G_relaxed.pdb,0
s2648,1EY0A_L38V,WT,s2648/1EY0A/1EY0A_relaxed.pdb,0
s2648,1EY0A_L38V,Mut,s2648/1EY0A/1EY0A_L38V_relaxed.pdb,0
s2648,1EY0A_V39G,WT,s2648/1EY0A/1EY0A_relaxed.pdb,0
s2648,1EY0A_V39G,Mut,s2648/1EY0A/1EY0A_V39G_relaxed.pdb,0
s2648,1EY0A_V39L,WT,s2648/1EY0A/1EY0A_relaxed.pdb,0
s2648,1EY0A_V39L,Mut,s2648/1EY0A/1EY0A_V39L_relaxed.pdb,0
s2648,1EY0A_V39T,WT,s2648/1EY0A/1EY0A_relaxed.pdb,0
s2648,1EY0A_V39T,Mut,s2648/1EY0A/1EY0A_V39T_relaxed.pdb,0
s2648,1EY0A_T41C,WT,s2648/1EY0A/1EY0A_relaxed.pdb,0
s2648,1EY0A_T41C,Mut,s2648/1EY0A/1EY0A_T41C_relaxed.pdb,0
s2648,1EY0A_T41I,WT,s2648/1EY0A/1EY0A_relaxed.pdb,0
s2648,1EY0A_T41I,Mut,s2648/1EY0A/1EY0A_T41I_relaxed.pdb,0
s2648,1EY0A_T41V,WT,s2648/1EY0A/1EY0A_relaxed.pdb,0
s2648,1EY0A_T41V,Mut,s2648/1EY0A/1EY0A_T41V_relaxed.pdb,0
s2648,1EY0A_E43D,WT,s2648/1EY0A/1EY0A_relaxed.pdb,0
s2648,1EY0A_E43D,Mut,s2648/1EY0A/1EY0A_E43D_relaxed.pdb,0
s2648,1EY0A_T44A,WT,s2648/1EY0A/1EY0A_relaxed.pdb,0
s2648,1EY0A_T44A,Mut,s2648/1EY0A/1EY0A_T44A_relaxed.pdb,0
s2648,1EY0A_T44G,WT,s2648/1EY0A/1EY0A_relaxed.pdb,0
s2648,1EY0A_T44G,Mut,s2648/1EY0A/1EY0A_T44G_relaxed.pdb,0
s2648,1EY0A_T44S,WT,s2648/1EY0A/1EY0A_relaxed.pdb,0
s2648,1EY0A_T44S,Mut,s2648/1EY0A/1EY0A_T44S_relaxed.pdb,0
s2648,1EY0A_K45A,WT,s2648/1EY0A/1EY0A_relaxed.pdb,0
s2648,1EY0A_K45A,Mut,s2648/1EY0A/1EY0A_K45A_relaxed.pdb,0
s2648,1EY0A_H46A,WT,s2648/1EY0A/1EY0A_relaxed.pdb,0
s2648,1EY0A_H46A,Mut,s2648/1EY0A/1EY0A_H46A_relaxed.pdb,0
s2648,1EY0A_H46Y,WT,s2648/1EY0A/1EY0A_relaxed.pdb,0
s2648,1EY0A_H46Y,Mut,s2648/1EY0A/1EY0A_H46Y_relaxed.pdb,0
s2648,1EY0A_K48E,WT,s2648/1EY0A/1EY0A_relaxed.pdb,0
s2648,1EY0A_K48E,Mut,s2648/1EY0A/1EY0A_K48E_relaxed.pdb,0
s2648,1EY0A_K48G,WT,s2648/1EY0A/1EY0A_relaxed.pdb,0
s2648,1EY0A_K48G,Mut,s2648/1EY0A/1EY0A_K48G_relaxed.pdb,0
s2648,1EY0A_K49A,WT,s2648/1EY0A/1EY0A_relaxed.pdb,0
s2648,1EY0A_K49A,Mut,s2648/1EY0A/1EY0A_K49A_relaxed.pdb,0
s2648,1EY0A_K49G,WT,s2648/1EY0A/1EY0A_relaxed.pdb,0
s2648,1EY0A_K49G,Mut,s2648/1EY0A/1EY0A_K49G_relaxed.pdb,0
s2648,1EY0A_G50C,WT,s2648/1EY0A/1EY0A_relaxed.pdb,0
s2648,1EY0A_G50C,Mut,s2648/1EY0A/1EY0A_G50C_relaxed.pdb,0
s2648,1EY0A_G50V,WT,s2648/1EY0A/1EY0A_relaxed.pdb,0
s2648,1EY0A_G50V,Mut,s2648/1EY0A/1EY0A_G50V_relaxed.pdb,0
s2648,1EY0A_V51G,WT,s2648/1EY0A/1EY0A_relaxed.pdb,0
s2648,1EY0A_V51G,Mut,s2648/1EY0A/1EY0A_V51G_relaxed.pdb,0
s2648,1EY0A_V51L,WT,s2648/1EY0A/1EY0A_relaxed.pdb,0
s2648,1EY0A_V51L,Mut,s2648/1EY0A/1EY0A_V51L_relaxed.pdb,0
s2648,1EY0A_V51T,WT,s2648/1EY0A/1EY0A_relaxed.pdb,0
s2648,1EY0A_V51T,Mut,s2648/1EY0A/1EY0A_V51T_relaxed.pdb,0
s2648,1EY0A_E52F,WT,s2648/1EY0A/1EY0A_relaxed.pdb,0
s2648,1EY0A_E52F,Mut,s2648/1EY0A/1EY0A_E52F_relaxed.pdb,0
s2648,1EY0A_K53A,WT,s2648/1EY0A/1EY0A_relaxed.pdb,0
s2648,1EY0A_K53A,Mut,s2648/1EY0A/1EY0A_K53A_relaxed.pdb,0
s2648,1EY0A_Y54A,WT,s2648/1EY0A/1EY0A_relaxed.pdb,0
s2648,1EY0A_Y54A,Mut,s2648/1EY0A/1EY0A_Y54A_relaxed.pdb,0
s2648,1EY0A_Y54G,WT,s2648/1EY0A/1EY0A_relaxed.pdb,0
s2648,1EY0A_Y54G,Mut,s2648/1EY0A/1EY0A_Y54G_relaxed.pdb,0
s2648,1EY0A_G55A,WT,s2648/1EY0A/1EY0A_relaxed.pdb,0
s2648,1EY0A_G55A,Mut,s2648/1EY0A/1EY0A_G55A_relaxed.pdb,0
s2648,1EY0A_E57A,WT,s2648/1EY0A/1EY0A_relaxed.pdb,0
s2648,1EY0A_E57A,Mut,s2648/1EY0A/1EY0A_E57A_relaxed.pdb,0
s2648,1EY0A_E57F,WT,s2648/1EY0A/1EY0A_relaxed.pdb,0
s2648,1EY0A_E57F,Mut,s2648/1EY0A/1EY0A_E57F_relaxed.pdb,0
s2648,1EY0A_E57K,WT,s2648/1EY0A/1EY0A_relaxed.pdb,0
s2648,1EY0A_E57K,Mut,s2648/1EY0A/1EY0A_E57K_relaxed.pdb,0
s2648,1EY0A_A58G,WT,s2648/1EY0A/1EY0A_relaxed.pdb,0
s2648,1EY0A_A58G,Mut,s2648/1EY0A/1EY0A_A58G_relaxed.pdb,0
s2648,1EY0A_S59A,WT,s2648/1EY0A/1EY0A_relaxed.pdb,0
s2648,1EY0A_S59A,Mut,s2648/1EY0A/1EY0A_S59A_relaxed.pdb,0
s2648,1EY0A_S59G,WT,s2648/1EY0A/1EY0A_relaxed.pdb,0
s2648,1EY0A_S59G,Mut,s2648/1EY0A/1EY0A_S59G_relaxed.pdb,0
s2648,1EY0A_A60F,WT,s2648/1EY0A/1EY0A_relaxed.pdb,0
s2648,1EY0A_A60F,Mut,s2648/1EY0A/1EY0A_A60F_relaxed.pdb,0
s2648,1EY0A_A60V,WT,s2648/1EY0A/1EY0A_relaxed.pdb,0
s2648,1EY0A_A60V,Mut,s2648/1EY0A/1EY0A_A60V_relaxed.pdb,0
s2648,1EY0A_F61G,WT,s2648/1EY0A/1EY0A_relaxed.pdb,0
s2648,1EY0A_F61G,Mut,s2648/1EY0A/1EY0A_F61G_relaxed.pdb,0
s2648,1EY0A_T62C,WT,s2648/1EY0A/1EY0A_relaxed.pdb,0
s2648,1EY0A_T62C,Mut,s2648/1EY0A/1EY0A_T62C_relaxed.pdb,0
s2648,1EY0A_T62I,WT,s2648/1EY0A/1EY0A_relaxed.pdb,0
s2648,1EY0A_T62I,Mut,s2648/1EY0A/1EY0A_T62I_relaxed.pdb,0
s2648,1EY0A_T62V,WT,s2648/1EY0A/1EY0A_relaxed.pdb,0
s2648,1EY0A_T62V,Mut,s2648/1EY0A/1EY0A_T62V_relaxed.pdb,0
s2648,1EY0A_K63E,WT,s2648/1EY0A/1EY0A_relaxed.pdb,0
s2648,1EY0A_K63E,Mut,s2648/1EY0A/1EY0A_K63E_relaxed.pdb,0
s2648,1EY0A_K63G,WT,s2648/1EY0A/1EY0A_relaxed.pdb,0
s2648,1EY0A_K63G,Mut,s2648/1EY0A/1EY0A_K63G_relaxed.pdb,0
s2648,1EY0A_K64A,WT,s2648/1EY0A/1EY0A_relaxed.pdb,0
s2648,1EY0A_K64A,Mut,s2648/1EY0A/1EY0A_K64A_relaxed.pdb,0
s2648,1EY0A_K64F,WT,s2648/1EY0A/1EY0A_relaxed.pdb,0
s2648,1EY0A_K64F,Mut,s2648/1EY0A/1EY0A_K64F_relaxed.pdb,0
s2648,1EY0A_K64Q,WT,s2648/1EY0A/1EY0A_relaxed.pdb,0
s2648,1EY0A_K64Q,Mut,s2648/1EY0A/1EY0A_K64Q_relaxed.pdb,0
s2648,1EY0A_M65F,WT,s2648/1EY0A/1EY0A_relaxed.pdb,0
s2648,1EY0A_M65F,Mut,s2648/1EY0A/1EY0A_M65F_relaxed.pdb,0
s2648,1EY0A_M65I,WT,s2648/1EY0A/1EY0A_relaxed.pdb,0
s2648,1EY0A_M65I,Mut,s2648/1EY0A/1EY0A_M65I_relaxed.pdb,0
s2648,1EY0A_V66A,WT,s2648/1EY0A/1EY0A_relaxed.pdb,0
s2648,1EY0A_V66A,Mut,s2648/1EY0A/1EY0A_V66A_relaxed.pdb,0
s2648,1EY0A_V66I,WT,s2648/1EY0A/1EY0A_relaxed.pdb,0
s2648,1EY0A_V66I,Mut,s2648/1EY0A/1EY0A_V66I_relaxed.pdb,0
s2648,1EY0A_V66L,WT,s2648/1EY0A/1EY0A_relaxed.pdb,0
s2648,1EY0A_V66L,Mut,s2648/1EY0A/1EY0A_V66L_relaxed.pdb,0
s2648,1EY0A_V66S,WT,s2648/1EY0A/1EY0A_relaxed.pdb,0
s2648,1EY0A_V66S,Mut,s2648/1EY0A/1EY0A_V66S_relaxed.pdb,0
s2648,1EY0A_V66W,WT,s2648/1EY0A/1EY0A_relaxed.pdb,0
s2648,1EY0A_V66W,Mut,s2648/1EY0A/1EY0A_V66W_relaxed.pdb,0
s2648,1EY0A_E67F,WT,s2648/1EY0A/1EY0A_relaxed.pdb,0
s2648,1EY0A_E67F,Mut,s2648/1EY0A/1EY0A_E67F_relaxed.pdb,0
s2648,1EY0A_E67Q,WT,s2648/1EY0A/1EY0A_relaxed.pdb,0
s2648,1EY0A_E67Q,Mut,s2648/1EY0A/1EY0A_E67Q_relaxed.pdb,0
s2648,1EY0A_N68G,WT,s2648/1EY0A/1EY0A_relaxed.pdb,0
s2648,1EY0A_N68G,Mut,s2648/1EY0A/1EY0A_N68G_relaxed.pdb,0
s2648,1EY0A_K70A,WT,s2648/1EY0A/1EY0A_relaxed.pdb,0
s2648,1EY0A_K70A,Mut,s2648/1EY0A/1EY0A_K70A_relaxed.pdb,0
s2648,1EY0A_K70E,WT,s2648/1EY0A/1EY0A_relaxed.pdb,0
s2648,1EY0A_K70E,Mut,s2648/1EY0A/1EY0A_K70E_relaxed.pdb,0
s2648,1EY0A_K70G,WT,s2648/1EY0A/1EY0A_relaxed.pdb,0
s2648,1EY0A_K70G,Mut,s2648/1EY0A/1EY0A_K70G_relaxed.pdb,0
s2648,1EY0A_K70W,WT,s2648/1EY0A/1EY0A_relaxed.pdb,0
s2648,1EY0A_K70W,Mut,s2648/1EY0A/1EY0A_K70W_relaxed.pdb,0
s2648,1EY0A_K71F,WT,s2648/1EY0A/1EY0A_relaxed.pdb,0
s2648,1EY0A_K71F,Mut,s2648/1EY0A/1EY0A_K71F_relaxed.pdb,0
s2648,1EY0A_I72L,WT,s2648/1EY0A/1EY0A_relaxed.pdb,0
s2648,1EY0A_I72L,Mut,s2648/1EY0A/1EY0A_I72L_relaxed.pdb,0
s2648,1EY0A_I72V,WT,s2648/1EY0A/1EY0A_relaxed.pdb,0
s2648,1EY0A_I72V,Mut,s2648/1EY0A/1EY0A_I72V_relaxed.pdb,0
s2648,1EY0A_E73F,WT,s2648/1EY0A/1EY0A_relaxed.pdb,0
s2648,1EY0A_E73F,Mut,s2648/1EY0A/1EY0A_E73F_relaxed.pdb,0
s2648,1EY0A_E73K,WT,s2648/1EY0A/1EY0A_relaxed.pdb,0
s2648,1EY0A_E73K,Mut,s2648/1EY0A/1EY0A_E73K_relaxed.pdb,0
s2648,1EY0A_V74A,WT,s2648/1EY0A/1EY0A_relaxed.pdb,0
s2648,1EY0A_V74A,Mut,s2648/1EY0A/1EY0A_V74A_relaxed.pdb,0
s2648,1EY0A_V74L,WT,s2648/1EY0A/1EY0A_relaxed.pdb,0
s2648,1EY0A_V74L,Mut,s2648/1EY0A/1EY0A_V74L_relaxed.pdb,0
s2648,1EY0A_E75A,WT,s2648/1EY0A/1EY0A_relaxed.pdb,0
s2648,1EY0A_E75A,Mut,s2648/1EY0A/1EY0A_E75A_relaxed.pdb,0
s2648,1EY0A_E75K,WT,s2648/1EY0A/1EY0A_relaxed.pdb,0
s2648,1EY0A_E75K,Mut,s2648/1EY0A/1EY0A_E75K_relaxed.pdb,0
s2648,1EY0A_E75V,WT,s2648/1EY0A/1EY0A_relaxed.pdb,0
s2648,1EY0A_E75V,Mut,s2648/1EY0A/1EY0A_E75V_relaxed.pdb,0
s2648,1EY0A_F76G,WT,s2648/1EY0A/1EY0A_relaxed.pdb,0
s2648,1EY0A_F76G,Mut,s2648/1EY0A/1EY0A_F76G_relaxed.pdb,0
s2648,1EY0A_D77G,WT,s2648/1EY0A/1EY0A_relaxed.pdb,0
s2648,1EY0A_D77G,Mut,s2648/1EY0A/1EY0A_D77G_relaxed.pdb,0
s2648,1EY0A_D77N,WT,s2648/1EY0A/1EY0A_relaxed.pdb,0
s2648,1EY0A_D77N,Mut,s2648/1EY0A/1EY0A_D77N_relaxed.pdb,0
s2648,1EY0A_K78C,WT,s2648/1EY0A/1EY0A_relaxed.pdb,0
s2648,1EY0A_K78C,Mut,s2648/1EY0A/1EY0A_K78C_relaxed.pdb,0
s2648,1EY0A_K78F,WT,s2648/1EY0A/1EY0A_relaxed.pdb,0
s2648,1EY0A_K78F,Mut,s2648/1EY0A/1EY0A_K78F_relaxed.pdb,0
s2648,1EY0A_K78Q,WT,s2648/1EY0A/1EY0A_relaxed.pdb,0
s2648,1EY0A_K78Q,Mut,s2648/1EY0A/1EY0A_K78Q_relaxed.pdb,0
s2648,1EY0A_G79D,WT,s2648/1EY0A/1EY0A_relaxed.pdb,0
s2648,1EY0A_G79D,Mut,s2648/1EY0A/1EY0A_G79D_relaxed.pdb,0
s2648,1EY0A_G79V,WT,s2648/1EY0A/1EY0A_relaxed.pdb,0
s2648,1EY0A_G79V,Mut,s2648/1EY0A/1EY0A_G79V_relaxed.pdb,0
s2648,1EY0A_Q80F,WT,s2648/1EY0A/1EY0A_relaxed.pdb,0
s2648,1EY0A_Q80F,Mut,s2648/1EY0A/1EY0A_Q80F_relaxed.pdb,0
s2648,1EY0A_R81A,WT,s2648/1EY0A/1EY0A_relaxed.pdb,0
s2648,1EY0A_R81A,Mut,s2648/1EY0A/1EY0A_R81A_relaxed.pdb,0
s2648,1EY0A_T82A,WT,s2648/1EY0A/1EY0A_relaxed.pdb,0
s2648,1EY0A_T82A,Mut,s2648/1EY0A/1EY0A_T82A_relaxed.pdb,0
s2648,1EY0A_T82G,WT,s2648/1EY0A/1EY0A_relaxed.pdb,0
s2648,1EY0A_T82G,Mut,s2648/1EY0A/1EY0A_T82G_relaxed.pdb,0
s2648,1EY0A_T82S,WT,s2648/1EY0A/1EY0A_relaxed.pdb,0
s2648,1EY0A_T82S,Mut,s2648/1EY0A/1EY0A_T82S_relaxed.pdb,0
s2648,1EY0A_D83A,WT,s2648/1EY0A/1EY0A_relaxed.pdb,0
s2648,1EY0A_D83A,Mut,s2648/1EY0A/1EY0A_D83A_relaxed.pdb,0
s2648,1EY0A_K84A,WT,s2648/1EY0A/1EY0A_relaxed.pdb,0
s2648,1EY0A_K84A,Mut,s2648/1EY0A/1EY0A_K84A_relaxed.pdb,0
s2648,1EY0A_K84F,WT,s2648/1EY0A/1EY0A_relaxed.pdb,0
s2648,1EY0A_K84F,Mut,s2648/1EY0A/1EY0A_K84F_relaxed.pdb,0
s2648,1EY0A_K84Q,WT,s2648/1EY0A/1EY0A_relaxed.pdb,0
s2648,1EY0A_K84Q,Mut,s2648/1EY0A/1EY0A_K84Q_relaxed.pdb,0
s2648,1EY0A_Y85F,WT,s2648/1EY0A/1EY0A_relaxed.pdb,0
s2648,1EY0A_Y85F,Mut,s2648/1EY0A/1EY0A_Y85F_relaxed.pdb,0
s2648,1EY0A_Y85L,WT,s2648/1EY0A/1EY0A_relaxed.pdb,0
s2648,1EY0A_Y85L,Mut,s2648/1EY0A/1EY0A_Y85L_relaxed.pdb,0
s2648,1EY0A_G86F,WT,s2648/1EY0A/1EY0A_relaxed.pdb,0
s2648,1EY0A_G86F,Mut,s2648/1EY0A/1EY0A_G86F_relaxed.pdb,0
s2648,1EY0A_R87A,WT,s2648/1EY0A/1EY0A_relaxed.pdb,0
s2648,1EY0A_R87A,Mut,s2648/1EY0A/1EY0A_R87A_relaxed.pdb,0
s2648,1EY0A_G88A,WT,s2648/1EY0A/1EY0A_relaxed.pdb,0
s2648,1EY0A_G88A,Mut,s2648/1EY0A/1EY0A_G88A_relaxed.pdb,0
s2648,1EY0A_G88W,WT,s2648/1EY0A/1EY0A_relaxed.pdb,0
s2648,1EY0A_G88W,Mut,s2648/1EY0A/1EY0A_G88W_relaxed.pdb,0
s2648,1EY0A_L89F,WT,s2648/1EY0A/1EY0A_relaxed.pdb,0
s2648,1EY0A_L89F,Mut,s2648/1EY0A/1EY0A_L89F_relaxed.pdb,0
s2648,1EY0A_L89I,WT,s2648/1EY0A/1EY0A_relaxed.pdb,0
s2648,1EY0A_L89I,Mut,s2648/1EY0A/1EY0A_L89I_relaxed.pdb,0
s2648,1EY0A_A90G,WT,s2648/1EY0A/1EY0A_relaxed.pdb,0
s2648,1EY0A_A90G,Mut,s2648/1EY0A/1EY0A_A90G_relaxed.pdb,0
s2648,1EY0A_A90V,WT,s2648/1EY0A/1EY0A_relaxed.pdb,0
s2648,1EY0A_A90V,Mut,s2648/1EY0A/1EY0A_A90V_relaxed.pdb,0
s2648,1EY0A_Y91L,WT,s2648/1EY0A/1EY0A_relaxed.pdb,0
s2648,1EY0A_Y91L,Mut,s2648/1EY0A/1EY0A_Y91L_relaxed.pdb,0
s2648,1EY0A_I92L,WT,s2648/1EY0A/1EY0A_relaxed.pdb,0
s2648,1EY0A_I92L,Mut,s2648/1EY0A/1EY0A_I92L_relaxed.pdb,0
s2648,1EY0A_I92V,WT,s2648/1EY0A/1EY0A_relaxed.pdb,0
s2648,1EY0A_I92V,Mut,s2648/1EY0A/1EY0A_I92V_relaxed.pdb,0
s2648,1EY0A_Y93L,WT,s2648/1EY0A/1EY0A_relaxed.pdb,0
s2648,1EY0A_Y93L,Mut,s2648/1EY0A/1EY0A_Y93L_relaxed.pdb,0
s2648,1EY0A_A94V,WT,s2648/1EY0A/1EY0A_relaxed.pdb,0
s2648,1EY0A_A94V,Mut,s2648/1EY0A/1EY0A_A94V_relaxed.pdb,0
s2648,1EY0A_D95G,WT,s2648/1EY0A/1EY0A_relaxed.pdb,0
s2648,1EY0A_D95G,Mut,s2648/1EY0A/1EY0A_D95G_relaxed.pdb,0
s2648,1EY0A_G96F,WT,s2648/1EY0A/1EY0A_relaxed.pdb,0
s2648,1EY0A_G96F,Mut,s2648/1EY0A/1EY0A_G96F_relaxed.pdb,0
s2648,1EY0A_K97A,WT,s2648/1EY0A/1EY0A_relaxed.pdb,0
s2648,1EY0A_K97A,Mut,s2648/1EY0A/1EY0A_K97A_relaxed.pdb,0
s2648,1EY0A_K97F,WT,s2648/1EY0A/1EY0A_relaxed.pdb,0
s2648,1EY0A_K97F,Mut,s2648/1EY0A/1EY0A_K97F_relaxed.pdb,0
s2648,1EY0A_K97Q,WT,s2648/1EY0A/1EY0A_relaxed.pdb,0
s2648,1EY0A_K97Q,Mut,s2648/1EY0A/1EY0A_K97Q_relaxed.pdb,0
s2648,1EY0A_M98G,WT,s2648/1EY0A/1EY0A_relaxed.pdb,0
s2648,1EY0A_M98G,Mut,s2648/1EY0A/1EY0A_M98G_relaxed.pdb,0
s2648,1EY0A_M98L,WT,s2648/1EY0A/1EY0A_relaxed.pdb,0
s2648,1EY0A_M98L,Mut,s2648/1EY0A/1EY0A_M98L_relaxed.pdb,0
s2648,1EY0A_V99I,WT,s2648/1EY0A/1EY0A_relaxed.pdb,0
s2648,1EY0A_V99I,Mut,s2648/1EY0A/1EY0A_V99I_relaxed.pdb,0
s2648,1EY0A_V99T,WT,s2648/1EY0A/1EY0A_relaxed.pdb,0
s2648,1EY0A_V99T,Mut,s2648/1EY0A/1EY0A_V99T_relaxed.pdb,0
s2648,1EY0A_E101A,WT,s2648/1EY0A/1EY0A_relaxed.pdb,0
s2648,1EY0A_E101A,Mut,s2648/1EY0A/1EY0A_E101A_relaxed.pdb,0
s2648,1EY0A_E101G,WT,s2648/1EY0A/1EY0A_relaxed.pdb,0
s2648,1EY0A_E101G,Mut,s2648/1EY0A/1EY0A_E101G_relaxed.pdb,0
s2648,1EY0A_A102G,WT,s2648/1EY0A/1EY0A_relaxed.pdb,0
s2648,1EY0A_A102G,Mut,s2648/1EY0A/1EY0A_A102G_relaxed.pdb,0
s2648,1EY0A_L103A,WT,s2648/1EY0A/1EY0A_relaxed.pdb,0
s2648,1EY0A_L103A,Mut,s2648/1EY0A/1EY0A_L103A_relaxed.pdb,0
s2648,1EY0A_L103V,WT,s2648/1EY0A/1EY0A_relaxed.pdb,0
s2648,1EY0A_L103V,Mut,s2648/1EY0A/1EY0A_L103V_relaxed.pdb,0
s2648,1EY0A_V104I,WT,s2648/1EY0A/1EY0A_relaxed.pdb,0
s2648,1EY0A_V104I,Mut,s2648/1EY0A/1EY0A_V104I_relaxed.pdb,0
s2648,1EY0A_V104S,WT,s2648/1EY0A/1EY0A_relaxed.pdb,0
s2648,1EY0A_V104S,Mut,s2648/1EY0A/1EY0A_V104S_relaxed.pdb,0
s2648,1EY0A_R105A,WT,s2648/1EY0A/1EY0A_relaxed.pdb,0
s2648,1EY0A_R105A,Mut,s2648/1EY0A/1EY0A_R105A_relaxed.pdb,0
s2648,1EY0A_R105F,WT,s2648/1EY0A/1EY0A_relaxed.pdb,0
s2648,1EY0A_R105F,Mut,s2648/1EY0A/1EY0A_R105F_relaxed.pdb,0
s2648,1EY0A_Q106A,WT,s2648/1EY0A/1EY0A_relaxed.pdb,0
s2648,1EY0A_Q106A,Mut,s2648/1EY0A/1EY0A_Q106A_relaxed.pdb,0
s2648,1EY0A_G107A,WT,s2648/1EY0A/1EY0A_relaxed.pdb,0
s2648,1EY0A_G107A,Mut,s2648/1EY0A/1EY0A_G107A_relaxed.pdb,0
s2648,1EY0A_L108V,WT,s2648/1EY0A/1EY0A_relaxed.pdb,0
s2648,1EY0A_L108V,Mut,s2648/1EY0A/1EY0A_L108V_relaxed.pdb,0
s2648,1EY0A_A109V,WT,s2648/1EY0A/1EY0A_relaxed.pdb,0
s2648,1EY0A_A109V,Mut,s2648/1EY0A/1EY0A_A109V_relaxed.pdb,0
s2648,1EY0A_K110G,WT,s2648/1EY0A/1EY0A_relaxed.pdb,0
s2648,1EY0A_K110G,Mut,s2648/1EY0A/1EY0A_K110G_relaxed.pdb,0
s2648,1EY0A_V111G,WT,s2648/1EY0A/1EY0A_relaxed.pdb,0
s2648,1EY0A_V111G,Mut,s2648/1EY0A/1EY0A_V111G_relaxed.pdb,0
s2648,1EY0A_V111L,WT,s2648/1EY0A/1EY0A_relaxed.pdb,0
s2648,1EY0A_V111L,Mut,s2648/1EY0A/1EY0A_V111L_relaxed.pdb,0
s2648,1EY0A_V111T,WT,s2648/1EY0A/1EY0A_relaxed.pdb,0
s2648,1EY0A_V111T,Mut,s2648/1EY0A/1EY0A_V111T_relaxed.pdb,0
s2648,1EY0A_A112F,WT,s2648/1EY0A/1EY0A_relaxed.pdb,0
s2648,1EY0A_A112F,Mut,s2648/1EY0A/1EY0A_A112F_relaxed.pdb,0
s2648,1EY0A_A112V,WT,s2648/1EY0A/1EY0A_relaxed.pdb,0
s2648,1EY0A_A112V,Mut,s2648/1EY0A/1EY0A_A112V_relaxed.pdb,0
s2648,1EY0A_Y113F,WT,s2648/1EY0A/1EY0A_relaxed.pdb,0
s2648,1EY0A_Y113F,Mut,s2648/1EY0A/1EY0A_Y113F_relaxed.pdb,0
s2648,1EY0A_Y113L,WT,s2648/1EY0A/1EY0A_relaxed.pdb,0
s2648,1EY0A_Y113L,Mut,s2648/1EY0A/1EY0A_Y113L_relaxed.pdb,0
s2648,1EY0A_V114G,WT,s2648/1EY0A/1EY0A_relaxed.pdb,0
s2648,1EY0A_V114G,Mut,s2648/1EY0A/1EY0A_V114G_relaxed.pdb,0
s2648,1EY0A_V114L,WT,s2648/1EY0A/1EY0A_relaxed.pdb,0
s2648,1EY0A_V114L,Mut,s2648/1EY0A/1EY0A_V114L_relaxed.pdb,0
s2648,1EY0A_V114T,WT,s2648/1EY0A/1EY0A_relaxed.pdb,0
s2648,1EY0A_V114T,Mut,s2648/1EY0A/1EY0A_V114T_relaxed.pdb,0
s2648,1EY0A_Y115F,WT,s2648/1EY0A/1EY0A_relaxed.pdb,0
s2648,1EY0A_Y115F,Mut,s2648/1EY0A/1EY0A_Y115F_relaxed.pdb,0
s2648,1EY0A_Y115L,WT,s2648/1EY0A/1EY0A_relaxed.pdb,0
s2648,1EY0A_Y115L,Mut,s2648/1EY0A/1EY0A_Y115L_relaxed.pdb,0
s2648,1EY0A_K116F,WT,s2648/1EY0A/1EY0A_relaxed.pdb,0
s2648,1EY0A_K116F,Mut,s2648/1EY0A/1EY0A_K116F_relaxed.pdb,0
s2648,1EY0A_N118A,WT,s2648/1EY0A/1EY0A_relaxed.pdb,0
s2648,1EY0A_N118A,Mut,s2648/1EY0A/1EY0A_N118A_relaxed.pdb,0
s2648,1EY0A_N118G,WT,s2648/1EY0A/1EY0A_relaxed.pdb,0
s2648,1EY0A_N118G,Mut,s2648/1EY0A/1EY0A_N118G_relaxed.pdb,0
s2648,1EY0A_N119G,WT,s2648/1EY0A/1EY0A_relaxed.pdb,0
s2648,1EY0A_N119G,Mut,s2648/1EY0A/1EY0A_N119G_relaxed.pdb,0
s2648,1EY0A_T120C,WT,s2648/1EY0A/1EY0A_relaxed.pdb,0
s2648,1EY0A_T120C,Mut,s2648/1EY0A/1EY0A_T120C_relaxed.pdb,0
s2648,1EY0A_T120I,WT,s2648/1EY0A/1EY0A_relaxed.pdb,0
s2648,1EY0A_T120I,Mut,s2648/1EY0A/1EY0A_T120I_relaxed.pdb,0
s2648,1EY0A_T120V,WT,s2648/1EY0A/1EY0A_relaxed.pdb,0
s2648,1EY0A_T120V,Mut,s2648/1EY0A/1EY0A_T120V_relaxed.pdb,0
s2648,1EY0A_H121G,WT,s2648/1EY0A/1EY0A_relaxed.pdb,0
s2648,1EY0A_H121G,Mut,s2648/1EY0A/1EY0A_H121G_relaxed.pdb,0
s2648,1EY0A_E122F,WT,s2648/1EY0A/1EY0A_relaxed.pdb,0
s2648,1EY0A_E122F,Mut,s2648/1EY0A/1EY0A_E122F_relaxed.pdb,0
s2648,1EY0A_E122K,WT,s2648/1EY0A/1EY0A_relaxed.pdb,0
s2648,1EY0A_E122K,Mut,s2648/1EY0A/1EY0A_E122K_relaxed.pdb,0
s2648,1EY0A_Q123A,WT,s2648/1EY0A/1EY0A_relaxed.pdb,0
s2648,1EY0A_Q123A,Mut,s2648/1EY0A/1EY0A_Q123A_relaxed.pdb,0
s2648,1EY0A_Q123G,WT,s2648/1EY0A/1EY0A_relaxed.pdb,0
s2648,1EY0A_Q123G,Mut,s2648/1EY0A/1EY0A_Q123G_relaxed.pdb,0
s2648,1EY0A_H124E,WT,s2648/1EY0A/1EY0A_relaxed.pdb,0
s2648,1EY0A_H124E,Mut,s2648/1EY0A/1EY0A_H124E_relaxed.pdb,0
s2648,1EY0A_H124G,WT,s2648/1EY0A/1EY0A_relaxed.pdb,0
s2648,1EY0A_H124G,Mut,s2648/1EY0A/1EY0A_H124G_relaxed.pdb,0
s2648,1EY0A_H124Q,WT,s2648/1EY0A/1EY0A_relaxed.pdb,0
s2648,1EY0A_H124Q,Mut,s2648/1EY0A/1EY0A_H124Q_relaxed.pdb,0
s2648,1EY0A_L125I,WT,s2648/1EY0A/1EY0A_relaxed.pdb,0
s2648,1EY0A_L125I,Mut,s2648/1EY0A/1EY0A_L125I_relaxed.pdb,0
s2648,1EY0A_R126A,WT,s2648/1EY0A/1EY0A_relaxed.pdb,0
s2648,1EY0A_R126A,Mut,s2648/1EY0A/1EY0A_R126A_relaxed.pdb,0
s2648,1EY0A_K127A,WT,s2648/1EY0A/1EY0A_relaxed.pdb,0
s2648,1EY0A_K127A,Mut,s2648/1EY0A/1EY0A_K127A_relaxed.pdb,0
s2648,1EY0A_K127F,WT,s2648/1EY0A/1EY0A_relaxed.pdb,0
s2648,1EY0A_K127F,Mut,s2648/1EY0A/1EY0A_K127F_relaxed.pdb,0
s2648,1EY0A_K127Q,WT,s2648/1EY0A/1EY0A_relaxed.pdb,0
s2648,1EY0A_K127Q,Mut,s2648/1EY0A/1EY0A_K127Q_relaxed.pdb,0
s2648,1EY0A_S128F,WT,s2648/1EY0A/1EY0A_relaxed.pdb,0
s2648,1EY0A_S128F,Mut,s2648/1EY0A/1EY0A_S128F_relaxed.pdb,0
s2648,1EY0A_E129A,WT,s2648/1EY0A/1EY0A_relaxed.pdb,0
s2648,1EY0A_E129A,Mut,s2648/1EY0A/1EY0A_E129A_relaxed.pdb,0
s2648,1EY0A_E129G,WT,s2648/1EY0A/1EY0A_relaxed.pdb,0
s2648,1EY0A_E129G,Mut,s2648/1EY0A/1EY0A_E129G_relaxed.pdb,0
s2648,1EY0A_A130V,WT,s2648/1EY0A/1EY0A_relaxed.pdb,0
s2648,1EY0A_A130V,Mut,s2648/1EY0A/1EY0A_A130V_relaxed.pdb,0
s2648,1EY0A_Q131F,WT,s2648/1EY0A/1EY0A_relaxed.pdb,0
s2648,1EY0A_Q131F,Mut,s2648/1EY0A/1EY0A_Q131F_relaxed.pdb,0
s2648,1EY0A_A132G,WT,s2648/1EY0A/1EY0A_relaxed.pdb,0
s2648,1EY0A_A132G,Mut,s2648/1EY0A/1EY0A_A132G_relaxed.pdb,0
s2648,1EY0A_K133A,WT,s2648/1EY0A/1EY0A_relaxed.pdb,0
s2648,1EY0A_K133A,Mut,s2648/1EY0A/1EY0A_K133A_relaxed.pdb,0
s2648,1EY0A_K133G,WT,s2648/1EY0A/1EY0A_relaxed.pdb,0
s2648,1EY0A_K133G,Mut,s2648/1EY0A/1EY0A_K133G_relaxed.pdb,0
s2648,1EY0A_K134A,WT,s2648/1EY0A/1EY0A_relaxed.pdb,0
s2648,1EY0A_K134A,Mut,s2648/1EY0A/1EY0A_K134A_relaxed.pdb,0
s2648,1EY0A_K134F,WT,s2648/1EY0A/1EY0A_relaxed.pdb,0
s2648,1EY0A_K134F,Mut,s2648/1EY0A/1EY0A_K134F_relaxed.pdb,0
s2648,1EY0A_E135A,WT,s2648/1EY0A/1EY0A_relaxed.pdb,0
s2648,1EY0A_E135A,Mut,s2648/1EY0A/1EY0A_E135A_relaxed.pdb,0
s2648,1EY0A_E135G,WT,s2648/1EY0A/1EY0A_relaxed.pdb,0
s2648,1EY0A_E135G,Mut,s2648/1EY0A/1EY0A_E135G_relaxed.pdb,0
s2648,1EY0A_E135Q,WT,s2648/1EY0A/1EY0A_relaxed.pdb,0
s2648,1EY0A_E135Q,Mut,s2648/1EY0A/1EY0A_E135Q_relaxed.pdb,0
s2648,1EY0A_K136F,WT,s2648/1EY0A/1EY0A_relaxed.pdb,0
s2648,1EY0A_K136F,Mut,s2648/1EY0A/1EY0A_K136F_relaxed.pdb,0
s2648,1EY0A_L137A,WT,s2648/1EY0A/1EY0A_relaxed.pdb,0
s2648,1EY0A_L137A,Mut,s2648/1EY0A/1EY0A_L137A_relaxed.pdb,0
s2648,1EY0A_L137I,WT,s2648/1EY0A/1EY0A_relaxed.pdb,0
s2648,1EY0A_L137I,Mut,s2648/1EY0A/1EY0A_L137I_relaxed.pdb,0
s2648,1EY0A_N138A,WT,s2648/1EY0A/1EY0A_relaxed.pdb,0
s2648,1EY0A_N138A,Mut,s2648/1EY0A/1EY0A_N138A_relaxed.pdb,0
s2648,1EY0A_I139A,WT,s2648/1EY0A/1EY0A_relaxed.pdb,0
s2648,1EY0A_I139A,Mut,s2648/1EY0A/1EY0A_I139A_relaxed.pdb,0
s2648,1EY0A_I139L,WT,s2648/1EY0A/1EY0A_relaxed.pdb,0
s2648,1EY0A_I139L,Mut,s2648/1EY0A/1EY0A_I139L_relaxed.pdb,0
s2648,1EY0A_I139V,WT,s2648/1EY0A/1EY0A_relaxed.pdb,0
s2648,1EY0A_I139V,Mut,s2648/1EY0A/1EY0A_I139V_relaxed.pdb,0
s2648,1EY0A_S141G,WT,s2648/1EY0A/1EY0A_relaxed.pdb,0
s2648,1EY0A_S141G,Mut,s2648/1EY0A/1EY0A_S141G_relaxed.pdb,0
s2648,1FKJA_V2A,WT,s2648/1FKJA/1FKJA_relaxed.pdb,0
s2648,1FKJA_V2A,Mut,s2648/1FKJA/1FKJA_V2A_relaxed.pdb,0
s2648,1FKJA_V4A,WT,s2648/1FKJA/1FKJA_relaxed.pdb,0
s2648,1FKJA_V4A,Mut,s2648/1FKJA/1FKJA_V4A_relaxed.pdb,0
s2648,1FKJA_I7V,WT,s2648/1FKJA/1FKJA_relaxed.pdb,0
s2648,1FKJA_I7V,Mut,s2648/1FKJA/1FKJA_I7V_relaxed.pdb,0
s2648,1FKJA_T21S,WT,s2648/1FKJA/1FKJA_relaxed.pdb,0
s2648,1FKJA_T21S,Mut,s2648/1FKJA/1FKJA_T21S_relaxed.pdb,0
s2648,1FKJA_T21A,WT,s2648/1FKJA/1FKJA_relaxed.pdb,0
s2648,1FKJA_T21A,Mut,s2648/1FKJA/1FKJA_T21A_relaxed.pdb,0
s2648,1FKJA_T21V,WT,s2648/1FKJA/1FKJA_relaxed.pdb,0
s2648,1FKJA_T21V,Mut,s2648/1FKJA/1FKJA_T21V_relaxed.pdb,0
s2648,1FKJA_V23A,WT,s2648/1FKJA/1FKJA_relaxed.pdb,0
s2648,1FKJA_V23A,Mut,s2648/1FKJA/1FKJA_V23A_relaxed.pdb,0
s2648,1FKJA_V24A,WT,s2648/1FKJA/1FKJA_relaxed.pdb,0
s2648,1FKJA_V24A,Mut,s2648/1FKJA/1FKJA_V24A_relaxed.pdb,0
s2648,1FKJA_T27A,WT,s2648/1FKJA/1FKJA_relaxed.pdb,0
s2648,1FKJA_T27A,Mut,s2648/1FKJA/1FKJA_T27A_relaxed.pdb,0
s2648,1FKJA_T27V,WT,s2648/1FKJA/1FKJA_relaxed.pdb,0
s2648,1FKJA_T27V,Mut,s2648/1FKJA/1FKJA_T27V_relaxed.pdb,0
s2648,1FKJA_T27S,WT,s2648/1FKJA/1FKJA_relaxed.pdb,0
s2648,1FKJA_T27S,Mut,s2648/1FKJA/1FKJA_T27S_relaxed.pdb,0
s2648,1FKJA_F36A,WT,s2648/1FKJA/1FKJA_relaxed.pdb,0
s2648,1FKJA_F36A,Mut,s2648/1FKJA/1FKJA_F36A_relaxed.pdb,0
s2648,1FKJA_L50A,WT,s2648/1FKJA/1FKJA_relaxed.pdb,0
s2648,1FKJA_L50A,Mut,s2648/1FKJA/1FKJA_L50A_relaxed.pdb,0
s2648,1FKJA_V55A,WT,s2648/1FKJA/1FKJA_relaxed.pdb,0
s2648,1FKJA_V55A,Mut,s2648/1FKJA/1FKJA_V55A_relaxed.pdb,0
s2648,1FKJA_I56A,WT,s2648/1FKJA/1FKJA_relaxed.pdb,0
s2648,1FKJA_I56A,Mut,s2648/1FKJA/1FKJA_I56A_relaxed.pdb,0
s2648,1FKJA_I56T,WT,s2648/1FKJA/1FKJA_relaxed.pdb,0
s2648,1FKJA_I56T,Mut,s2648/1FKJA/1FKJA_I56T_relaxed.pdb,0
s2648,1FKJA_I56D,WT,s2648/1FKJA/1FKJA_relaxed.pdb,0
s2648,1FKJA_I56D,Mut,s2648/1FKJA/1FKJA_I56D_relaxed.pdb,0
s2648,1FKJA_R57G,WT,s2648/1FKJA/1FKJA_relaxed.pdb,0
s2648,1FKJA_R57G,Mut,s2648/1FKJA/1FKJA_R57G_relaxed.pdb,0
s2648,1FKJA_R57A,WT,s2648/1FKJA/1FKJA_relaxed.pdb,0
s2648,1FKJA_R57A,Mut,s2648/1FKJA/1FKJA_R57A_relaxed.pdb,0
s2648,1FKJA_W59L,WT,s2648/1FKJA/1FKJA_relaxed.pdb,0
s2648,1FKJA_W59L,Mut,s2648/1FKJA/1FKJA_W59L_relaxed.pdb,0
s2648,1FKJA_W59F,WT,s2648/1FKJA/1FKJA_relaxed.pdb,0
s2648,1FKJA_W59F,Mut,s2648/1FKJA/1FKJA_W59F_relaxed.pdb,0
s2648,1FKJA_E60G,WT,s2648/1FKJA/1FKJA_relaxed.pdb,0
s2648,1FKJA_E60G,Mut,s2648/1FKJA/1FKJA_E60G_relaxed.pdb,0
s2648,1FKJA_E60A,WT,s2648/1FKJA/1FKJA_relaxed.pdb,0
s2648,1FKJA_E60A,Mut,s2648/1FKJA/1FKJA_E60A_relaxed.pdb,0
s2648,1FKJA_E61G,WT,s2648/1FKJA/1FKJA_relaxed.pdb,0
s2648,1FKJA_E61G,Mut,s2648/1FKJA/1FKJA_E61G_relaxed.pdb,0
s2648,1FKJA_E61A,WT,s2648/1FKJA/1FKJA_relaxed.pdb,0
s2648,1FKJA_E61A,Mut,s2648/1FKJA/1FKJA_E61A_relaxed.pdb,0
s2648,1FKJA_V63A,WT,s2648/1FKJA/1FKJA_relaxed.pdb,0
s2648,1FKJA_V63A,Mut,s2648/1FKJA/1FKJA_V63A_relaxed.pdb,0
s2648,1FKJA_T75A,WT,s2648/1FKJA/1FKJA_relaxed.pdb,0
s2648,1FKJA_T75A,Mut,s2648/1FKJA/1FKJA_T75A_relaxed.pdb,0
s2648,1FKJA_T75V,WT,s2648/1FKJA/1FKJA_relaxed.pdb,0
s2648,1FKJA_T75V,Mut,s2648/1FKJA/1FKJA_T75V_relaxed.pdb,0
s2648,1FKJA_I76A,WT,s2648/1FKJA/1FKJA_relaxed.pdb,0
s2648,1FKJA_I76A,Mut,s2648/1FKJA/1FKJA_I76A_relaxed.pdb,0
s2648,1FKJA_I76V,WT,s2648/1FKJA/1FKJA_relaxed.pdb,0
s2648,1FKJA_I76V,Mut,s2648/1FKJA/1FKJA_I76V_relaxed.pdb,0
s2648,1FKJA_I91A,WT,s2648/1FKJA/1FKJA_relaxed.pdb,0
s2648,1FKJA_I91A,Mut,s2648/1FKJA/1FKJA_I91A_relaxed.pdb,0
s2648,1FKJA_I91V,WT,s2648/1FKJA/1FKJA_relaxed.pdb,0
s2648,1FKJA_I91V,Mut,s2648/1FKJA/1FKJA_I91V_relaxed.pdb,0
s2648,1FKJA_L97A,WT,s2648/1FKJA/1FKJA_relaxed.pdb,0
s2648,1FKJA_L97A,Mut,s2648/1FKJA/1FKJA_L97A_relaxed.pdb,0
s2648,1FKJA_V98A,WT,s2648/1FKJA/1FKJA_relaxed.pdb,0
s2648,1FKJA_V98A,Mut,s2648/1FKJA/1FKJA_V98A_relaxed.pdb,0
s2648,1FKJA_V101A,WT,s2648/1FKJA/1FKJA_relaxed.pdb,0
s2648,1FKJA_V101A,Mut,s2648/1FKJA/1FKJA_V101A_relaxed.pdb,0
s2648,1FKJA_L106A,WT,s2648/1FKJA/1FKJA_relaxed.pdb,0
s2648,1FKJA_L106A,Mut,s2648/1FKJA/1FKJA_L106A_relaxed.pdb,0
s2648,1FNAA_L8A,WT,s2648/1FNAA/1FNAA_relaxed.pdb,0
s2648,1FNAA_L8A,Mut,s2648/1FNAA/1FNAA_L8A_relaxed.pdb,0
s2648,1FNAA_V10A,WT,s2648/1FNAA/1FNAA_relaxed.pdb,0
s2648,1FNAA_V10A,Mut,s2648/1FNAA/1FNAA_V10A_relaxed.pdb,0
s2648,1FNAA_A13G,WT,s2648/1FNAA/1FNAA_relaxed.pdb,0
s2648,1FNAA_A13G,Mut,s2648/1FNAA/1FNAA_A13G_relaxed.pdb,0
s2648,1FNAA_L18A,WT,s2648/1FNAA/1FNAA_relaxed.pdb,0
s2648,1FNAA_L18A,Mut,s2648/1FNAA/1FNAA_L18A_relaxed.pdb,0
s2648,1FNAA_I20A,WT,s2648/1FNAA/1FNAA_relaxed.pdb,0
s2648,1FNAA_I20A,Mut,s2648/1FNAA/1FNAA_I20A_relaxed.pdb,0
s2648,1FNAA_I20V,WT,s2648/1FNAA/1FNAA_relaxed.pdb,0
s2648,1FNAA_I20V,Mut,s2648/1FNAA/1FNAA_I20V_relaxed.pdb,0
s2648,1FNAA_W22F,WT,s2648/1FNAA/1FNAA_relaxed.pdb,0
s2648,1FNAA_W22F,Mut,s2648/1FNAA/1FNAA_W22F_relaxed.pdb,0
s2648,1FNAA_V29A,WT,s2648/1FNAA/1FNAA_relaxed.pdb,0
s2648,1FNAA_V29A,Mut,s2648/1FNAA/1FNAA_V29A_relaxed.pdb,0
s2648,1FNAA_Y32A,WT,s2648/1FNAA/1FNAA_relaxed.pdb,0
s2648,1FNAA_Y32A,Mut,s2648/1FNAA/1FNAA_Y32A_relaxed.pdb,0
s2648,1FNAA_Y32L,WT,s2648/1FNAA/1FNAA_relaxed.pdb,0
s2648,1FNAA_Y32L,Mut,s2648/1FNAA/1FNAA_Y32L_relaxed.pdb,0
s2648,1FNAA_Y32F,WT,s2648/1FNAA/1FNAA_relaxed.pdb,0
s2648,1FNAA_Y32F,Mut,s2648/1FNAA/1FNAA_Y32F_relaxed.pdb,0
s2648,1FNAA_I34V,WT,s2648/1FNAA/1FNAA_relaxed.pdb,0
s2648,1FNAA_I34V,Mut,s2648/1FNAA/1FNAA_I34V_relaxed.pdb,0
s2648,1FNAA_I34A,WT,s2648/1FNAA/1FNAA_relaxed.pdb,0
s2648,1FNAA_I34A,Mut,s2648/1FNAA/1FNAA_I34A_relaxed.pdb,0
s2648,1FNAA_Y36A,WT,s2648/1FNAA/1FNAA_relaxed.pdb,0
s2648,1FNAA_Y36A,Mut,s2648/1FNAA/1FNAA_Y36A_relaxed.pdb,0
s2648,1FNAA_F48A,WT,s2648/1FNAA/1FNAA_relaxed.pdb,0
s2648,1FNAA_F48A,Mut,s2648/1FNAA/1FNAA_F48A_relaxed.pdb,0
s2648,1FNAA_V50A,WT,s2648/1FNAA/1FNAA_relaxed.pdb,0
s2648,1FNAA_V50A,Mut,s2648/1FNAA/1FNAA_V50A_relaxed.pdb,0
s2648,1FNAA_A57G,WT,s2648/1FNAA/1FNAA_relaxed.pdb,0
s2648,1FNAA_A57G,Mut,s2648/1FNAA/1FNAA_A57G_relaxed.pdb,0
s2648,1FNAA_I59V,WT,s2648/1FNAA/1FNAA_relaxed.pdb,0
s2648,1FNAA_I59V,Mut,s2648/1FNAA/1FNAA_I59V_relaxed.pdb,0
s2648,1FNAA_I59A,WT,s2648/1FNAA/1FNAA_relaxed.pdb,0
s2648,1FNAA_I59A,Mut,s2648/1FNAA/1FNAA_I59A_relaxed.pdb,0
s2648,1FNAA_L62A,WT,s2648/1FNAA/1FNAA_relaxed.pdb,0
s2648,1FNAA_L62A,Mut,s2648/1FNAA/1FNAA_L62A_relaxed.pdb,0
s2648,1FNAA_V66A,WT,s2648/1FNAA/1FNAA_relaxed.pdb,0
s2648,1FNAA_V66A,Mut,s2648/1FNAA/1FNAA_V66A_relaxed.pdb,0
s2648,1FNAA_Y68F,WT,s2648/1FNAA/1FNAA_relaxed.pdb,0
s2648,1FNAA_Y68F,Mut,s2648/1FNAA/1FNAA_Y68F_relaxed.pdb,0
s2648,1FNAA_Y68A,WT,s2648/1FNAA/1FNAA_relaxed.pdb,0
s2648,1FNAA_Y68A,Mut,s2648/1FNAA/1FNAA_Y68A_relaxed.pdb,0
s2648,1FNAA_I70V,WT,s2648/1FNAA/1FNAA_relaxed.pdb,0
s2648,1FNAA_I70V,Mut,s2648/1FNAA/1FNAA_I70V_relaxed.pdb,0
s2648,1FNAA_I70A,WT,s2648/1FNAA/1FNAA_relaxed.pdb,0
s2648,1FNAA_I70A,Mut,s2648/1FNAA/1FNAA_I70A_relaxed.pdb,0
s2648,1FNAA_V72A,WT,s2648/1FNAA/1FNAA_relaxed.pdb,0
s2648,1FNAA_V72A,Mut,s2648/1FNAA/1FNAA_V72A_relaxed.pdb,0
s2648,1FNAA_A74G,WT,s2648/1FNAA/1FNAA_relaxed.pdb,0
s2648,1FNAA_A74G,Mut,s2648/1FNAA/1FNAA_A74G_relaxed.pdb,0
s2648,1FNAA_S85A,WT,s2648/1FNAA/1FNAA_relaxed.pdb,0
s2648,1FNAA_S85A,Mut,s2648/1FNAA/1FNAA_S85A_relaxed.pdb,0
s2648,1FNAA_I88A,WT,s2648/1FNAA/1FNAA_relaxed.pdb,0
s2648,1FNAA_I88A,Mut,s2648/1FNAA/1FNAA_I88A_relaxed.pdb,0
s2648,1FNAA_I88V,WT,s2648/1FNAA/1FNAA_relaxed.pdb,0
s2648,1FNAA_I88V,Mut,s2648/1FNAA/1FNAA_I88V_relaxed.pdb,0
s2648,1FNAA_I90A,WT,s2648/1FNAA/1FNAA_relaxed.pdb,0
s2648,1FNAA_I90A,Mut,s2648/1FNAA/1FNAA_I90A_relaxed.pdb,0
s2648,1FNAA_I90V,WT,s2648/1FNAA/1FNAA_relaxed.pdb,0
s2648,1FNAA_I90V,Mut,s2648/1FNAA/1FNAA_I90V_relaxed.pdb,0
s2648,1FNAA_Y92A,WT,s2648/1FNAA/1FNAA_relaxed.pdb,0
s2648,1FNAA_Y92A,Mut,s2648/1FNAA/1FNAA_Y92A_relaxed.pdb,0
s2648,1FNAA_Y92F,WT,s2648/1FNAA/1FNAA_relaxed.pdb,0
s2648,1FNAA_Y92F,Mut,s2648/1FNAA/1FNAA_Y92F_relaxed.pdb,0
s2648,1FTGA_L6A,WT,s2648/1FTGA/1FTGA_relaxed.pdb,0
s2648,1FTGA_L6A,Mut,s2648/1FTGA/1FTGA_L6A_relaxed.pdb,0
s2648,1FTGA_E20K,WT,s2648/1FTGA/1FTGA_relaxed.pdb,0
s2648,1FTGA_E20K,Mut,s2648/1FTGA/1FTGA_E20K_relaxed.pdb,0
s2648,1FTGA_I22A,WT,s2648/1FTGA/1FTGA_relaxed.pdb,0
s2648,1FTGA_I22A,Mut,s2648/1FTGA/1FTGA_I22A_relaxed.pdb,0
s2648,1FTGA_I22V,WT,s2648/1FTGA/1FTGA_relaxed.pdb,0
s2648,1FTGA_I22V,Mut,s2648/1FTGA/1FTGA_I22V_relaxed.pdb,0
s2648,1FTGA_V31A,WT,s2648/1FTGA/1FTGA_relaxed.pdb,0
s2648,1FTGA_V31A,Mut,s2648/1FTGA/1FTGA_V31A_relaxed.pdb,0
s2648,1FTGA_E40K,WT,s2648/1FTGA/1FTGA_relaxed.pdb,0
s2648,1FTGA_E40K,Mut,s2648/1FTGA/1FTGA_E40K_relaxed.pdb,0
s2648,1FTGA_D43A,WT,s2648/1FTGA/1FTGA_relaxed.pdb,0
s2648,1FTGA_D43A,Mut,s2648/1FTGA/1FTGA_D43A_relaxed.pdb,0
s2648,1FTGA_I51V,WT,s2648/1FTGA/1FTGA_relaxed.pdb,0
s2648,1FTGA_I51V,Mut,s2648/1FTGA/1FTGA_I51V_relaxed.pdb,0
s2648,1FTGA_I52V,WT,s2648/1FTGA/1FTGA_relaxed.pdb,0
s2648,1FTGA_I52V,Mut,s2648/1FTGA/1FTGA_I52V_relaxed.pdb,0
s2648,1FTGA_E61K,WT,s2648/1FTGA/1FTGA_relaxed.pdb,0
s2648,1FTGA_E61K,Mut,s2648/1FTGA/1FTGA_E61K_relaxed.pdb,0
s2648,1FTGA_D65K,WT,s2648/1FTGA/1FTGA_relaxed.pdb,0
s2648,1FTGA_D65K,Mut,s2648/1FTGA/1FTGA_D65K_relaxed.pdb,0
s2648,1FTGA_S71A,WT,s2648/1FTGA/1FTGA_relaxed.pdb,0
s2648,1FTGA_S71A,Mut,s2648/1FTGA/1FTGA_S71A_relaxed.pdb,0
s2648,1FTGA_E72K,WT,s2648/1FTGA/1FTGA_relaxed.pdb,0
s2648,1FTGA_E72K,Mut,s2648/1FTGA/1FTGA_E72K_relaxed.pdb,0
s2648,1FTGA_D75K,WT,s2648/1FTGA/1FTGA_relaxed.pdb,0
s2648,1FTGA_D75K,Mut,s2648/1FTGA/1FTGA_D75K_relaxed.pdb,0
s2648,1FTGA_A84G,WT,s2648/1FTGA/1FTGA_relaxed.pdb,0
s2648,1FTGA_A84G,Mut,s2648/1FTGA/1FTGA_A84G_relaxed.pdb,0
s2648,1FTGA_N97A,WT,s2648/1FTGA/1FTGA_relaxed.pdb,0
s2648,1FTGA_N97A,Mut,s2648/1FTGA/1FTGA_N97A_relaxed.pdb,0
s2648,1FTGA_Q99A,WT,s2648/1FTGA/1FTGA_relaxed.pdb,0
s2648,1FTGA_Q99A,Mut,s2648/1FTGA/1FTGA_Q99A_relaxed.pdb,0
s2648,1FTGA_I104V,WT,s2648/1FTGA/1FTGA_relaxed.pdb,0
s2648,1FTGA_I104V,Mut,s2648/1FTGA/1FTGA_I104V_relaxed.pdb,0
s2648,1FTGA_S110A,WT,s2648/1FTGA/1FTGA_relaxed.pdb,0
s2648,1FTGA_S110A,Mut,s2648/1FTGA/1FTGA_S110A_relaxed.pdb,0
s2648,1FTGA_V117A,WT,s2648/1FTGA/1FTGA_relaxed.pdb,0
s2648,1FTGA_V117A,Mut,s2648/1FTGA/1FTGA_V117A_relaxed.pdb,0
s2648,1FTGA_T122S,WT,s2648/1FTGA/1FTGA_relaxed.pdb,0
s2648,1FTGA_T122S,Mut,s2648/1FTGA/1FTGA_T122S_relaxed.pdb,0
s2648,1FTGA_D126K,WT,s2648/1FTGA/1FTGA_relaxed.pdb,0
s2648,1FTGA_D126K,Mut,s2648/1FTGA/1FTGA_D126K_relaxed.pdb,0
s2648,1FTGA_V139A,WT,s2648/1FTGA/1FTGA_relaxed.pdb,0
s2648,1FTGA_V139A,Mut,s2648/1FTGA/1FTGA_V139A_relaxed.pdb,0
s2648,1FTGA_L143A,WT,s2648/1FTGA/1FTGA_relaxed.pdb,0
s2648,1FTGA_L143A,Mut,s2648/1FTGA/1FTGA_L143A_relaxed.pdb,0
s2648,1FTGA_D150K,WT,s2648/1FTGA/1FTGA_relaxed.pdb,0
s2648,1FTGA_D150K,Mut,s2648/1FTGA/1FTGA_D150K_relaxed.pdb,0
s2648,1FTGA_I156V,WT,s2648/1FTGA/1FTGA_relaxed.pdb,0
s2648,1FTGA_I156V,Mut,s2648/1FTGA/1FTGA_I156V_relaxed.pdb,0
s2648,1FTGA_V160A,WT,s2648/1FTGA/1FTGA_relaxed.pdb,0
s2648,1FTGA_V160A,Mut,s2648/1FTGA/1FTGA_V160A_relaxed.pdb,0
s2648,1FVKA_C30S,WT,s2648/1FVKA/1FVKA_relaxed.pdb,0
s2648,1FVKA_C30S,Mut,s2648/1FVKA/1FVKA_C30S_relaxed.pdb,0
s2648,1FVKA_H32L,WT,s2648/1FVKA/1FVKA_relaxed.pdb,0
s2648,1FVKA_H32L,Mut,s2648/1FVKA/1FVKA_H32L_relaxed.pdb,0
s2648,1FVKA_H32Y,WT,s2648/1FVKA/1FVKA_relaxed.pdb,0
s2648,1FVKA_H32Y,Mut,s2648/1FVKA/1FVKA_H32Y_relaxed.pdb,0
s2648,1FVKA_H32S,WT,s2648/1FVKA/1FVKA_relaxed.pdb,0
s2648,1FVKA_H32S,Mut,s2648/1FVKA/1FVKA_H32S_relaxed.pdb,0
s2648,1FVKA_C33S,WT,s2648/1FVKA/1FVKA_relaxed.pdb,0
s2648,1FVKA_C33S,Mut,s2648/1FVKA/1FVKA_C33S_relaxed.pdb,0
s2648,1G4IA_F22A,WT,s2648/1G4IA/1G4IA_relaxed.pdb,0
s2648,1G4IA_F22A,Mut,s2648/1G4IA/1G4IA_F22A_relaxed.pdb,0
s2648,1G4IA_F22Y,WT,s2648/1G4IA/1G4IA_relaxed.pdb,0
s2648,1G4IA_F22Y,Mut,s2648/1G4IA/1G4IA_F22Y_relaxed.pdb,0
s2648,1G4IA_F22I,WT,s2648/1G4IA/1G4IA_relaxed.pdb,0
s2648,1G4IA_F22I,Mut,s2648/1G4IA/1G4IA_F22I_relaxed.pdb,0
s2648,1G4IA_H48N,WT,s2648/1G4IA/1G4IA_relaxed.pdb,0
s2648,1G4IA_H48N,Mut,s2648/1G4IA/1G4IA_H48N_relaxed.pdb,0
s2648,1G4IA_H48A,WT,s2648/1G4IA/1G4IA_relaxed.pdb,0
s2648,1G4IA_H48A,Mut,s2648/1G4IA/1G4IA_H48A_relaxed.pdb,0
s2648,1G4IA_H48Q,WT,s2648/1G4IA/1G4IA_relaxed.pdb,0
s2648,1G4IA_H48Q,Mut,s2648/1G4IA/1G4IA_H48Q_relaxed.pdb,0
s2648,1G4IA_F106A,WT,s2648/1G4IA/1G4IA_relaxed.pdb,0
s2648,1G4IA_F106A,Mut,s2648/1G4IA/1G4IA_F106A_relaxed.pdb,0
s2648,1G4IA_F106Y,WT,s2648/1G4IA/1G4IA_relaxed.pdb,0
s2648,1G4IA_F106Y,Mut,s2648/1G4IA/1G4IA_F106Y_relaxed.pdb,0
s2648,1G4IA_F106I,WT,s2648/1G4IA/1G4IA_relaxed.pdb,0
s2648,1G4IA_F106I,Mut,s2648/1G4IA/1G4IA_F106I_relaxed.pdb,0
s2648,1G6NA_S128A,WT,s2648/1G6NA/1G6NA_relaxed.pdb,0
s2648,1G6NA_S128A,Mut,s2648/1G6NA/1G6NA_S128A_relaxed.pdb,0
s2648,1H7MA_D2A,WT,s2648/1H7MA/1H7MA_relaxed.pdb,0
s2648,1H7MA_D2A,Mut,s2648/1H7MA/1H7MA_D2A_relaxed.pdb,0
s2648,1H7MA_E6A,WT,s2648/1H7MA/1H7MA_relaxed.pdb,0
s2648,1H7MA_E6A,Mut,s2648/1H7MA/1H7MA_E6A_relaxed.pdb,0
s2648,1H7MA_R8A,WT,s2648/1H7MA/1H7MA_relaxed.pdb,0
s2648,1H7MA_R8A,Mut,s2648/1H7MA/1H7MA_R8A_relaxed.pdb,0
s2648,1H7MA_K9A,WT,s2648/1H7MA/1H7MA_relaxed.pdb,0
s2648,1H7MA_K9A,Mut,s2648/1H7MA/1H7MA_K9A_relaxed.pdb,0
s2648,1H7MA_D12A,WT,s2648/1H7MA/1H7MA_relaxed.pdb,0
s2648,1H7MA_D12A,Mut,s2648/1H7MA/1H7MA_D12A_relaxed.pdb,0
s2648,1H7MA_K15A,WT,s2648/1H7MA/1H7MA_relaxed.pdb,0
s2648,1H7MA_K15A,Mut,s2648/1H7MA/1H7MA_K15A_relaxed.pdb,0
s2648,1H7MA_R21A,WT,s2648/1H7MA/1H7MA_relaxed.pdb,0
s2648,1H7MA_R21A,Mut,s2648/1H7MA/1H7MA_R21A_relaxed.pdb,0
s2648,1H7MA_K22A,WT,s2648/1H7MA/1H7MA_relaxed.pdb,0
s2648,1H7MA_K22A,Mut,s2648/1H7MA/1H7MA_K22A_relaxed.pdb,0
s2648,1H7MA_K28A,WT,s2648/1H7MA/1H7MA_relaxed.pdb,0
s2648,1H7MA_K28A,Mut,s2648/1H7MA/1H7MA_K28A_relaxed.pdb,0
s2648,1H7MA_K33A,WT,s2648/1H7MA/1H7MA_relaxed.pdb,0
s2648,1H7MA_K33A,Mut,s2648/1H7MA/1H7MA_K33A_relaxed.pdb,0
s2648,1H7MA_R39A,WT,s2648/1H7MA/1H7MA_relaxed.pdb,0
s2648,1H7MA_R39A,Mut,s2648/1H7MA/1H7MA_R39A_relaxed.pdb,0
s2648,1H7MA_R42A,WT,s2648/1H7MA/1H7MA_relaxed.pdb,0
s2648,1H7MA_R42A,Mut,s2648/1H7MA/1H7MA_R42A_relaxed.pdb,0
s2648,1H7MA_D44A,WT,s2648/1H7MA/1H7MA_relaxed.pdb,0
s2648,1H7MA_D44A,Mut,s2648/1H7MA/1H7MA_D44A_relaxed.pdb,0
s2648,1H7MA_K46A,WT,s2648/1H7MA/1H7MA_relaxed.pdb,0
s2648,1H7MA_K46A,Mut,s2648/1H7MA/1H7MA_K46A_relaxed.pdb,0
s2648,1H7MA_E47A,WT,s2648/1H7MA/1H7MA_relaxed.pdb,0
s2648,1H7MA_E47A,Mut,s2648/1H7MA/1H7MA_E47A_relaxed.pdb,0
s2648,1H7MA_D48A,WT,s2648/1H7MA/1H7MA_relaxed.pdb,0
s2648,1H7MA_D48A,Mut,s2648/1H7MA/1H7MA_D48A_relaxed.pdb,0
s2648,1H7MA_E50A,WT,s2648/1H7MA/1H7MA_relaxed.pdb,0
s2648,1H7MA_E50A,Mut,s2648/1H7MA/1H7MA_E50A_relaxed.pdb,0
s2648,1H7MA_R54A,WT,s2648/1H7MA/1H7MA_relaxed.pdb,0
s2648,1H7MA_R54A,Mut,s2648/1H7MA/1H7MA_R54A_relaxed.pdb,0
s2648,1H7MA_E62A,WT,s2648/1H7MA/1H7MA_relaxed.pdb,0
s2648,1H7MA_E62A,Mut,s2648/1H7MA/1H7MA_E62A_relaxed.pdb,0
s2648,1H7MA_E64A,WT,s2648/1H7MA/1H7MA_relaxed.pdb,0
s2648,1H7MA_E64A,Mut,s2648/1H7MA/1H7MA_E64A_relaxed.pdb,0
s2648,1H7MA_E69A,WT,s2648/1H7MA/1H7MA_relaxed.pdb,0
s2648,1H7MA_E69A,Mut,s2648/1H7MA/1H7MA_E69A_relaxed.pdb,0
s2648,1H7MA_R76A,WT,s2648/1H7MA/1H7MA_relaxed.pdb,0
s2648,1H7MA_R76A,Mut,s2648/1H7MA/1H7MA_R76A_relaxed.pdb,0
s2648,1H7MA_H78A,WT,s2648/1H7MA/1H7MA_relaxed.pdb,0
s2648,1H7MA_H78A,Mut,s2648/1H7MA/1H7MA_H78A_relaxed.pdb,0
s2648,1H7MA_D87A,WT,s2648/1H7MA/1H7MA_relaxed.pdb,0
s2648,1H7MA_D87A,Mut,s2648/1H7MA/1H7MA_D87A_relaxed.pdb,0
s2648,1H7MA_E90A,WT,s2648/1H7MA/1H7MA_relaxed.pdb,0
s2648,1H7MA_E90A,Mut,s2648/1H7MA/1H7MA_E90A_relaxed.pdb,0
s2648,1H7MA_R92A,WT,s2648/1H7MA/1H7MA_relaxed.pdb,0
s2648,1H7MA_R92A,Mut,s2648/1H7MA/1H7MA_R92A_relaxed.pdb,0
s2648,1HFZA_H32A,WT,s2648/1HFZA/1HFZA_relaxed.pdb,0
s2648,1HFZA_H32A,Mut,s2648/1HFZA/1HFZA_H32A_relaxed.pdb,0
s2648,1HFZA_H32Y,WT,s2648/1HFZA/1HFZA_relaxed.pdb,0
s2648,1HFZA_H32Y,Mut,s2648/1HFZA/1HFZA_H32Y_relaxed.pdb,0
s2648,1HFZA_V42A,WT,s2648/1HFZA/1HFZA_relaxed.pdb,0
s2648,1HFZA_V42A,Mut,s2648/1HFZA/1HFZA_V42A_relaxed.pdb,0
s2648,1HFZA_V42N,WT,s2648/1HFZA/1HFZA_relaxed.pdb,0
s2648,1HFZA_V42N,Mut,s2648/1HFZA/1HFZA_V42N_relaxed.pdb,0
s2648,1HFZA_V42G,WT,s2648/1HFZA/1HFZA_relaxed.pdb,0
s2648,1HFZA_V42G,Mut,s2648/1HFZA/1HFZA_V42G_relaxed.pdb,0
s2648,1HFZA_Q54A,WT,s2648/1HFZA/1HFZA_relaxed.pdb,0
s2648,1HFZA_Q54A,Mut,s2648/1HFZA/1HFZA_Q54A_relaxed.pdb,0
s2648,1HFZA_I59W,WT,s2648/1HFZA/1HFZA_relaxed.pdb,0
s2648,1HFZA_I59W,Mut,s2648/1HFZA/1HFZA_I59W_relaxed.pdb,0
s2648,1HFZA_Y103A,WT,s2648/1HFZA/1HFZA_relaxed.pdb,0
s2648,1HFZA_Y103A,Mut,s2648/1HFZA/1HFZA_Y103A_relaxed.pdb,0
s2648,1HFZA_W104Y,WT,s2648/1HFZA/1HFZA_relaxed.pdb,0
s2648,1HFZA_W104Y,Mut,s2648/1HFZA/1HFZA_W104Y_relaxed.pdb,0
s2648,1HFZA_A106S,WT,s2648/1HFZA/1HFZA_relaxed.pdb,0
s2648,1HFZA_A106S,Mut,s2648/1HFZA/1HFZA_A106S_relaxed.pdb,0
s2648,1HFZA_H107A,WT,s2648/1HFZA/1HFZA_relaxed.pdb,0
s2648,1HFZA_H107A,Mut,s2648/1HFZA/1HFZA_H107A_relaxed.pdb,0
s2648,1HFZA_H107Y,WT,s2648/1HFZA/1HFZA_relaxed.pdb,0
s2648,1HFZA_H107Y,Mut,s2648/1HFZA/1HFZA_H107Y_relaxed.pdb,0
s2648,1HFZA_H107W,WT,s2648/1HFZA/1HFZA_relaxed.pdb,0
s2648,1HFZA_H107W,Mut,s2648/1HFZA/1HFZA_H107W_relaxed.pdb,0
s2648,1HFZA_L110R,WT,s2648/1HFZA/1HFZA_relaxed.pdb,0
s2648,1HFZA_L110R,Mut,s2648/1HFZA/1HFZA_L110R_relaxed.pdb,0
s2648,1HFZA_L110H,WT,s2648/1HFZA/1HFZA_relaxed.pdb,0
s2648,1HFZA_L110H,Mut,s2648/1HFZA/1HFZA_L110H_relaxed.pdb,0
s2648,1HFZA_L110E,WT,s2648/1HFZA/1HFZA_relaxed.pdb,0
s2648,1HFZA_L110E,Mut,s2648/1HFZA/1HFZA_L110E_relaxed.pdb,0
s2648,1HFZA_K114E,WT,s2648/1HFZA/1HFZA_relaxed.pdb,0
s2648,1HFZA_K114E,Mut,s2648/1HFZA/1HFZA_K114E_relaxed.pdb,0
s2648,1HFZA_K114Q,WT,s2648/1HFZA/1HFZA_relaxed.pdb,0
s2648,1HFZA_K114Q,Mut,s2648/1HFZA/1HFZA_K114Q_relaxed.pdb,0
s2648,1HFZA_K114N,WT,s2648/1HFZA/1HFZA_relaxed.pdb,0
s2648,1HFZA_K114N,Mut,s2648/1HFZA/1HFZA_K114N_relaxed.pdb,0
s2648,1HFZA_Q117A,WT,s2648/1HFZA/1HFZA_relaxed.pdb,0
s2648,1HFZA_Q117A,Mut,s2648/1HFZA/1HFZA_Q117A_relaxed.pdb,0
s2648,1HFZA_W118H,WT,s2648/1HFZA/1HFZA_relaxed.pdb,0
s2648,1HFZA_W118H,Mut,s2648/1HFZA/1HFZA_W118H_relaxed.pdb,0
s2648,1HFZA_W118Y,WT,s2648/1HFZA/1HFZA_relaxed.pdb,0
s2648,1HFZA_W118Y,Mut,s2648/1HFZA/1HFZA_W118Y_relaxed.pdb,0
s2648,1HK0X_M43A,WT,s2648/1HK0X/1HK0X_relaxed.pdb,0
s2648,1HK0X_M43A,Mut,s2648/1HK0X/1HK0X_M43A_relaxed.pdb,0
s2648,1HK0X_Q54A,WT,s2648/1HK0X/1HK0X_relaxed.pdb,0
s2648,1HK0X_Q54A,Mut,s2648/1HK0X/1HK0X_Q54A_relaxed.pdb,0
s2648,1HK0X_F56A,WT,s2648/1HK0X/1HK0X_relaxed.pdb,0
s2648,1HK0X_F56A,Mut,s2648/1HK0X/1HK0X_F56A_relaxed.pdb,0
s2648,1HK0X_R79A,WT,s2648/1HK0X/1HK0X_relaxed.pdb,0
s2648,1HK0X_R79A,Mut,s2648/1HK0X/1HK0X_R79A_relaxed.pdb,0
s2648,1HK0X_I81A,WT,s2648/1HK0X/1HK0X_relaxed.pdb,0
s2648,1HK0X_I81A,Mut,s2648/1HK0X/1HK0X_I81A_relaxed.pdb,0
s2648,1HK0X_V132A,WT,s2648/1HK0X/1HK0X_relaxed.pdb,0
s2648,1HK0X_V132A,Mut,s2648/1HK0X/1HK0X_V132A_relaxed.pdb,0
s2648,1HK0X_Q143A,WT,s2648/1HK0X/1HK0X_relaxed.pdb,0
s2648,1HK0X_Q143A,Mut,s2648/1HK0X/1HK0X_Q143A_relaxed.pdb,0
s2648,1HK0X_L145A,WT,s2648/1HK0X/1HK0X_relaxed.pdb,0
s2648,1HK0X_L145A,Mut,s2648/1HK0X/1HK0X_L145A_relaxed.pdb,0
s2648,1HK0X_M147A,WT,s2648/1HK0X/1HK0X_relaxed.pdb,0
s2648,1HK0X_M147A,Mut,s2648/1HK0X/1HK0X_M147A_relaxed.pdb,0
s2648,1HK0X_V170A,WT,s2648/1HK0X/1HK0X_relaxed.pdb,0
s2648,1HK0X_V170A,Mut,s2648/1HK0X/1HK0X_V170A_relaxed.pdb,0
s2648,1HMEA_S33H,WT,s2648/1HMEA/1HMEA_relaxed.pdb,0
s2648,1HMEA_S33H,Mut,s2648/1HMEA/1HMEA_S33H_relaxed.pdb,0
s2648,1HMEA_I34H,WT,s2648/1HMEA/1HMEA_relaxed.pdb,0
s2648,1HMEA_I34H,Mut,s2648/1HMEA/1HMEA_I34H_relaxed.pdb,0
s2648,1HMEA_G35H,WT,s2648/1HMEA/1HMEA_relaxed.pdb,0
s2648,1HMEA_G35H,Mut,s2648/1HMEA/1HMEA_G35H_relaxed.pdb,0
s2648,1HMKA_V8A,WT,s2648/1HMKA/1HMKA_relaxed.pdb,0
s2648,1HMKA_V8A,Mut,s2648/1HMKA/1HMKA_V8A_relaxed.pdb,0
s2648,1HMKA_L12A,WT,s2648/1HMKA/1HMKA_relaxed.pdb,0
s2648,1HMKA_L12A,Mut,s2648/1HMKA/1HMKA_L12A_relaxed.pdb,0
s2648,1HMKA_W26F,WT,s2648/1HMKA/1HMKA_relaxed.pdb,0
s2648,1HMKA_W26F,Mut,s2648/1HMKA/1HMKA_W26F_relaxed.pdb,0
s2648,1HMKA_V27A,WT,s2648/1HMKA/1HMKA_relaxed.pdb,0
s2648,1HMKA_V27A,Mut,s2648/1HMKA/1HMKA_V27A_relaxed.pdb,0
s2648,1HMKA_T29V,WT,s2648/1HMKA/1HMKA_relaxed.pdb,0
s2648,1HMKA_T29V,Mut,s2648/1HMKA/1HMKA_T29V_relaxed.pdb,0
s2648,1HMKA_T29I,WT,s2648/1HMKA/1HMKA_relaxed.pdb,0
s2648,1HMKA_T29I,Mut,s2648/1HMKA/1HMKA_T29I_relaxed.pdb,0
s2648,1HMKA_A30T,WT,s2648/1HMKA/1HMKA_relaxed.pdb,0
s2648,1HMKA_A30T,Mut,s2648/1HMKA/1HMKA_A30T_relaxed.pdb,0
s2648,1HMKA_A30I,WT,s2648/1HMKA/1HMKA_relaxed.pdb,0
s2648,1HMKA_A30I,Mut,s2648/1HMKA/1HMKA_A30I_relaxed.pdb,0
s2648,1HMKA_T33I,WT,s2648/1HMKA/1HMKA_relaxed.pdb,0
s2648,1HMKA_T33I,Mut,s2648/1HMKA/1HMKA_T33I_relaxed.pdb,0
s2648,1HMKA_T38A,WT,s2648/1HMKA/1HMKA_relaxed.pdb,0
s2648,1HMKA_T38A,Mut,s2648/1HMKA/1HMKA_T38A_relaxed.pdb,0
s2648,1HMKA_L52A,WT,s2648/1HMKA/1HMKA_relaxed.pdb,0
s2648,1HMKA_L52A,Mut,s2648/1HMKA/1HMKA_L52A_relaxed.pdb,0
s2648,1HMKA_I55V,WT,s2648/1HMKA/1HMKA_relaxed.pdb,0
s2648,1HMKA_I55V,Mut,s2648/1HMKA/1HMKA_I55V_relaxed.pdb,0
s2648,1HMKA_W60F,WT,s2648/1HMKA/1HMKA_relaxed.pdb,0
s2648,1HMKA_W60F,Mut,s2648/1HMKA/1HMKA_W60F_relaxed.pdb,0
s2648,1HMKA_W60A,WT,s2648/1HMKA/1HMKA_relaxed.pdb,0
s2648,1HMKA_W60A,Mut,s2648/1HMKA/1HMKA_W60A_relaxed.pdb,0
s2648,1HMKA_D87N,WT,s2648/1HMKA/1HMKA_relaxed.pdb,0
s2648,1HMKA_D87N,Mut,s2648/1HMKA/1HMKA_D87N_relaxed.pdb,0
s2648,1HMKA_I89V,WT,s2648/1HMKA/1HMKA_relaxed.pdb,0
s2648,1HMKA_I89V,Mut,s2648/1HMKA/1HMKA_I89V_relaxed.pdb,0
s2648,1HMKA_V90A,WT,s2648/1HMKA/1HMKA_relaxed.pdb,0
s2648,1HMKA_V90A,Mut,s2648/1HMKA/1HMKA_V90A_relaxed.pdb,0
s2648,1HMKA_K93A,WT,s2648/1HMKA/1HMKA_relaxed.pdb,0
s2648,1HMKA_K93A,Mut,s2648/1HMKA/1HMKA_K93A_relaxed.pdb,0
s2648,1HMKA_I95V,WT,s2648/1HMKA/1HMKA_relaxed.pdb,0
s2648,1HMKA_I95V,Mut,s2648/1HMKA/1HMKA_I95V_relaxed.pdb,0
s2648,1HMKA_L96A,WT,s2648/1HMKA/1HMKA_relaxed.pdb,0
s2648,1HMKA_L96A,Mut,s2648/1HMKA/1HMKA_L96A_relaxed.pdb,0
s2648,1HMKA_Y103F,WT,s2648/1HMKA/1HMKA_relaxed.pdb,0
s2648,1HMKA_Y103F,Mut,s2648/1HMKA/1HMKA_Y103F_relaxed.pdb,0
s2648,1HMKA_W104F,WT,s2648/1HMKA/1HMKA_relaxed.pdb,0
s2648,1HMKA_W104F,Mut,s2648/1HMKA/1HMKA_W104F_relaxed.pdb,0
s2648,1HMKA_L105A,WT,s2648/1HMKA/1HMKA_relaxed.pdb,0
s2648,1HMKA_L105A,Mut,s2648/1HMKA/1HMKA_L105A_relaxed.pdb,0
s2648,1HMKA_L110A,WT,s2648/1HMKA/1HMKA_relaxed.pdb,0
s2648,1HMKA_L110A,Mut,s2648/1HMKA/1HMKA_L110A_relaxed.pdb,0
s2648,1HMKA_W118F,WT,s2648/1HMKA/1HMKA_relaxed.pdb,0
s2648,1HMKA_W118F,Mut,s2648/1HMKA/1HMKA_W118F_relaxed.pdb,0
s2648,1HMSA_F4S,WT,s2648/1HMSA/1HMSA_relaxed.pdb,0
s2648,1HMSA_F4S,Mut,s2648/1HMSA/1HMSA_F4S_relaxed.pdb,0
s2648,1HMSA_W8E,WT,s2648/1HMSA/1HMSA_relaxed.pdb,0
s2648,1HMSA_W8E,Mut,s2648/1HMSA/1HMSA_W8E_relaxed.pdb,0
s2648,1HMSA_F16S,WT,s2648/1HMSA/1HMSA_relaxed.pdb,0
s2648,1HMSA_F16S,Mut,s2648/1HMSA/1HMSA_F16S_relaxed.pdb,0
s2648,1HMSA_F16Y,WT,s2648/1HMSA/1HMSA_relaxed.pdb,0
s2648,1HMSA_F16Y,Mut,s2648/1HMSA/1HMSA_F16Y_relaxed.pdb,0
s2648,1HMSA_K21I,WT,s2648/1HMSA/1HMSA_relaxed.pdb,0
s2648,1HMSA_K21I,Mut,s2648/1HMSA/1HMSA_K21I_relaxed.pdb,0
s2648,1HMSA_T40Q,WT,s2648/1HMSA/1HMSA_relaxed.pdb,0
s2648,1HMSA_T40Q,Mut,s2648/1HMSA/1HMSA_T40Q_relaxed.pdb,0
s2648,1HMSA_T40E,WT,s2648/1HMSA/1HMSA_relaxed.pdb,0
s2648,1HMSA_T40E,Mut,s2648/1HMSA/1HMSA_T40E_relaxed.pdb,0
s2648,1HMSA_T40V,WT,s2648/1HMSA/1HMSA_relaxed.pdb,0
s2648,1HMSA_T40V,Mut,s2648/1HMSA/1HMSA_T40V_relaxed.pdb,0
s2648,1HMSA_F57S,WT,s2648/1HMSA/1HMSA_relaxed.pdb,0
s2648,1HMSA_F57S,Mut,s2648/1HMSA/1HMSA_F57S_relaxed.pdb,0
s2648,1HMSA_F64S,WT,s2648/1HMSA/1HMSA_relaxed.pdb,0
s2648,1HMSA_F64S,Mut,s2648/1HMSA/1HMSA_F64S_relaxed.pdb,0
s2648,1HMSA_L66G,WT,s2648/1HMSA/1HMSA_relaxed.pdb,0
s2648,1HMSA_L66G,Mut,s2648/1HMSA/1HMSA_L66G_relaxed.pdb,0
s2648,1HMSA_G67S,WT,s2648/1HMSA/1HMSA_relaxed.pdb,0
s2648,1HMSA_G67S,Mut,s2648/1HMSA/1HMSA_G67S_relaxed.pdb,0
s2648,1HMSA_E72S,WT,s2648/1HMSA/1HMSA_relaxed.pdb,0
s2648,1HMSA_E72S,Mut,s2648/1HMSA/1HMSA_E72S_relaxed.pdb,0
s2648,1HMSA_R106T,WT,s2648/1HMSA/1HMSA_relaxed.pdb,0
s2648,1HMSA_R106T,Mut,s2648/1HMSA/1HMSA_R106T_relaxed.pdb,0
s2648,1HMSA_R126K,WT,s2648/1HMSA/1HMSA_relaxed.pdb,0
s2648,1HMSA_R126K,Mut,s2648/1HMSA/1HMSA_R126K_relaxed.pdb,0
s2648,1HMSA_R126Q,WT,s2648/1HMSA/1HMSA_relaxed.pdb,0
s2648,1HMSA_R126Q,Mut,s2648/1HMSA/1HMSA_R126Q_relaxed.pdb,0
s2648,1HMSA_Y128F,WT,s2648/1HMSA/1HMSA_relaxed.pdb,0
s2648,1HMSA_Y128F,Mut,s2648/1HMSA/1HMSA_Y128F_relaxed.pdb,0
s2648,1HUUA_A27S,WT,s2648/1HUUA/1HUUA_relaxed.pdb,0
s2648,1HUUA_A27S,Mut,s2648/1HUUA/1HUUA_A27S_relaxed.pdb,0
s2648,1HUUA_S31T,WT,s2648/1HUUA/1HUUA_relaxed.pdb,0
s2648,1HUUA_S31T,Mut,s2648/1HUUA/1HUUA_S31T_relaxed.pdb,0
s2648,1HUUA_V42I,WT,s2648/1HUUA/1HUUA_relaxed.pdb,0
s2648,1HUUA_V42I,Mut,s2648/1HUUA/1HUUA_V42I_relaxed.pdb,0
s2648,1HUUA_A56S,WT,s2648/1HUUA/1HUUA_relaxed.pdb,0
s2648,1HUUA_A56S,Mut,s2648/1HUUA/1HUUA_A56S_relaxed.pdb,0
s2648,1HUUA_M69I,WT,s2648/1HUUA/1HUUA_relaxed.pdb,0
s2648,1HUUA_M69I,Mut,s2648/1HUUA/1HUUA_M69I_relaxed.pdb,0
s2648,1IETA_D60R,WT,s2648/1IETA/1IETA_relaxed.pdb,0
s2648,1IETA_D60R,Mut,s2648/1IETA/1IETA_D60R_relaxed.pdb,0
s2648,1IFCA_W6Y,WT,s2648/1IFCA/1IFCA_relaxed.pdb,0
s2648,1IFCA_W6Y,Mut,s2648/1IFCA/1IFCA_W6Y_relaxed.pdb,0
s2648,1IFCA_I23C,WT,s2648/1IFCA/1IFCA_relaxed.pdb,0
s2648,1IFCA_I23C,Mut,s2648/1IFCA/1IFCA_I23C_relaxed.pdb,0
s2648,1IFCA_S53C,WT,s2648/1IFCA/1IFCA_relaxed.pdb,0
s2648,1IFCA_S53C,Mut,s2648/1IFCA/1IFCA_S53C_relaxed.pdb,0
s2648,1IFCA_V60C,WT,s2648/1IFCA/1IFCA_relaxed.pdb,0
s2648,1IFCA_V60C,Mut,s2648/1IFCA/1IFCA_V60C_relaxed.pdb,0
s2648,1IFCA_V60N,WT,s2648/1IFCA/1IFCA_relaxed.pdb,0
s2648,1IFCA_V60N,Mut,s2648/1IFCA/1IFCA_V60N_relaxed.pdb,0
s2648,1IFCA_L64A,WT,s2648/1IFCA/1IFCA_relaxed.pdb,0
s2648,1IFCA_L64A,Mut,s2648/1IFCA/1IFCA_L64A_relaxed.pdb,0
s2648,1IFCA_L64G,WT,s2648/1IFCA/1IFCA_relaxed.pdb,0
s2648,1IFCA_L64G,Mut,s2648/1IFCA/1IFCA_L64G_relaxed.pdb,0
s2648,1IFCA_G65A,WT,s2648/1IFCA/1IFCA_relaxed.pdb,0
s2648,1IFCA_G65A,Mut,s2648/1IFCA/1IFCA_G65A_relaxed.pdb,0
s2648,1IFCA_F68A,WT,s2648/1IFCA/1IFCA_relaxed.pdb,0
s2648,1IFCA_F68A,Mut,s2648/1IFCA/1IFCA_F68A_relaxed.pdb,0
s2648,1IFCA_L72C,WT,s2648/1IFCA/1IFCA_relaxed.pdb,0
s2648,1IFCA_L72C,Mut,s2648/1IFCA/1IFCA_L72C_relaxed.pdb,0
s2648,1IFCA_W82Y,WT,s2648/1IFCA/1IFCA_relaxed.pdb,0
s2648,1IFCA_W82Y,Mut,s2648/1IFCA/1IFCA_W82Y_relaxed.pdb,0
s2648,1IFCA_L89C,WT,s2648/1IFCA/1IFCA_relaxed.pdb,0
s2648,1IFCA_L89C,Mut,s2648/1IFCA/1IFCA_L89C_relaxed.pdb,0
s2648,1IFCA_F93A,WT,s2648/1IFCA/1IFCA_relaxed.pdb,0
s2648,1IFCA_F93A,Mut,s2648/1IFCA/1IFCA_F93A_relaxed.pdb,0
s2648,1IFCA_A104C,WT,s2648/1IFCA/1IFCA_relaxed.pdb,0
s2648,1IFCA_A104C,Mut,s2648/1IFCA/1IFCA_A104C_relaxed.pdb,0
s2648,1IGVA_L6V,WT,s2648/1IGVA/1IGVA_relaxed.pdb,0
s2648,1IGVA_L6V,Mut,s2648/1IGVA/1IGVA_L6V_relaxed.pdb,0
s2648,1IGVA_F10A,WT,s2648/1IGVA/1IGVA_relaxed.pdb,0
s2648,1IGVA_F10A,Mut,s2648/1IGVA/1IGVA_F10A_relaxed.pdb,0
s2648,1IGVA_Y13F,WT,s2648/1IGVA/1IGVA_relaxed.pdb,0
s2648,1IGVA_Y13F,Mut,s2648/1IGVA/1IGVA_Y13F_relaxed.pdb,0
s2648,1IGVA_E17Q,WT,s2648/1IGVA/1IGVA_relaxed.pdb,0
s2648,1IGVA_E17Q,Mut,s2648/1IGVA/1IGVA_E17Q_relaxed.pdb,0
s2648,1IGVA_D19N,WT,s2648/1IGVA/1IGVA_relaxed.pdb,0
s2648,1IGVA_D19N,Mut,s2648/1IGVA/1IGVA_D19N_relaxed.pdb,0
s2648,1IGVA_L23A,WT,s2648/1IGVA/1IGVA_relaxed.pdb,0
s2648,1IGVA_L23A,Mut,s2648/1IGVA/1IGVA_L23A_relaxed.pdb,0
s2648,1IGVA_L23G,WT,s2648/1IGVA/1IGVA_relaxed.pdb,0
s2648,1IGVA_L23G,Mut,s2648/1IGVA/1IGVA_L23G_relaxed.pdb,0
s2648,1IGVA_E26Q,WT,s2648/1IGVA/1IGVA_relaxed.pdb,0
s2648,1IGVA_E26Q,Mut,s2648/1IGVA/1IGVA_E26Q_relaxed.pdb,0
s2648,1IGVA_L28A,WT,s2648/1IGVA/1IGVA_relaxed.pdb,0
s2648,1IGVA_L28A,Mut,s2648/1IGVA/1IGVA_L28A_relaxed.pdb,0
s2648,1IGVA_V61A,WT,s2648/1IGVA/1IGVA_relaxed.pdb,0
s2648,1IGVA_V61A,Mut,s2648/1IGVA/1IGVA_V61A_relaxed.pdb,0
s2648,1IGVA_V61G,WT,s2648/1IGVA/1IGVA_relaxed.pdb,0
s2648,1IGVA_V61G,Mut,s2648/1IGVA/1IGVA_V61G_relaxed.pdb,0
s2648,1IGVA_F66A,WT,s2648/1IGVA/1IGVA_relaxed.pdb,0
s2648,1IGVA_F66A,Mut,s2648/1IGVA/1IGVA_F66A_relaxed.pdb,0
s2648,1IGVA_F66W,WT,s2648/1IGVA/1IGVA_relaxed.pdb,0
s2648,1IGVA_F66W,Mut,s2648/1IGVA/1IGVA_F66W_relaxed.pdb,0
s2648,1IGVA_V70L,WT,s2648/1IGVA/1IGVA_relaxed.pdb,0
s2648,1IGVA_V70L,Mut,s2648/1IGVA/1IGVA_V70L_relaxed.pdb,0
s2648,1IGVA_I73V,WT,s2648/1IGVA/1IGVA_relaxed.pdb,0
s2648,1IGVA_I73V,Mut,s2648/1IGVA/1IGVA_I73V_relaxed.pdb,0
s2648,1IHBA_F37H,WT,s2648/1IHBA/1IHBA_relaxed.pdb,0
s2648,1IHBA_F37H,Mut,s2648/1IHBA/1IHBA_F37H_relaxed.pdb,0
s2648,1IHBA_R55V,WT,s2648/1IHBA/1IHBA_relaxed.pdb,0
s2648,1IHBA_R55V,Mut,s2648/1IHBA/1IHBA_R55V_relaxed.pdb,0
s2648,1IHBA_F71N,WT,s2648/1IHBA/1IHBA_relaxed.pdb,0
s2648,1IHBA_F71N,Mut,s2648/1IHBA/1IHBA_F71N_relaxed.pdb,0
s2648,1IHBA_F82Q,WT,s2648/1IHBA/1IHBA_relaxed.pdb,0
s2648,1IHBA_F82Q,Mut,s2648/1IHBA/1IHBA_F82Q_relaxed.pdb,0
s2648,1IHBA_F92N,WT,s2648/1IHBA/1IHBA_relaxed.pdb,0
s2648,1IHBA_F92N,Mut,s2648/1IHBA/1IHBA_F92N_relaxed.pdb,0
s2648,1IMQA_V19L,WT,s2648/1IMQA/1IMQA_relaxed.pdb,0
s2648,1IMQA_V19L,Mut,s2648/1IMQA/1IMQA_V19L_relaxed.pdb,0
s2648,1IMQA_A25G,WT,s2648/1IMQA/1IMQA_relaxed.pdb,0
s2648,1IMQA_A25G,Mut,s2648/1IMQA/1IMQA_A25G_relaxed.pdb,0
s2648,1IMQA_E31L,WT,s2648/1IMQA/1IMQA_relaxed.pdb,0
s2648,1IMQA_E31L,Mut,s2648/1IMQA/1IMQA_E31L_relaxed.pdb,0
s2648,1IMQA_V34L,WT,s2648/1IMQA/1IMQA_relaxed.pdb,0
s2648,1IMQA_V34L,Mut,s2648/1IMQA/1IMQA_V34L_relaxed.pdb,0
s2648,1IMQA_V37L,WT,s2648/1IMQA/1IMQA_relaxed.pdb,0
s2648,1IMQA_V37L,Mut,s2648/1IMQA/1IMQA_V37L_relaxed.pdb,0
s2648,1IMQA_E41V,WT,s2648/1IMQA/1IMQA_relaxed.pdb,0
s2648,1IMQA_E41V,Mut,s2648/1IMQA/1IMQA_E41V_relaxed.pdb,0
s2648,1IMQA_V68I,WT,s2648/1IMQA/1IMQA_relaxed.pdb,0
s2648,1IMQA_V68I,Mut,s2648/1IMQA/1IMQA_V68I_relaxed.pdb,0
s2648,1IMQA_V71I,WT,s2648/1IMQA/1IMQA_relaxed.pdb,0
s2648,1IMQA_V71I,Mut,s2648/1IMQA/1IMQA_V71I_relaxed.pdb,0
s2648,1IO2A_D7N,WT,s2648/1IO2A/1IO2A_relaxed.pdb,0
s2648,1IO2A_D7N,Mut,s2648/1IO2A/1IO2A_D7N_relaxed.pdb,0
s2648,1IO2A_E8A,WT,s2648/1IO2A/1IO2A_relaxed.pdb,0
s2648,1IO2A_E8A,Mut,s2648/1IO2A/1IO2A_E8A_relaxed.pdb,0
s2648,1IO2A_E8Q,WT,s2648/1IO2A/1IO2A_relaxed.pdb,0
s2648,1IO2A_E8Q,Mut,s2648/1IO2A/1IO2A_E8Q_relaxed.pdb,0
s2648,1IO2A_D105A,WT,s2648/1IO2A/1IO2A_relaxed.pdb,0
s2648,1IO2A_D105A,Mut,s2648/1IO2A/1IO2A_D105A_relaxed.pdb,0
s2648,1IO2A_D135A,WT,s2648/1IO2A/1IO2A_relaxed.pdb,0
s2648,1IO2A_D135A,Mut,s2648/1IO2A/1IO2A_D135A_relaxed.pdb,0
s2648,1IROA_V24I,WT,s2648/1IROA/1IROA_relaxed.pdb,0
s2648,1IROA_V24I,Mut,s2648/1IROA/1IROA_V24I_relaxed.pdb,0
s2648,1IROA_I33L,WT,s2648/1IROA/1IROA_relaxed.pdb,0
s2648,1IROA_I33L,Mut,s2648/1IROA/1IROA_I33L_relaxed.pdb,0
s2648,1JIWI_D10A,WT,s2648/1JIWI/1JIWI_relaxed.pdb,0
s2648,1JIWI_D10A,Mut,s2648/1JIWI/1JIWI_D10A_relaxed.pdb,0
s2648,1JIWI_W15F,WT,s2648/1JIWI/1JIWI_relaxed.pdb,0
s2648,1JIWI_W15F,Mut,s2648/1JIWI/1JIWI_W15F_relaxed.pdb,0
s2648,1KCQA_D187Y,WT,s2648/1KCQA/1KCQA_relaxed.pdb,0
s2648,1KCQA_D187Y,Mut,s2648/1KCQA/1KCQA_D187Y_relaxed.pdb,0
s2648,1KCQA_D187N,WT,s2648/1KCQA/1KCQA_relaxed.pdb,0
s2648,1KCQA_D187N,Mut,s2648/1KCQA/1KCQA_D187N_relaxed.pdb,0
s2648,1KDXA_Y640F,WT,s2648/1KDXA/1KDXA_relaxed.pdb,0
s2648,1KDXA_Y640F,Mut,s2648/1KDXA/1KDXA_Y640F_relaxed.pdb,0
s2648,1KE4A_Y150F,WT,s2648/1KE4A/1KE4A_relaxed.pdb,0
s2648,1KE4A_Y150F,Mut,s2648/1KE4A/1KE4A_Y150F_relaxed.pdb,0
s2648,1KFWA_N197K,WT,s2648/1KFWA/1KFWA_relaxed.pdb,0
s2648,1KFWA_N197K,Mut,s2648/1KFWA/1KFWA_N197K_relaxed.pdb,0
s2648,1KFWA_G405Q,WT,s2648/1KFWA/1KFWA_relaxed.pdb,0
s2648,1KFWA_G405Q,Mut,s2648/1KFWA/1KFWA_G405Q_relaxed.pdb,0
s2648,1LBIA_K84L,WT,s2648/1LBIA/1LBIA_relaxed.pdb,0
s2648,1LBIA_K84L,Mut,s2648/1LBIA/1LBIA_K84L_relaxed.pdb,0
s2648,1LNIA_V2T,WT,s2648/1LNIA/1LNIA_relaxed.pdb,0
s2648,1LNIA_V2T,Mut,s2648/1LNIA/1LNIA_V2T_relaxed.pdb,0
s2648,1LNIA_T5V,WT,s2648/1LNIA/1LNIA_relaxed.pdb,0
s2648,1LNIA_T5V,Mut,s2648/1LNIA/1LNIA_T5V_relaxed.pdb,0
s2648,1LNIA_T16V,WT,s2648/1LNIA/1LNIA_relaxed.pdb,0
s2648,1LNIA_T16V,Mut,s2648/1LNIA/1LNIA_T16V_relaxed.pdb,0
s2648,1LNIA_D17K,WT,s2648/1LNIA/1LNIA_relaxed.pdb,0
s2648,1LNIA_D17K,Mut,s2648/1LNIA/1LNIA_D17K_relaxed.pdb,0
s2648,1LNIA_T18V,WT,s2648/1LNIA/1LNIA_relaxed.pdb,0
s2648,1LNIA_T18V,Mut,s2648/1LNIA/1LNIA_T18V_relaxed.pdb,0
s2648,1LNIA_D25K,WT,s2648/1LNIA/1LNIA_relaxed.pdb,0
s2648,1LNIA_D25K,Mut,s2648/1LNIA/1LNIA_D25K_relaxed.pdb,0
s2648,1LNIA_Y30F,WT,s2648/1LNIA/1LNIA_relaxed.pdb,0
s2648,1LNIA_Y30F,Mut,s2648/1LNIA/1LNIA_Y30F_relaxed.pdb,0
s2648,1LNIA_V36T,WT,s2648/1LNIA/1LNIA_relaxed.pdb,0
s2648,1LNIA_V36T,Mut,s2648/1LNIA/1LNIA_V36T_relaxed.pdb,0
s2648,1LNIA_Q38A,WT,s2648/1LNIA/1LNIA_relaxed.pdb,0
s2648,1LNIA_Q38A,Mut,s2648/1LNIA/1LNIA_Q38A_relaxed.pdb,0
s2648,1LNIA_N39D,WT,s2648/1LNIA/1LNIA_relaxed.pdb,0
s2648,1LNIA_N39D,Mut,s2648/1LNIA/1LNIA_N39D_relaxed.pdb,0
s2648,1LNIA_N39A,WT,s2648/1LNIA/1LNIA_relaxed.pdb,0
s2648,1LNIA_N39A,Mut,s2648/1LNIA/1LNIA_N39A_relaxed.pdb,0
s2648,1LNIA_N39S,WT,s2648/1LNIA/1LNIA_relaxed.pdb,0
s2648,1LNIA_N39S,Mut,s2648/1LNIA/1LNIA_N39S_relaxed.pdb,0
s2648,1LNIA_E41K,WT,s2648/1LNIA/1LNIA_relaxed.pdb,0
s2648,1LNIA_E41K,Mut,s2648/1LNIA/1LNIA_E41K_relaxed.pdb,0
s2648,1LNIA_V43T,WT,s2648/1LNIA/1LNIA_relaxed.pdb,0
s2648,1LNIA_V43T,Mut,s2648/1LNIA/1LNIA_V43T_relaxed.pdb,0
s2648,1LNIA_Y49F,WT,s2648/1LNIA/1LNIA_relaxed.pdb,0
s2648,1LNIA_Y49F,Mut,s2648/1LNIA/1LNIA_Y49F_relaxed.pdb,0
s2648,1LNIA_Y51F,WT,s2648/1LNIA/1LNIA_relaxed.pdb,0
s2648,1LNIA_Y51F,Mut,s2648/1LNIA/1LNIA_Y51F_relaxed.pdb,0
s2648,1LNIA_Y52F,WT,s2648/1LNIA/1LNIA_relaxed.pdb,0
s2648,1LNIA_Y52F,Mut,s2648/1LNIA/1LNIA_Y52F_relaxed.pdb,0
s2648,1LNIA_E54Q,WT,s2648/1LNIA/1LNIA_relaxed.pdb,0
s2648,1LNIA_E54Q,Mut,s2648/1LNIA/1LNIA_E54Q_relaxed.pdb,0
s2648,1LNIA_Y55F,WT,s2648/1LNIA/1LNIA_relaxed.pdb,0
s2648,1LNIA_Y55F,Mut,s2648/1LNIA/1LNIA_Y55F_relaxed.pdb,0
s2648,1LNIA_T56V,WT,s2648/1LNIA/1LNIA_relaxed.pdb,0
s2648,1LNIA_T56V,Mut,s2648/1LNIA/1LNIA_T56V_relaxed.pdb,0
s2648,1LNIA_V57T,WT,s2648/1LNIA/1LNIA_relaxed.pdb,0
s2648,1LNIA_V57T,Mut,s2648/1LNIA/1LNIA_V57T_relaxed.pdb,0
s2648,1LNIA_T59V,WT,s2648/1LNIA/1LNIA_relaxed.pdb,0
s2648,1LNIA_T59V,Mut,s2648/1LNIA/1LNIA_T59V_relaxed.pdb,0
s2648,1LNIA_R65A,WT,s2648/1LNIA/1LNIA_relaxed.pdb,0
s2648,1LNIA_R65A,Mut,s2648/1LNIA/1LNIA_R65A_relaxed.pdb,0
s2648,1LNIA_T67V,WT,s2648/1LNIA/1LNIA_relaxed.pdb,0
s2648,1LNIA_T67V,Mut,s2648/1LNIA/1LNIA_T67V_relaxed.pdb,0
s2648,1LNIA_T72V,WT,s2648/1LNIA/1LNIA_relaxed.pdb,0
s2648,1LNIA_T72V,Mut,s2648/1LNIA/1LNIA_T72V_relaxed.pdb,0
s2648,1LNIA_E74K,WT,s2648/1LNIA/1LNIA_relaxed.pdb,0
s2648,1LNIA_E74K,Mut,s2648/1LNIA/1LNIA_E74K_relaxed.pdb,0
s2648,1LNIA_D79A,WT,s2648/1LNIA/1LNIA_relaxed.pdb,0
s2648,1LNIA_D79A,Mut,s2648/1LNIA/1LNIA_D79A_relaxed.pdb,0
s2648,1LNIA_D79F,WT,s2648/1LNIA/1LNIA_relaxed.pdb,0
s2648,1LNIA_D79F,Mut,s2648/1LNIA/1LNIA_D79F_relaxed.pdb,0
s2648,1LNIA_D79I,WT,s2648/1LNIA/1LNIA_relaxed.pdb,0
s2648,1LNIA_D79I,Mut,s2648/1LNIA/1LNIA_D79I_relaxed.pdb,0
s2648,1LNIA_D79L,WT,s2648/1LNIA/1LNIA_relaxed.pdb,0
s2648,1LNIA_D79L,Mut,s2648/1LNIA/1LNIA_D79L_relaxed.pdb,0
s2648,1LNIA_D79R,WT,s2648/1LNIA/1LNIA_relaxed.pdb,0
s2648,1LNIA_D79R,Mut,s2648/1LNIA/1LNIA_D79R_relaxed.pdb,0
s2648,1LNIA_D79Y,WT,s2648/1LNIA/1LNIA_relaxed.pdb,0
s2648,1LNIA_D79Y,Mut,s2648/1LNIA/1LNIA_D79Y_relaxed.pdb,0
s2648,1LNIA_D79E,WT,s2648/1LNIA/1LNIA_relaxed.pdb,0
s2648,1LNIA_D79E,Mut,s2648/1LNIA/1LNIA_D79E_relaxed.pdb,0
s2648,1LNIA_D79H,WT,s2648/1LNIA/1LNIA_relaxed.pdb,0
s2648,1LNIA_D79H,Mut,s2648/1LNIA/1LNIA_D79H_relaxed.pdb,0
s2648,1LNIA_D79K,WT,s2648/1LNIA/1LNIA_relaxed.pdb,0
s2648,1LNIA_D79K,Mut,s2648/1LNIA/1LNIA_D79K_relaxed.pdb,0
s2648,1LNIA_D79N,WT,s2648/1LNIA/1LNIA_relaxed.pdb,0
s2648,1LNIA_D79N,Mut,s2648/1LNIA/1LNIA_D79N_relaxed.pdb,0
s2648,1LNIA_D79W,WT,s2648/1LNIA/1LNIA_relaxed.pdb,0
s2648,1LNIA_D79W,Mut,s2648/1LNIA/1LNIA_D79W_relaxed.pdb,0
s2648,1LNIA_Y80F,WT,s2648/1LNIA/1LNIA_relaxed.pdb,0
s2648,1LNIA_Y80F,Mut,s2648/1LNIA/1LNIA_Y80F_relaxed.pdb,0
s2648,1LNIA_Y81F,WT,s2648/1LNIA/1LNIA_relaxed.pdb,0
s2648,1LNIA_Y81F,Mut,s2648/1LNIA/1LNIA_Y81F_relaxed.pdb,0
s2648,1LNIA_T82V,WT,s2648/1LNIA/1LNIA_relaxed.pdb,0
s2648,1LNIA_T82V,Mut,s2648/1LNIA/1LNIA_T82V_relaxed.pdb,0
s2648,1LNIA_H85Q,WT,s2648/1LNIA/1LNIA_relaxed.pdb,0
s2648,1LNIA_H85Q,Mut,s2648/1LNIA/1LNIA_H85Q_relaxed.pdb,0
s2648,1LNIA_Y86F,WT,s2648/1LNIA/1LNIA_relaxed.pdb,0
s2648,1LNIA_Y86F,Mut,s2648/1LNIA/1LNIA_Y86F_relaxed.pdb,0
s2648,1LNIA_Q94K,WT,s2648/1LNIA/1LNIA_relaxed.pdb,0
s2648,1LNIA_Q94K,Mut,s2648/1LNIA/1LNIA_Q94K_relaxed.pdb,0
s2648,1LUCB_H81A,WT,s2648/1LUCB/1LUCB_relaxed.pdb,0
s2648,1LUCB_H81A,Mut,s2648/1LUCB/1LUCB_H81A_relaxed.pdb,0
s2648,1LUCB_H82A,WT,s2648/1LUCB/1LUCB_relaxed.pdb,0
s2648,1LUCB_H82A,Mut,s2648/1LUCB/1LUCB_H82A_relaxed.pdb,0
s2648,1LVEA_M4L,WT,s2648/1LVEA/1LVEA_relaxed.pdb,0
s2648,1LVEA_M4L,Mut,s2648/1LVEA/1LVEA_M4L_relaxed.pdb,0
s2648,1LVEA_N28F,WT,s2648/1LVEA/1LVEA_relaxed.pdb,0
s2648,1LVEA_N28F,Mut,s2648/1LVEA/1LVEA_N28F_relaxed.pdb,0
s2648,1LVEA_S29N,WT,s2648/1LVEA/1LVEA_relaxed.pdb,0
s2648,1LVEA_S29N,Mut,s2648/1LVEA/1LVEA_S29N_relaxed.pdb,0
s2648,1LVEA_K30T,WT,s2648/1LVEA/1LVEA_relaxed.pdb,0
s2648,1LVEA_K30T,Mut,s2648/1LVEA/1LVEA_K30T_relaxed.pdb,0
s2648,1LVEA_K30R,WT,s2648/1LVEA/1LVEA_relaxed.pdb,0
s2648,1LVEA_K30R,Mut,s2648/1LVEA/1LVEA_K30R_relaxed.pdb,0
s2648,1LVEA_Q38N,WT,s2648/1LVEA/1LVEA_relaxed.pdb,0
s2648,1LVEA_Q38N,Mut,s2648/1LVEA/1LVEA_Q38N_relaxed.pdb,0
s2648,1LVEA_K39T,WT,s2648/1LVEA/1LVEA_relaxed.pdb,0
s2648,1LVEA_K39T,Mut,s2648/1LVEA/1LVEA_K39T_relaxed.pdb,0
s2648,1LVEA_Q89N,WT,s2648/1LVEA/1LVEA_relaxed.pdb,0
s2648,1LVEA_Q89N,Mut,s2648/1LVEA/1LVEA_Q89N_relaxed.pdb,0
s2648,1LVEA_Q89H,WT,s2648/1LVEA/1LVEA_relaxed.pdb,0
s2648,1LVEA_Q89H,Mut,s2648/1LVEA/1LVEA_Q89H_relaxed.pdb,0
s2648,1LVEA_T94H,WT,s2648/1LVEA/1LVEA_relaxed.pdb,0
s2648,1LVEA_T94H,Mut,s2648/1LVEA/1LVEA_T94H_relaxed.pdb,0
s2648,1LVEA_Y96Q,WT,s2648/1LVEA/1LVEA_relaxed.pdb,0
s2648,1LVEA_Y96Q,Mut,s2648/1LVEA/1LVEA_Y96Q_relaxed.pdb,0
s2648,1LVEA_S97T,WT,s2648/1LVEA/1LVEA_relaxed.pdb,0
s2648,1LVEA_S97T,Mut,s2648/1LVEA/1LVEA_S97T_relaxed.pdb,0
s2648,1LVEA_I106L,WT,s2648/1LVEA/1LVEA_relaxed.pdb,0
s2648,1LVEA_I106L,Mut,s2648/1LVEA/1LVEA_I106L_relaxed.pdb,0
s2648,1LZ1A_K1M,WT,s2648/1LZ1A/1LZ1A_relaxed.pdb,0
s2648,1LZ1A_K1M,Mut,s2648/1LZ1A/1LZ1A_K1M_relaxed.pdb,0
s2648,1LZ1A_K1A,WT,s2648/1LZ1A/1LZ1A_relaxed.pdb,0
s2648,1LZ1A_K1A,Mut,s2648/1LZ1A/1LZ1A_K1A_relaxed.pdb,0
s2648,1LZ1A_V2D,WT,s2648/1LZ1A/1LZ1A_relaxed.pdb,0
s2648,1LZ1A_V2D,Mut,s2648/1LZ1A/1LZ1A_V2D_relaxed.pdb,0
s2648,1LZ1A_V2G,WT,s2648/1LZ1A/1LZ1A_relaxed.pdb,0
s2648,1LZ1A_V2G,Mut,s2648/1LZ1A/1LZ1A_V2G_relaxed.pdb,0
s2648,1LZ1A_V2L,WT,s2648/1LZ1A/1LZ1A_relaxed.pdb,0
s2648,1LZ1A_V2L,Mut,s2648/1LZ1A/1LZ1A_V2L_relaxed.pdb,0
s2648,1LZ1A_V2N,WT,s2648/1LZ1A/1LZ1A_relaxed.pdb,0
s2648,1LZ1A_V2N,Mut,s2648/1LZ1A/1LZ1A_V2N_relaxed.pdb,0
s2648,1LZ1A_V2S,WT,s2648/1LZ1A/1LZ1A_relaxed.pdb,0
s2648,1LZ1A_V2S,Mut,s2648/1LZ1A/1LZ1A_V2S_relaxed.pdb,0
s2648,1LZ1A_V2A,WT,s2648/1LZ1A/1LZ1A_relaxed.pdb,0
s2648,1LZ1A_V2A,Mut,s2648/1LZ1A/1LZ1A_V2A_relaxed.pdb,0
s2648,1LZ1A_V2F,WT,s2648/1LZ1A/1LZ1A_relaxed.pdb,0
s2648,1LZ1A_V2F,Mut,s2648/1LZ1A/1LZ1A_V2F_relaxed.pdb,0
s2648,1LZ1A_V2I,WT,s2648/1LZ1A/1LZ1A_relaxed.pdb,0
s2648,1LZ1A_V2I,Mut,s2648/1LZ1A/1LZ1A_V2I_relaxed.pdb,0
s2648,1LZ1A_V2M,WT,s2648/1LZ1A/1LZ1A_relaxed.pdb,0
s2648,1LZ1A_V2M,Mut,s2648/1LZ1A/1LZ1A_V2M_relaxed.pdb,0
s2648,1LZ1A_V2R,WT,s2648/1LZ1A/1LZ1A_relaxed.pdb,0
s2648,1LZ1A_V2R,Mut,s2648/1LZ1A/1LZ1A_V2R_relaxed.pdb,0
s2648,1LZ1A_V2Y,WT,s2648/1LZ1A/1LZ1A_relaxed.pdb,0
s2648,1LZ1A_V2Y,Mut,s2648/1LZ1A/1LZ1A_V2Y_relaxed.pdb,0
s2648,1LZ1A_E7Q,WT,s2648/1LZ1A/1LZ1A_relaxed.pdb,0
s2648,1LZ1A_E7Q,Mut,s2648/1LZ1A/1LZ1A_E7Q_relaxed.pdb,0
s2648,1LZ1A_L8T,WT,s2648/1LZ1A/1LZ1A_relaxed.pdb,0
s2648,1LZ1A_L8T,Mut,s2648/1LZ1A/1LZ1A_L8T_relaxed.pdb,0
s2648,1LZ1A_A9S,WT,s2648/1LZ1A/1LZ1A_relaxed.pdb,0
s2648,1LZ1A_A9S,Mut,s2648/1LZ1A/1LZ1A_A9S_relaxed.pdb,0
s2648,1LZ1A_G16A,WT,s2648/1LZ1A/1LZ1A_relaxed.pdb,0
s2648,1LZ1A_G16A,Mut,s2648/1LZ1A/1LZ1A_G16A_relaxed.pdb,0
s2648,1LZ1A_D18N,WT,s2648/1LZ1A/1LZ1A_relaxed.pdb,0
s2648,1LZ1A_D18N,Mut,s2648/1LZ1A/1LZ1A_D18N_relaxed.pdb,0
s2648,1LZ1A_G19A,WT,s2648/1LZ1A/1LZ1A_relaxed.pdb,0
s2648,1LZ1A_G19A,Mut,s2648/1LZ1A/1LZ1A_G19A_relaxed.pdb,0
s2648,1LZ1A_Y20F,WT,s2648/1LZ1A/1LZ1A_relaxed.pdb,0
s2648,1LZ1A_Y20F,Mut,s2648/1LZ1A/1LZ1A_Y20F_relaxed.pdb,0
s2648,1LZ1A_R21G,WT,s2648/1LZ1A/1LZ1A_relaxed.pdb,0
s2648,1LZ1A_R21G,Mut,s2648/1LZ1A/1LZ1A_R21G_relaxed.pdb,0
s2648,1LZ1A_R21A,WT,s2648/1LZ1A/1LZ1A_relaxed.pdb,0
s2648,1LZ1A_R21A,Mut,s2648/1LZ1A/1LZ1A_R21A_relaxed.pdb,0
s2648,1LZ1A_G22A,WT,s2648/1LZ1A/1LZ1A_relaxed.pdb,0
s2648,1LZ1A_G22A,Mut,s2648/1LZ1A/1LZ1A_G22A_relaxed.pdb,0
s2648,1LZ1A_I23A,WT,s2648/1LZ1A/1LZ1A_relaxed.pdb,0
s2648,1LZ1A_I23A,Mut,s2648/1LZ1A/1LZ1A_I23A_relaxed.pdb,0
s2648,1LZ1A_I23V,WT,s2648/1LZ1A/1LZ1A_relaxed.pdb,0
s2648,1LZ1A_I23V,Mut,s2648/1LZ1A/1LZ1A_I23V_relaxed.pdb,0
s2648,1LZ1A_A32L,WT,s2648/1LZ1A/1LZ1A_relaxed.pdb,0
s2648,1LZ1A_A32L,Mut,s2648/1LZ1A/1LZ1A_A32L_relaxed.pdb,0
s2648,1LZ1A_A32S,WT,s2648/1LZ1A/1LZ1A_relaxed.pdb,0
s2648,1LZ1A_A32S,Mut,s2648/1LZ1A/1LZ1A_A32S_relaxed.pdb,0
s2648,1LZ1A_E35L,WT,s2648/1LZ1A/1LZ1A_relaxed.pdb,0
s2648,1LZ1A_E35L,Mut,s2648/1LZ1A/1LZ1A_E35L_relaxed.pdb,0
s2648,1LZ1A_G37Q,WT,s2648/1LZ1A/1LZ1A_relaxed.pdb,0
s2648,1LZ1A_G37Q,Mut,s2648/1LZ1A/1LZ1A_G37Q_relaxed.pdb,0
s2648,1LZ1A_G37A,WT,s2648/1LZ1A/1LZ1A_relaxed.pdb,0
s2648,1LZ1A_G37A,Mut,s2648/1LZ1A/1LZ1A_G37A_relaxed.pdb,0
s2648,1LZ1A_Y38F,WT,s2648/1LZ1A/1LZ1A_relaxed.pdb,0
s2648,1LZ1A_Y38F,Mut,s2648/1LZ1A/1LZ1A_Y38F_relaxed.pdb,0
s2648,1LZ1A_Y38A,WT,s2648/1LZ1A/1LZ1A_relaxed.pdb,0
s2648,1LZ1A_Y38A,Mut,s2648/1LZ1A/1LZ1A_Y38A_relaxed.pdb,0
s2648,1LZ1A_Y38G,WT,s2648/1LZ1A/1LZ1A_relaxed.pdb,0
s2648,1LZ1A_Y38G,Mut,s2648/1LZ1A/1LZ1A_Y38G_relaxed.pdb,0
s2648,1LZ1A_Y45F,WT,s2648/1LZ1A/1LZ1A_relaxed.pdb,0
s2648,1LZ1A_Y45F,Mut,s2648/1LZ1A/1LZ1A_Y45F_relaxed.pdb,0
s2648,1LZ1A_G48A,WT,s2648/1LZ1A/1LZ1A_relaxed.pdb,0
s2648,1LZ1A_G48A,Mut,s2648/1LZ1A/1LZ1A_G48A_relaxed.pdb,0
s2648,1LZ1A_D49N,WT,s2648/1LZ1A/1LZ1A_relaxed.pdb,0
s2648,1LZ1A_D49N,Mut,s2648/1LZ1A/1LZ1A_D49N_relaxed.pdb,0
s2648,1LZ1A_R50G,WT,s2648/1LZ1A/1LZ1A_relaxed.pdb,0
s2648,1LZ1A_R50G,Mut,s2648/1LZ1A/1LZ1A_R50G_relaxed.pdb,0
s2648,1LZ1A_R50A,WT,s2648/1LZ1A/1LZ1A_relaxed.pdb,0
s2648,1LZ1A_R50A,Mut,s2648/1LZ1A/1LZ1A_R50A_relaxed.pdb,0
s2648,1LZ1A_Y54F,WT,s2648/1LZ1A/1LZ1A_relaxed.pdb,0
s2648,1LZ1A_Y54F,Mut,s2648/1LZ1A/1LZ1A_Y54F_relaxed.pdb,0
s2648,1LZ1A_I56A,WT,s2648/1LZ1A/1LZ1A_relaxed.pdb,0
s2648,1LZ1A_I56A,Mut,s2648/1LZ1A/1LZ1A_I56A_relaxed.pdb,0
s2648,1LZ1A_I56L,WT,s2648/1LZ1A/1LZ1A_relaxed.pdb,0
s2648,1LZ1A_I56L,Mut,s2648/1LZ1A/1LZ1A_I56L_relaxed.pdb,0
s2648,1LZ1A_I56T,WT,s2648/1LZ1A/1LZ1A_relaxed.pdb,0
s2648,1LZ1A_I56T,Mut,s2648/1LZ1A/1LZ1A_I56T_relaxed.pdb,0
s2648,1LZ1A_I56F,WT,s2648/1LZ1A/1LZ1A_relaxed.pdb,0
s2648,1LZ1A_I56F,Mut,s2648/1LZ1A/1LZ1A_I56F_relaxed.pdb,0
s2648,1LZ1A_I56M,WT,s2648/1LZ1A/1LZ1A_relaxed.pdb,0
s2648,1LZ1A_I56M,Mut,s2648/1LZ1A/1LZ1A_I56M_relaxed.pdb,0
s2648,1LZ1A_I56V,WT,s2648/1LZ1A/1LZ1A_relaxed.pdb,0
s2648,1LZ1A_I56V,Mut,s2648/1LZ1A/1LZ1A_I56V_relaxed.pdb,0
s2648,1LZ1A_Q58A,WT,s2648/1LZ1A/1LZ1A_relaxed.pdb,0
s2648,1LZ1A_Q58A,Mut,s2648/1LZ1A/1LZ1A_Q58A_relaxed.pdb,0
s2648,1LZ1A_Q58G,WT,s2648/1LZ1A/1LZ1A_relaxed.pdb,0
s2648,1LZ1A_Q58G,Mut,s2648/1LZ1A/1LZ1A_Q58G_relaxed.pdb,0
s2648,1LZ1A_I59A,WT,s2648/1LZ1A/1LZ1A_relaxed.pdb,0
s2648,1LZ1A_I59A,Mut,s2648/1LZ1A/1LZ1A_I59A_relaxed.pdb,0
s2648,1LZ1A_I59G,WT,s2648/1LZ1A/1LZ1A_relaxed.pdb,0
s2648,1LZ1A_I59G,Mut,s2648/1LZ1A/1LZ1A_I59G_relaxed.pdb,0
s2648,1LZ1A_I59M,WT,s2648/1LZ1A/1LZ1A_relaxed.pdb,0
s2648,1LZ1A_I59M,Mut,s2648/1LZ1A/1LZ1A_I59M_relaxed.pdb,0
s2648,1LZ1A_I59T,WT,s2648/1LZ1A/1LZ1A_relaxed.pdb,0
s2648,1LZ1A_I59T,Mut,s2648/1LZ1A/1LZ1A_I59T_relaxed.pdb,0
s2648,1LZ1A_I59Y,WT,s2648/1LZ1A/1LZ1A_relaxed.pdb,0
s2648,1LZ1A_I59Y,Mut,s2648/1LZ1A/1LZ1A_I59Y_relaxed.pdb,0
s2648,1LZ1A_I59F,WT,s2648/1LZ1A/1LZ1A_relaxed.pdb,0
s2648,1LZ1A_I59F,Mut,s2648/1LZ1A/1LZ1A_I59F_relaxed.pdb,0
s2648,1LZ1A_I59L,WT,s2648/1LZ1A/1LZ1A_relaxed.pdb,0
s2648,1LZ1A_I59L,Mut,s2648/1LZ1A/1LZ1A_I59L_relaxed.pdb,0
s2648,1LZ1A_I59S,WT,s2648/1LZ1A/1LZ1A_relaxed.pdb,0
s2648,1LZ1A_I59S,Mut,s2648/1LZ1A/1LZ1A_I59S_relaxed.pdb,0
s2648,1LZ1A_I59V,WT,s2648/1LZ1A/1LZ1A_relaxed.pdb,0
s2648,1LZ1A_I59V,Mut,s2648/1LZ1A/1LZ1A_I59V_relaxed.pdb,0
s2648,1LZ1A_Y63F,WT,s2648/1LZ1A/1LZ1A_relaxed.pdb,0
s2648,1LZ1A_Y63F,Mut,s2648/1LZ1A/1LZ1A_Y63F_relaxed.pdb,0
s2648,1LZ1A_D67H,WT,s2648/1LZ1A/1LZ1A_relaxed.pdb,0
s2648,1LZ1A_D67H,Mut,s2648/1LZ1A/1LZ1A_D67H_relaxed.pdb,0
s2648,1LZ1A_D67N,WT,s2648/1LZ1A/1LZ1A_relaxed.pdb,0
s2648,1LZ1A_D67N,Mut,s2648/1LZ1A/1LZ1A_D67N_relaxed.pdb,0
s2648,1LZ1A_G68A,WT,s2648/1LZ1A/1LZ1A_relaxed.pdb,0
s2648,1LZ1A_G68A,Mut,s2648/1LZ1A/1LZ1A_G68A_relaxed.pdb,0
s2648,1LZ1A_G72A,WT,s2648/1LZ1A/1LZ1A_relaxed.pdb,0
s2648,1LZ1A_G72A,Mut,s2648/1LZ1A/1LZ1A_G72A_relaxed.pdb,0
s2648,1LZ1A_V74A,WT,s2648/1LZ1A/1LZ1A_relaxed.pdb,0
s2648,1LZ1A_V74A,Mut,s2648/1LZ1A/1LZ1A_V74A_relaxed.pdb,0
s2648,1LZ1A_V74F,WT,s2648/1LZ1A/1LZ1A_relaxed.pdb,0
s2648,1LZ1A_V74F,Mut,s2648/1LZ1A/1LZ1A_V74F_relaxed.pdb,0
s2648,1LZ1A_V74I,WT,s2648/1LZ1A/1LZ1A_relaxed.pdb,0
s2648,1LZ1A_V74I,Mut,s2648/1LZ1A/1LZ1A_V74I_relaxed.pdb,0
s2648,1LZ1A_V74M,WT,s2648/1LZ1A/1LZ1A_relaxed.pdb,0
s2648,1LZ1A_V74M,Mut,s2648/1LZ1A/1LZ1A_V74M_relaxed.pdb,0
s2648,1LZ1A_V74R,WT,s2648/1LZ1A/1LZ1A_relaxed.pdb,0
s2648,1LZ1A_V74R,Mut,s2648/1LZ1A/1LZ1A_V74R_relaxed.pdb,0
s2648,1LZ1A_V74Y,WT,s2648/1LZ1A/1LZ1A_relaxed.pdb,0
s2648,1LZ1A_V74Y,Mut,s2648/1LZ1A/1LZ1A_V74Y_relaxed.pdb,0
s2648,1LZ1A_V74D,WT,s2648/1LZ1A/1LZ1A_relaxed.pdb,0
s2648,1LZ1A_V74D,Mut,s2648/1LZ1A/1LZ1A_V74D_relaxed.pdb,0
s2648,1LZ1A_V74G,WT,s2648/1LZ1A/1LZ1A_relaxed.pdb,0
s2648,1LZ1A_V74G,Mut,s2648/1LZ1A/1LZ1A_V74G_relaxed.pdb,0
s2648,1LZ1A_V74L,WT,s2648/1LZ1A/1LZ1A_relaxed.pdb,0
s2648,1LZ1A_V74L,Mut,s2648/1LZ1A/1LZ1A_V74L_relaxed.pdb,0
s2648,1LZ1A_V74N,WT,s2648/1LZ1A/1LZ1A_relaxed.pdb,0
s2648,1LZ1A_V74N,Mut,s2648/1LZ1A/1LZ1A_V74N_relaxed.pdb,0
s2648,1LZ1A_V74S,WT,s2648/1LZ1A/1LZ1A_relaxed.pdb,0
s2648,1LZ1A_V74S,Mut,s2648/1LZ1A/1LZ1A_V74S_relaxed.pdb,0
s2648,1LZ1A_C77A,WT,s2648/1LZ1A/1LZ1A_relaxed.pdb,0
s2648,1LZ1A_C77A,Mut,s2648/1LZ1A/1LZ1A_C77A_relaxed.pdb,0
s2648,1LZ1A_H78A,WT,s2648/1LZ1A/1LZ1A_relaxed.pdb,0
s2648,1LZ1A_H78A,Mut,s2648/1LZ1A/1LZ1A_H78A_relaxed.pdb,0
s2648,1LZ1A_H78G,WT,s2648/1LZ1A/1LZ1A_relaxed.pdb,0
s2648,1LZ1A_H78G,Mut,s2648/1LZ1A/1LZ1A_H78G_relaxed.pdb,0
s2648,1LZ1A_I89A,WT,s2648/1LZ1A/1LZ1A_relaxed.pdb,0
s2648,1LZ1A_I89A,Mut,s2648/1LZ1A/1LZ1A_I89A_relaxed.pdb,0
s2648,1LZ1A_I89V,WT,s2648/1LZ1A/1LZ1A_relaxed.pdb,0
s2648,1LZ1A_I89V,Mut,s2648/1LZ1A/1LZ1A_I89V_relaxed.pdb,0
s2648,1LZ1A_A92S,WT,s2648/1LZ1A/1LZ1A_relaxed.pdb,0
s2648,1LZ1A_A92S,Mut,s2648/1LZ1A/1LZ1A_A92S_relaxed.pdb,0
s2648,1LZ1A_V93T,WT,s2648/1LZ1A/1LZ1A_relaxed.pdb,0
s2648,1LZ1A_V93T,Mut,s2648/1LZ1A/1LZ1A_V93T_relaxed.pdb,0
s2648,1LZ1A_V93A,WT,s2648/1LZ1A/1LZ1A_relaxed.pdb,0
s2648,1LZ1A_V93A,Mut,s2648/1LZ1A/1LZ1A_V93A_relaxed.pdb,0
s2648,1LZ1A_A96S,WT,s2648/1LZ1A/1LZ1A_relaxed.pdb,0
s2648,1LZ1A_A96S,Mut,s2648/1LZ1A/1LZ1A_A96S_relaxed.pdb,0
s2648,1LZ1A_A96M,WT,s2648/1LZ1A/1LZ1A_relaxed.pdb,0
s2648,1LZ1A_A96M,Mut,s2648/1LZ1A/1LZ1A_A96M_relaxed.pdb,0
s2648,1LZ1A_V99T,WT,s2648/1LZ1A/1LZ1A_relaxed.pdb,0
s2648,1LZ1A_V99T,Mut,s2648/1LZ1A/1LZ1A_V99T_relaxed.pdb,0
s2648,1LZ1A_V99A,WT,s2648/1LZ1A/1LZ1A_relaxed.pdb,0
s2648,1LZ1A_V99A,Mut,s2648/1LZ1A/1LZ1A_V99A_relaxed.pdb,0
s2648,1LZ1A_V100F,WT,s2648/1LZ1A/1LZ1A_relaxed.pdb,0
s2648,1LZ1A_V100F,Mut,s2648/1LZ1A/1LZ1A_V100F_relaxed.pdb,0
s2648,1LZ1A_V100A,WT,s2648/1LZ1A/1LZ1A_relaxed.pdb,0
s2648,1LZ1A_V100A,Mut,s2648/1LZ1A/1LZ1A_V100A_relaxed.pdb,0
s2648,1LZ1A_V100T,WT,s2648/1LZ1A/1LZ1A_relaxed.pdb,0
s2648,1LZ1A_V100T,Mut,s2648/1LZ1A/1LZ1A_V100T_relaxed.pdb,0
s2648,1LZ1A_D102N,WT,s2648/1LZ1A/1LZ1A_relaxed.pdb,0
s2648,1LZ1A_D102N,Mut,s2648/1LZ1A/1LZ1A_D102N_relaxed.pdb,0
s2648,1LZ1A_G105A,WT,s2648/1LZ1A/1LZ1A_relaxed.pdb,0
s2648,1LZ1A_G105A,Mut,s2648/1LZ1A/1LZ1A_G105A_relaxed.pdb,0
s2648,1LZ1A_I106A,WT,s2648/1LZ1A/1LZ1A_relaxed.pdb,0
s2648,1LZ1A_I106A,Mut,s2648/1LZ1A/1LZ1A_I106A_relaxed.pdb,0
s2648,1LZ1A_I106V,WT,s2648/1LZ1A/1LZ1A_relaxed.pdb,0
s2648,1LZ1A_I106V,Mut,s2648/1LZ1A/1LZ1A_I106V_relaxed.pdb,0
s2648,1LZ1A_V110A,WT,s2648/1LZ1A/1LZ1A_relaxed.pdb,0
s2648,1LZ1A_V110A,Mut,s2648/1LZ1A/1LZ1A_V110A_relaxed.pdb,0
s2648,1LZ1A_V110F,WT,s2648/1LZ1A/1LZ1A_relaxed.pdb,0
s2648,1LZ1A_V110F,Mut,s2648/1LZ1A/1LZ1A_V110F_relaxed.pdb,0
s2648,1LZ1A_V110I,WT,s2648/1LZ1A/1LZ1A_relaxed.pdb,0
s2648,1LZ1A_V110I,Mut,s2648/1LZ1A/1LZ1A_V110I_relaxed.pdb,0
s2648,1LZ1A_V110M,WT,s2648/1LZ1A/1LZ1A_relaxed.pdb,0
s2648,1LZ1A_V110M,Mut,s2648/1LZ1A/1LZ1A_V110M_relaxed.pdb,0
s2648,1LZ1A_V110R,WT,s2648/1LZ1A/1LZ1A_relaxed.pdb,0
s2648,1LZ1A_V110R,Mut,s2648/1LZ1A/1LZ1A_V110R_relaxed.pdb,0
s2648,1LZ1A_V110D,WT,s2648/1LZ1A/1LZ1A_relaxed.pdb,0
s2648,1LZ1A_V110D,Mut,s2648/1LZ1A/1LZ1A_V110D_relaxed.pdb,0
s2648,1LZ1A_V110G,WT,s2648/1LZ1A/1LZ1A_relaxed.pdb,0
s2648,1LZ1A_V110G,Mut,s2648/1LZ1A/1LZ1A_V110G_relaxed.pdb,0
s2648,1LZ1A_V110L,WT,s2648/1LZ1A/1LZ1A_relaxed.pdb,0
s2648,1LZ1A_V110L,Mut,s2648/1LZ1A/1LZ1A_V110L_relaxed.pdb,0
s2648,1LZ1A_V110N,WT,s2648/1LZ1A/1LZ1A_relaxed.pdb,0
s2648,1LZ1A_V110N,Mut,s2648/1LZ1A/1LZ1A_V110N_relaxed.pdb,0
s2648,1LZ1A_V110Y,WT,s2648/1LZ1A/1LZ1A_relaxed.pdb,0
s2648,1LZ1A_V110Y,Mut,s2648/1LZ1A/1LZ1A_V110Y_relaxed.pdb,0
s2648,1LZ1A_N118A,WT,s2648/1LZ1A/1LZ1A_relaxed.pdb,0
s2648,1LZ1A_N118A,Mut,s2648/1LZ1A/1LZ1A_N118A_relaxed.pdb,0
s2648,1LZ1A_N118G,WT,s2648/1LZ1A/1LZ1A_relaxed.pdb,0
s2648,1LZ1A_N118G,Mut,s2648/1LZ1A/1LZ1A_N118G_relaxed.pdb,0
s2648,1LZ1A_D120N,WT,s2648/1LZ1A/1LZ1A_relaxed.pdb,0
s2648,1LZ1A_D120N,Mut,s2648/1LZ1A/1LZ1A_D120N_relaxed.pdb,0
s2648,1LZ1A_V121A,WT,s2648/1LZ1A/1LZ1A_relaxed.pdb,0
s2648,1LZ1A_V121A,Mut,s2648/1LZ1A/1LZ1A_V121A_relaxed.pdb,0
s2648,1LZ1A_Y124F,WT,s2648/1LZ1A/1LZ1A_relaxed.pdb,0
s2648,1LZ1A_Y124F,Mut,s2648/1LZ1A/1LZ1A_Y124F_relaxed.pdb,0
s2648,1LZ1A_V125A,WT,s2648/1LZ1A/1LZ1A_relaxed.pdb,0
s2648,1LZ1A_V125A,Mut,s2648/1LZ1A/1LZ1A_V125A_relaxed.pdb,0
s2648,1LZ1A_G127A,WT,s2648/1LZ1A/1LZ1A_relaxed.pdb,0
s2648,1LZ1A_G127A,Mut,s2648/1LZ1A/1LZ1A_G127A_relaxed.pdb,0
s2648,1LZ1A_G129A,WT,s2648/1LZ1A/1LZ1A_relaxed.pdb,0
s2648,1LZ1A_G129A,Mut,s2648/1LZ1A/1LZ1A_G129A_relaxed.pdb,0
s2648,1LZ1A_V130A,WT,s2648/1LZ1A/1LZ1A_relaxed.pdb,0
s2648,1LZ1A_V130A,Mut,s2648/1LZ1A/1LZ1A_V130A_relaxed.pdb,0
s2648,1MBGA_V103I,WT,s2648/1MBGA/1MBGA_relaxed.pdb,0
s2648,1MBGA_V103I,Mut,s2648/1MBGA/1MBGA_V103I_relaxed.pdb,0
s2648,1MBGA_V103A,WT,s2648/1MBGA/1MBGA_relaxed.pdb,0
s2648,1MBGA_V103A,Mut,s2648/1MBGA/1MBGA_V103A_relaxed.pdb,0
s2648,1MBGA_V103L,WT,s2648/1MBGA/1MBGA_relaxed.pdb,0
s2648,1MBGA_V103L,Mut,s2648/1MBGA/1MBGA_V103L_relaxed.pdb,0
s2648,1MGRA_Y11F,WT,s2648/1MGRA/1MGRA_relaxed.pdb,0
s2648,1MGRA_Y11F,Mut,s2648/1MGRA/1MGRA_Y11F_relaxed.pdb,0
s2648,1MGRA_Y33F,WT,s2648/1MGRA/1MGRA_relaxed.pdb,0
s2648,1MGRA_Y33F,Mut,s2648/1MGRA/1MGRA_Y33F_relaxed.pdb,0
s2648,1MGRA_Y54F,WT,s2648/1MGRA/1MGRA_relaxed.pdb,0
s2648,1MGRA_Y54F,Mut,s2648/1MGRA/1MGRA_Y54F_relaxed.pdb,0
s2648,1MGRA_Y55F,WT,s2648/1MGRA/1MGRA_relaxed.pdb,0
s2648,1MGRA_Y55F,Mut,s2648/1MGRA/1MGRA_Y55F_relaxed.pdb,0
s2648,1MGRA_Y58F,WT,s2648/1MGRA/1MGRA_relaxed.pdb,0
s2648,1MGRA_Y58F,Mut,s2648/1MGRA/1MGRA_Y58F_relaxed.pdb,0
s2648,1MGRA_Y83F,WT,s2648/1MGRA/1MGRA_relaxed.pdb,0
s2648,1MGRA_Y83F,Mut,s2648/1MGRA/1MGRA_Y83F_relaxed.pdb,0
s2648,1MGRA_Y84F,WT,s2648/1MGRA/1MGRA_relaxed.pdb,0
s2648,1MGRA_Y84F,Mut,s2648/1MGRA/1MGRA_Y84F_relaxed.pdb,0
s2648,1MGRA_Y89F,WT,s2648/1MGRA/1MGRA_relaxed.pdb,0
s2648,1MGRA_Y89F,Mut,s2648/1MGRA/1MGRA_Y89F_relaxed.pdb,0
s2648,1MJCA_F18L,WT,s2648/1MJCA/1MJCA_relaxed.pdb,0
s2648,1MJCA_F18L,Mut,s2648/1MJCA/1MJCA_F18L_relaxed.pdb,0
s2648,1MJCA_F18S,WT,s2648/1MJCA/1MJCA_relaxed.pdb,0
s2648,1MJCA_F18S,Mut,s2648/1MJCA/1MJCA_F18S_relaxed.pdb,0
s2648,1MJCA_F20L,WT,s2648/1MJCA/1MJCA_relaxed.pdb,0
s2648,1MJCA_F20L,Mut,s2648/1MJCA/1MJCA_F20L_relaxed.pdb,0
s2648,1MJCA_F20S,WT,s2648/1MJCA/1MJCA_relaxed.pdb,0
s2648,1MJCA_F20S,Mut,s2648/1MJCA/1MJCA_F20S_relaxed.pdb,0
s2648,1MJCA_F31L,WT,s2648/1MJCA/1MJCA_relaxed.pdb,0
s2648,1MJCA_F31L,Mut,s2648/1MJCA/1MJCA_F31L_relaxed.pdb,0
s2648,1MJCA_F31S,WT,s2648/1MJCA/1MJCA_relaxed.pdb,0
s2648,1MJCA_F31S,Mut,s2648/1MJCA/1MJCA_F31S_relaxed.pdb,0
s2648,1MJCA_Y42W,WT,s2648/1MJCA/1MJCA_relaxed.pdb,0
s2648,1MJCA_Y42W,Mut,s2648/1MJCA/1MJCA_Y42W_relaxed.pdb,0
s2648,1MJCA_S52W,WT,s2648/1MJCA/1MJCA_relaxed.pdb,0
s2648,1MJCA_S52W,Mut,s2648/1MJCA/1MJCA_S52W_relaxed.pdb,0
s2648,1MJCA_T68W,WT,s2648/1MJCA/1MJCA_relaxed.pdb,0
s2648,1MJCA_T68W,Mut,s2648/1MJCA/1MJCA_T68W_relaxed.pdb,0
s2648,1MSIA_R23A,WT,s2648/1MSIA/1MSIA_relaxed.pdb,0
s2648,1MSIA_R23A,Mut,s2648/1MSIA/1MSIA_R23A_relaxed.pdb,0
s2648,1MSIA_E25A,WT,s2648/1MSIA/1MSIA_relaxed.pdb,0
s2648,1MSIA_E25A,Mut,s2648/1MSIA/1MSIA_E25A_relaxed.pdb,0
s2648,1MSIA_D36A,WT,s2648/1MSIA/1MSIA_relaxed.pdb,0
s2648,1MSIA_D36A,Mut,s2648/1MSIA/1MSIA_D36A_relaxed.pdb,0
s2648,1MSIA_R39A,WT,s2648/1MSIA/1MSIA_relaxed.pdb,0
s2648,1MSIA_R39A,Mut,s2648/1MSIA/1MSIA_R39A_relaxed.pdb,0
s2648,1MSIA_R47A,WT,s2648/1MSIA/1MSIA_relaxed.pdb,0
s2648,1MSIA_R47A,Mut,s2648/1MSIA/1MSIA_R47A_relaxed.pdb,0
s2648,1MSIA_D58N,WT,s2648/1MSIA/1MSIA_relaxed.pdb,0
s2648,1MSIA_D58N,Mut,s2648/1MSIA/1MSIA_D58N_relaxed.pdb,0
s2648,1N0JA_Y34F,WT,s2648/1N0JA/1N0JA_relaxed.pdb,0
s2648,1N0JA_Y34F,Mut,s2648/1N0JA/1N0JA_Y34F_relaxed.pdb,0
s2648,1N0JA_I58T,WT,s2648/1N0JA/1N0JA_relaxed.pdb,0
s2648,1N0JA_I58T,Mut,s2648/1N0JA/1N0JA_I58T_relaxed.pdb,0
s2648,1N0JA_Q143N,WT,s2648/1N0JA/1N0JA_relaxed.pdb,0
s2648,1N0JA_Q143N,Mut,s2648/1N0JA/1N0JA_Q143N_relaxed.pdb,0
s2648,1OH0A_Y57F,WT,s2648/1OH0A/1OH0A_relaxed.pdb,0
s2648,1OH0A_Y57F,Mut,s2648/1OH0A/1OH0A_Y57F_relaxed.pdb,0
s2648,1OH0A_Y16F,WT,s2648/1OH0A/1OH0A_relaxed.pdb,0
s2648,1OH0A_Y16F,Mut,s2648/1OH0A/1OH0A_Y16F_relaxed.pdb,0
s2648,1OH0A_Y32F,WT,s2648/1OH0A/1OH0A_relaxed.pdb,0
s2648,1OH0A_Y32F,Mut,s2648/1OH0A/1OH0A_Y32F_relaxed.pdb,0
s2648,1OH0A_Y57S,WT,s2648/1OH0A/1OH0A_relaxed.pdb,0
s2648,1OH0A_Y57S,Mut,s2648/1OH0A/1OH0A_Y57S_relaxed.pdb,0
s2648,1OH0A_V101L,WT,s2648/1OH0A/1OH0A_relaxed.pdb,0
s2648,1OH0A_V101L,Mut,s2648/1OH0A/1OH0A_V101L_relaxed.pdb,0
s2648,1OIAA_Y13T,WT,s2648/1OIAA/1OIAA_relaxed.pdb,0
s2648,1OIAA_Y13T,Mut,s2648/1OIAA/1OIAA_Y13T_relaxed.pdb,0
s2648,1OIAA_Y13F,WT,s2648/1OIAA/1OIAA_relaxed.pdb,0
s2648,1OIAA_Y13F,Mut,s2648/1OIAA/1OIAA_Y13F_relaxed.pdb,0
s2648,1OIAA_Y31S,WT,s2648/1OIAA/1OIAA_relaxed.pdb,0
s2648,1OIAA_Y31S,Mut,s2648/1OIAA/1OIAA_Y31S_relaxed.pdb,0
s2648,1OIAA_Y31F,WT,s2648/1OIAA/1OIAA_relaxed.pdb,0
s2648,1OIAA_Y31F,Mut,s2648/1OIAA/1OIAA_Y31F_relaxed.pdb,0
s2648,1OIAA_Y78F,WT,s2648/1OIAA/1OIAA_relaxed.pdb,0
s2648,1OIAA_Y78F,Mut,s2648/1OIAA/1OIAA_Y78F_relaxed.pdb,0
s2648,1OIAA_Y86F,WT,s2648/1OIAA/1OIAA_relaxed.pdb,0
s2648,1OIAA_Y86F,Mut,s2648/1OIAA/1OIAA_Y86F_relaxed.pdb,0
s2648,1OIAA_Y86T,WT,s2648/1OIAA/1OIAA_relaxed.pdb,0
s2648,1OIAA_Y86T,Mut,s2648/1OIAA/1OIAA_Y86T_relaxed.pdb,0
s2648,1ONCA_M23L,WT,s2648/1ONCA/1ONCA_relaxed.pdb,0
s2648,1ONCA_M23L,Mut,s2648/1ONCA/1ONCA_M23L_relaxed.pdb,0
s2648,1ONCA_F28A,WT,s2648/1ONCA/1ONCA_relaxed.pdb,0
s2648,1ONCA_F28A,Mut,s2648/1ONCA/1ONCA_F28A_relaxed.pdb,0
s2648,1ONCA_F36Y,WT,s2648/1ONCA/1ONCA_relaxed.pdb,0
s2648,1ONCA_F36Y,Mut,s2648/1ONCA/1ONCA_F36Y_relaxed.pdb,0
s2648,1PDOA_W12F,WT,s2648/1PDOA/1PDOA_relaxed.pdb,0
s2648,1PDOA_W12F,Mut,s2648/1PDOA/1PDOA_W12F_relaxed.pdb,0
s2648,1PDOA_W33F,WT,s2648/1PDOA/1PDOA_relaxed.pdb,0
s2648,1PDOA_W33F,Mut,s2648/1PDOA/1PDOA_W33F_relaxed.pdb,0
s2648,1PDOA_W69F,WT,s2648/1PDOA/1PDOA_relaxed.pdb,0
s2648,1PDOA_W69F,Mut,s2648/1PDOA/1PDOA_W69F_relaxed.pdb,0
s2648,1PGAA_I6N,WT,s2648/1PGAA/1PGAA_relaxed.pdb,0
s2648,1PGAA_I6N,Mut,s2648/1PGAA/1PGAA_I6N_relaxed.pdb,0
s2648,1PGAA_I6L,WT,s2648/1PGAA/1PGAA_relaxed.pdb,0
s2648,1PGAA_I6L,Mut,s2648/1PGAA/1PGAA_I6L_relaxed.pdb,0
s2648,1PGAA_I6T,WT,s2648/1PGAA/1PGAA_relaxed.pdb,0
s2648,1PGAA_I6T,Mut,s2648/1PGAA/1PGAA_I6T_relaxed.pdb,0
s2648,1PGAA_D22G,WT,s2648/1PGAA/1PGAA_relaxed.pdb,0
s2648,1PGAA_D22G,Mut,s2648/1PGAA/1PGAA_D22G_relaxed.pdb,0
s2648,1PGAA_T53D,WT,s2648/1PGAA/1PGAA_relaxed.pdb,0
s2648,1PGAA_T53D,Mut,s2648/1PGAA/1PGAA_T53D_relaxed.pdb,0
s2648,1PGAA_T53F,WT,s2648/1PGAA/1PGAA_relaxed.pdb,0
s2648,1PGAA_T53F,Mut,s2648/1PGAA/1PGAA_T53F_relaxed.pdb,0
s2648,1PGAA_T53R,WT,s2648/1PGAA/1PGAA_relaxed.pdb,0
s2648,1PGAA_T53R,Mut,s2648/1PGAA/1PGAA_T53R_relaxed.pdb,0
s2648,1PGAA_T53Y,WT,s2648/1PGAA/1PGAA_relaxed.pdb,0
s2648,1PGAA_T53Y,Mut,s2648/1PGAA/1PGAA_T53Y_relaxed.pdb,0
s2648,1PGAA_T53A,WT,s2648/1PGAA/1PGAA_relaxed.pdb,0
s2648,1PGAA_T53A,Mut,s2648/1PGAA/1PGAA_T53A_relaxed.pdb,0
s2648,1PGAA_T53E,WT,s2648/1PGAA/1PGAA_relaxed.pdb,0
s2648,1PGAA_T53E,Mut,s2648/1PGAA/1PGAA_T53E_relaxed.pdb,0
s2648,1PGAA_T53I,WT,s2648/1PGAA/1PGAA_relaxed.pdb,0
s2648,1PGAA_T53I,Mut,s2648/1PGAA/1PGAA_T53I_relaxed.pdb,0
s2648,1PGAA_T53V,WT,s2648/1PGAA/1PGAA_relaxed.pdb,0
s2648,1PGAA_T53V,Mut,s2648/1PGAA/1PGAA_T53V_relaxed.pdb,0
s2648,1POHA_S31A,WT,s2648/1POHA/1POHA_relaxed.pdb,0
s2648,1POHA_S31A,Mut,s2648/1POHA/1POHA_S31A_relaxed.pdb,0
s2648,1POHA_S46A,WT,s2648/1POHA/1POHA_relaxed.pdb,0
s2648,1POHA_S46A,Mut,s2648/1POHA/1POHA_S46A_relaxed.pdb,0
s2648,1POHA_S46N,WT,s2648/1POHA/1POHA_relaxed.pdb,0
s2648,1POHA_S46N,Mut,s2648/1POHA/1POHA_S46N_relaxed.pdb,0
s2648,1POHA_S46D,WT,s2648/1POHA/1POHA_relaxed.pdb,0
s2648,1POHA_S46D,Mut,s2648/1POHA/1POHA_S46D_relaxed.pdb,0
s2648,1POHA_K49E,WT,s2648/1POHA/1POHA_relaxed.pdb,0
s2648,1POHA_K49E,Mut,s2648/1POHA/1POHA_K49E_relaxed.pdb,0
s2648,1POHA_K49D,WT,s2648/1POHA/1POHA_relaxed.pdb,0
s2648,1POHA_K49D,Mut,s2648/1POHA/1POHA_K49D_relaxed.pdb,0
s2648,1POHA_K49G,WT,s2648/1POHA/1POHA_relaxed.pdb,0
s2648,1POHA_K49G,Mut,s2648/1POHA/1POHA_K49G_relaxed.pdb,0
s2648,1POHA_K49N,WT,s2648/1POHA/1POHA_relaxed.pdb,0
s2648,1POHA_K49N,Mut,s2648/1POHA/1POHA_K49N_relaxed.pdb,0
s2648,1POHA_K49R,WT,s2648/1POHA/1POHA_relaxed.pdb,0
s2648,1POHA_K49R,Mut,s2648/1POHA/1POHA_K49R_relaxed.pdb,0
s2648,1POHA_K49A,WT,s2648/1POHA/1POHA_relaxed.pdb,0
s2648,1POHA_K49A,Mut,s2648/1POHA/1POHA_K49A_relaxed.pdb,0
s2648,1POHA_K49M,WT,s2648/1POHA/1POHA_relaxed.pdb,0
s2648,1POHA_K49M,Mut,s2648/1POHA/1POHA_K49M_relaxed.pdb,0
s2648,1POHA_K49Q,WT,s2648/1POHA/1POHA_relaxed.pdb,0
s2648,1POHA_K49Q,Mut,s2648/1POHA/1POHA_K49Q_relaxed.pdb,0
s2648,1POHA_K49S,WT,s2648/1POHA/1POHA_relaxed.pdb,0
s2648,1POHA_K49S,Mut,s2648/1POHA/1POHA_K49S_relaxed.pdb,0
s2648,1QGVA_G126D,WT,s2648/1QGVA/1QGVA_relaxed.pdb,0
s2648,1QGVA_G126D,Mut,s2648/1QGVA/1QGVA_G126D_relaxed.pdb,0
s2648,1QLPA_A31L,WT,s2648/1QLPA/1QLPA_relaxed.pdb,0
s2648,1QLPA_A31L,Mut,s2648/1QLPA/1QLPA_A31L_relaxed.pdb,0
s2648,1QLPA_A31I,WT,s2648/1QLPA/1QLPA_relaxed.pdb,0
s2648,1QLPA_A31I,Mut,s2648/1QLPA/1QLPA_A31I_relaxed.pdb,0
s2648,1QLPA_A31V,WT,s2648/1QLPA/1QLPA_relaxed.pdb,0
s2648,1QLPA_A31V,Mut,s2648/1QLPA/1QLPA_A31V_relaxed.pdb,0
s2648,1QLPA_F51C,WT,s2648/1QLPA/1QLPA_relaxed.pdb,0
s2648,1QLPA_F51C,Mut,s2648/1QLPA/1QLPA_F51C_relaxed.pdb,0
s2648,1QLPA_F51L,WT,s2648/1QLPA/1QLPA_relaxed.pdb,0
s2648,1QLPA_F51L,Mut,s2648/1QLPA/1QLPA_F51L_relaxed.pdb,0
s2648,1QLPA_V55I,WT,s2648/1QLPA/1QLPA_relaxed.pdb,0
s2648,1QLPA_V55I,Mut,s2648/1QLPA/1QLPA_V55I_relaxed.pdb,0
s2648,1QLPA_V55L,WT,s2648/1QLPA/1QLPA_relaxed.pdb,0
s2648,1QLPA_V55L,Mut,s2648/1QLPA/1QLPA_V55L_relaxed.pdb,0
s2648,1QLPA_T59A,WT,s2648/1QLPA/1QLPA_relaxed.pdb,0
s2648,1QLPA_T59A,Mut,s2648/1QLPA/1QLPA_T59A_relaxed.pdb,0
s2648,1QLPA_T68A,WT,s2648/1QLPA/1QLPA_relaxed.pdb,0
s2648,1QLPA_T68A,Mut,s2648/1QLPA/1QLPA_T68A_relaxed.pdb,0
s2648,1QLPA_A70G,WT,s2648/1QLPA/1QLPA_relaxed.pdb,0
s2648,1QLPA_A70G,Mut,s2648/1QLPA/1QLPA_A70G_relaxed.pdb,0
s2648,1QLPA_V145L,WT,s2648/1QLPA/1QLPA_relaxed.pdb,0
s2648,1QLPA_V145L,Mut,s2648/1QLPA/1QLPA_V145L_relaxed.pdb,0
s2648,1QLPA_V145I,WT,s2648/1QLPA/1QLPA_relaxed.pdb,0
s2648,1QLPA_V145I,Mut,s2648/1QLPA/1QLPA_V145I_relaxed.pdb,0
s2648,1QLPA_Y160W,WT,s2648/1QLPA/1QLPA_relaxed.pdb,0
s2648,1QLPA_Y160W,Mut,s2648/1QLPA/1QLPA_Y160W_relaxed.pdb,0
s2648,1QLPA_Y160A,WT,s2648/1QLPA/1QLPA_relaxed.pdb,0
s2648,1QLPA_Y160A,Mut,s2648/1QLPA/1QLPA_Y160A_relaxed.pdb,0
s2648,1QLPA_V173L,WT,s2648/1QLPA/1QLPA_relaxed.pdb,0
s2648,1QLPA_V173L,Mut,s2648/1QLPA/1QLPA_V173L_relaxed.pdb,0
s2648,1QLPA_V173I,WT,s2648/1QLPA/1QLPA_relaxed.pdb,0
s2648,1QLPA_V173I,Mut,s2648/1QLPA/1QLPA_V173I_relaxed.pdb,0
s2648,1QLPA_A183I,WT,s2648/1QLPA/1QLPA_relaxed.pdb,0
s2648,1QLPA_A183I,Mut,s2648/1QLPA/1QLPA_A183I_relaxed.pdb,0
s2648,1QLPA_A183V,WT,s2648/1QLPA/1QLPA_relaxed.pdb,0
s2648,1QLPA_A183V,Mut,s2648/1QLPA/1QLPA_A183V_relaxed.pdb,0
s2648,1QLPA_A183F,WT,s2648/1QLPA/1QLPA_relaxed.pdb,0
s2648,1QLPA_A183F,Mut,s2648/1QLPA/1QLPA_A183F_relaxed.pdb,0
s2648,1QLPA_A183L,WT,s2648/1QLPA/1QLPA_relaxed.pdb,0
s2648,1QLPA_A183L,Mut,s2648/1QLPA/1QLPA_A183L_relaxed.pdb,0
s2648,1QLPA_W194F,WT,s2648/1QLPA/1QLPA_relaxed.pdb,0
s2648,1QLPA_W194F,Mut,s2648/1QLPA/1QLPA_W194F_relaxed.pdb,0
s2648,1QLPA_W238F,WT,s2648/1QLPA/1QLPA_relaxed.pdb,0
s2648,1QLPA_W238F,Mut,s2648/1QLPA/1QLPA_W238F_relaxed.pdb,0
s2648,1QLPA_A248I,WT,s2648/1QLPA/1QLPA_relaxed.pdb,0
s2648,1QLPA_A248I,Mut,s2648/1QLPA/1QLPA_A248I_relaxed.pdb,0
s2648,1QLPA_A248V,WT,s2648/1QLPA/1QLPA_relaxed.pdb,0
s2648,1QLPA_A248V,Mut,s2648/1QLPA/1QLPA_A248V_relaxed.pdb,0
s2648,1QLPA_A248F,WT,s2648/1QLPA/1QLPA_relaxed.pdb,0
s2648,1QLPA_A248F,Mut,s2648/1QLPA/1QLPA_A248F_relaxed.pdb,0
s2648,1QLPA_A248L,WT,s2648/1QLPA/1QLPA_relaxed.pdb,0
s2648,1QLPA_A248L,Mut,s2648/1QLPA/1QLPA_A248L_relaxed.pdb,0
s2648,1QLPA_A250L,WT,s2648/1QLPA/1QLPA_relaxed.pdb,0
s2648,1QLPA_A250L,Mut,s2648/1QLPA/1QLPA_A250L_relaxed.pdb,0
s2648,1QLPA_A250I,WT,s2648/1QLPA/1QLPA_relaxed.pdb,0
s2648,1QLPA_A250I,Mut,s2648/1QLPA/1QLPA_A250I_relaxed.pdb,0
s2648,1QLPA_A250V,WT,s2648/1QLPA/1QLPA_relaxed.pdb,0
s2648,1QLPA_A250V,Mut,s2648/1QLPA/1QLPA_A250V_relaxed.pdb,0
s2648,1QLPA_A284I,WT,s2648/1QLPA/1QLPA_relaxed.pdb,0
s2648,1QLPA_A284I,Mut,s2648/1QLPA/1QLPA_A284I_relaxed.pdb,0
s2648,1QLPA_A284V,WT,s2648/1QLPA/1QLPA_relaxed.pdb,0
s2648,1QLPA_A284V,Mut,s2648/1QLPA/1QLPA_A284V_relaxed.pdb,0
s2648,1QLPA_V321I,WT,s2648/1QLPA/1QLPA_relaxed.pdb,0
s2648,1QLPA_V321I,Mut,s2648/1QLPA/1QLPA_V321I_relaxed.pdb,0
s2648,1QLPA_V321L,WT,s2648/1QLPA/1QLPA_relaxed.pdb,0
s2648,1QLPA_V321L,Mut,s2648/1QLPA/1QLPA_V321L_relaxed.pdb,0
s2648,1QLPA_S330R,WT,s2648/1QLPA/1QLPA_relaxed.pdb,0
s2648,1QLPA_S330R,Mut,s2648/1QLPA/1QLPA_S330R_relaxed.pdb,0
s2648,1QLPA_K331I,WT,s2648/1QLPA/1QLPA_relaxed.pdb,0
s2648,1QLPA_K331I,Mut,s2648/1QLPA/1QLPA_K331I_relaxed.pdb,0
s2648,1QLPA_K331V,WT,s2648/1QLPA/1QLPA_relaxed.pdb,0
s2648,1QLPA_K331V,Mut,s2648/1QLPA/1QLPA_K331V_relaxed.pdb,0
s2648,1QLPA_K331F,WT,s2648/1QLPA/1QLPA_relaxed.pdb,0
s2648,1QLPA_K331F,Mut,s2648/1QLPA/1QLPA_K331F_relaxed.pdb,0
s2648,1QLPA_K331T,WT,s2648/1QLPA/1QLPA_relaxed.pdb,0
s2648,1QLPA_K331T,Mut,s2648/1QLPA/1QLPA_K331T_relaxed.pdb,0
s2648,1QLPA_V364L,WT,s2648/1QLPA/1QLPA_relaxed.pdb,0
s2648,1QLPA_V364L,Mut,s2648/1QLPA/1QLPA_V364L_relaxed.pdb,0
s2648,1QLPA_V364I,WT,s2648/1QLPA/1QLPA_relaxed.pdb,0
s2648,1QLPA_V364I,Mut,s2648/1QLPA/1QLPA_V364I_relaxed.pdb,0
s2648,1QLPA_M374I,WT,s2648/1QLPA/1QLPA_relaxed.pdb,0
s2648,1QLPA_M374I,Mut,s2648/1QLPA/1QLPA_M374I_relaxed.pdb,0
s2648,1QLPA_S381A,WT,s2648/1QLPA/1QLPA_relaxed.pdb,0
s2648,1QLPA_S381A,Mut,s2648/1QLPA/1QLPA_S381A_relaxed.pdb,0
s2648,1QLPA_K387R,WT,s2648/1QLPA/1QLPA_relaxed.pdb,0
s2648,1QLPA_K387R,Mut,s2648/1QLPA/1QLPA_K387R_relaxed.pdb,0
s2648,1QM4A_R265H,WT,s2648/1QM4A/1QM4A_relaxed.pdb,0
s2648,1QM4A_R265H,Mut,s2648/1QM4A/1QM4A_R265H_relaxed.pdb,0
s2648,1QNDA_C71S,WT,s2648/1QNDA/1QNDA_relaxed.pdb,0
s2648,1QNDA_C71S,Mut,s2648/1QNDA/1QNDA_C71S_relaxed.pdb,0
s2648,1RG8A_C16S,WT,s2648/1RG8A/1RG8A_relaxed.pdb,0
s2648,1RG8A_C16S,Mut,s2648/1RG8A/1RG8A_C16S_relaxed.pdb,0
s2648,1RG8A_H21Y,WT,s2648/1RG8A/1RG8A_relaxed.pdb,0
s2648,1RG8A_H21Y,Mut,s2648/1RG8A/1RG8A_H21Y_relaxed.pdb,0
s2648,1RG8A_L44F,WT,s2648/1RG8A/1RG8A_relaxed.pdb,0
s2648,1RG8A_L44F,Mut,s2648/1RG8A/1RG8A_L44F_relaxed.pdb,0
s2648,1RG8A_G62N,WT,s2648/1RG8A/1RG8A_relaxed.pdb,0
s2648,1RG8A_G62N,Mut,s2648/1RG8A/1RG8A_G62N_relaxed.pdb,0
s2648,1RG8A_G62A,WT,s2648/1RG8A/1RG8A_relaxed.pdb,0
s2648,1RG8A_G62A,Mut,s2648/1RG8A/1RG8A_G62A_relaxed.pdb,0
s2648,1RG8A_L73V,WT,s2648/1RG8A/1RG8A_relaxed.pdb,0
s2648,1RG8A_L73V,Mut,s2648/1RG8A/1RG8A_L73V_relaxed.pdb,0
s2648,1RG8A_C83S,WT,s2648/1RG8A/1RG8A_relaxed.pdb,0
s2648,1RG8A_C83S,Mut,s2648/1RG8A/1RG8A_C83S_relaxed.pdb,0
s2648,1RG8A_H93G,WT,s2648/1RG8A/1RG8A_relaxed.pdb,0
s2648,1RG8A_H93G,Mut,s2648/1RG8A/1RG8A_H93G_relaxed.pdb,0
s2648,1RG8A_H93A,WT,s2648/1RG8A/1RG8A_relaxed.pdb,0
s2648,1RG8A_H93A,Mut,s2648/1RG8A/1RG8A_H93A_relaxed.pdb,0
s2648,1RG8A_H93N,WT,s2648/1RG8A/1RG8A_relaxed.pdb,0
s2648,1RG8A_H93N,Mut,s2648/1RG8A/1RG8A_H93N_relaxed.pdb,0
s2648,1RG8A_H102Y,WT,s2648/1RG8A/1RG8A_relaxed.pdb,0
s2648,1RG8A_H102Y,Mut,s2648/1RG8A/1RG8A_H102Y_relaxed.pdb,0
s2648,1RG8A_A103G,WT,s2648/1RG8A/1RG8A_relaxed.pdb,0
s2648,1RG8A_A103G,Mut,s2648/1RG8A/1RG8A_A103G_relaxed.pdb,0
s2648,1RG8A_N106G,WT,s2648/1RG8A/1RG8A_relaxed.pdb,0
s2648,1RG8A_N106G,Mut,s2648/1RG8A/1RG8A_N106G_relaxed.pdb,0
s2648,1RG8A_F108Y,WT,s2648/1RG8A/1RG8A_relaxed.pdb,0
s2648,1RG8A_F108Y,Mut,s2648/1RG8A/1RG8A_F108Y_relaxed.pdb,0
s2648,1RG8A_V109I,WT,s2648/1RG8A/1RG8A_relaxed.pdb,0
s2648,1RG8A_V109I,Mut,s2648/1RG8A/1RG8A_V109I_relaxed.pdb,0
s2648,1RG8A_V109L,WT,s2648/1RG8A/1RG8A_relaxed.pdb,0
s2648,1RG8A_V109L,Mut,s2648/1RG8A/1RG8A_V109L_relaxed.pdb,0
s2648,1RG8A_C117S,WT,s2648/1RG8A/1RG8A_relaxed.pdb,0
s2648,1RG8A_C117S,Mut,s2648/1RG8A/1RG8A_C117S_relaxed.pdb,0
s2648,1RHGA_G26A,WT,s2648/1RHGA/1RHGA_relaxed.pdb,0
s2648,1RHGA_G26A,Mut,s2648/1RHGA/1RHGA_G26A_relaxed.pdb,0
s2648,1RHGA_G28A,WT,s2648/1RHGA/1RHGA_relaxed.pdb,0
s2648,1RHGA_G28A,Mut,s2648/1RHGA/1RHGA_G28A_relaxed.pdb,0
s2648,1RHGA_E33A,WT,s2648/1RHGA/1RHGA_relaxed.pdb,0
s2648,1RHGA_E33A,Mut,s2648/1RHGA/1RHGA_E33A_relaxed.pdb,0
s2648,1RHGA_E46A,WT,s2648/1RHGA/1RHGA_relaxed.pdb,0
s2648,1RHGA_E46A,Mut,s2648/1RHGA/1RHGA_E46A_relaxed.pdb,0
s2648,1RHGA_L50E,WT,s2648/1RHGA/1RHGA_relaxed.pdb,0
s2648,1RHGA_L50E,Mut,s2648/1RHGA/1RHGA_L50E_relaxed.pdb,0
s2648,1RHGA_G73A,WT,s2648/1RHGA/1RHGA_relaxed.pdb,0
s2648,1RHGA_G73A,Mut,s2648/1RHGA/1RHGA_G73A_relaxed.pdb,0
s2648,1RHGA_G81A,WT,s2648/1RHGA/1RHGA_relaxed.pdb,0
s2648,1RHGA_G81A,Mut,s2648/1RHGA/1RHGA_G81A_relaxed.pdb,0
s2648,1RHGA_G87A,WT,s2648/1RHGA/1RHGA_relaxed.pdb,0
s2648,1RHGA_G87A,Mut,s2648/1RHGA/1RHGA_G87A_relaxed.pdb,0
s2648,1RHGA_G149A,WT,s2648/1RHGA/1RHGA_relaxed.pdb,0
s2648,1RHGA_G149A,Mut,s2648/1RHGA/1RHGA_G149A_relaxed.pdb,0
s2648,1RHGA_G150A,WT,s2648/1RHGA/1RHGA_relaxed.pdb,0
s2648,1RHGA_G150A,Mut,s2648/1RHGA/1RHGA_G150A_relaxed.pdb,0
s2648,1RISA_V6A,WT,s2648/1RISA/1RISA_relaxed.pdb,0
s2648,1RISA_V6A,Mut,s2648/1RISA/1RISA_V6A_relaxed.pdb,0
s2648,1RISA_I8A,WT,s2648/1RISA/1RISA_relaxed.pdb,0
s2648,1RISA_I8A,Mut,s2648/1RISA/1RISA_I8A_relaxed.pdb,0
s2648,1RISA_L21A,WT,s2648/1RISA/1RISA_relaxed.pdb,0
s2648,1RISA_L21A,Mut,s2648/1RISA/1RISA_L21A_relaxed.pdb,0
s2648,1RISA_E22Q,WT,s2648/1RISA/1RISA_relaxed.pdb,0
s2648,1RISA_E22Q,Mut,s2648/1RISA/1RISA_E22Q_relaxed.pdb,0
s2648,1RISA_I26A,WT,s2648/1RISA/1RISA_relaxed.pdb,0
s2648,1RISA_I26A,Mut,s2648/1RISA/1RISA_I26A_relaxed.pdb,0
s2648,1RISA_Y33A,WT,s2648/1RISA/1RISA_relaxed.pdb,0
s2648,1RISA_Y33A,Mut,s2648/1RISA/1RISA_Y33A_relaxed.pdb,0
s2648,1RISA_A35G,WT,s2648/1RISA/1RISA_relaxed.pdb,0
s2648,1RISA_A35G,Mut,s2648/1RISA/1RISA_A35G_relaxed.pdb,0
s2648,1RISA_V37A,WT,s2648/1RISA/1RISA_relaxed.pdb,0
s2648,1RISA_V37A,Mut,s2648/1RISA/1RISA_V37A_relaxed.pdb,0
s2648,1RISA_L48A,WT,s2648/1RISA/1RISA_relaxed.pdb,0
s2648,1RISA_L48A,Mut,s2648/1RISA/1RISA_L48A_relaxed.pdb,0
s2648,1RISA_I52A,WT,s2648/1RISA/1RISA_relaxed.pdb,0
s2648,1RISA_I52A,Mut,s2648/1RISA/1RISA_I52A_relaxed.pdb,0
s2648,1RISA_F60A,WT,s2648/1RISA/1RISA_relaxed.pdb,0
s2648,1RISA_F60A,Mut,s2648/1RISA/1RISA_F60A_relaxed.pdb,0
s2648,1RISA_V65A,WT,s2648/1RISA/1RISA_relaxed.pdb,0
s2648,1RISA_V65A,Mut,s2648/1RISA/1RISA_V65A_relaxed.pdb,0
s2648,1RISA_L75A,WT,s2648/1RISA/1RISA_relaxed.pdb,0
s2648,1RISA_L75A,Mut,s2648/1RISA/1RISA_L75A_relaxed.pdb,0
s2648,1RISA_L79A,WT,s2648/1RISA/1RISA_relaxed.pdb,0
s2648,1RISA_L79A,Mut,s2648/1RISA/1RISA_L79A_relaxed.pdb,0
s2648,1RISA_V85A,WT,s2648/1RISA/1RISA_relaxed.pdb,0
s2648,1RISA_V85A,Mut,s2648/1RISA/1RISA_V85A_relaxed.pdb,0
s2648,1RISA_V88A,WT,s2648/1RISA/1RISA_relaxed.pdb,0
s2648,1RISA_V88A,Mut,s2648/1RISA/1RISA_V88A_relaxed.pdb,0
s2648,1RN1C_V16C,WT,s2648/1RN1C/1RN1C_relaxed.pdb,0
s2648,1RN1C_V16C,Mut,s2648/1RN1C/1RN1C_V16C_relaxed.pdb,0
s2648,1RN1C_V16T,WT,s2648/1RN1C/1RN1C_relaxed.pdb,0
s2648,1RN1C_V16T,Mut,s2648/1RN1C/1RN1C_V16T_relaxed.pdb,0
s2648,1RN1C_V16A,WT,s2648/1RN1C/1RN1C_relaxed.pdb,0
s2648,1RN1C_V16A,Mut,s2648/1RN1C/1RN1C_V16A_relaxed.pdb,0
s2648,1RN1C_V16S,WT,s2648/1RN1C/1RN1C_relaxed.pdb,0
s2648,1RN1C_V16S,Mut,s2648/1RN1C/1RN1C_V16S_relaxed.pdb,0
s2648,1RN1C_A21G,WT,s2648/1RN1C/1RN1C_relaxed.pdb,0
s2648,1RN1C_A21G,Mut,s2648/1RN1C/1RN1C_A21G_relaxed.pdb,0
s2648,1RN1C_G23A,WT,s2648/1RN1C/1RN1C_relaxed.pdb,0
s2648,1RN1C_G23A,Mut,s2648/1RN1C/1RN1C_G23A_relaxed.pdb,0
s2648,1RN1C_Y24W,WT,s2648/1RN1C/1RN1C_relaxed.pdb,0
s2648,1RN1C_Y24W,Mut,s2648/1RN1C/1RN1C_Y24W_relaxed.pdb,0
s2648,1RN1C_Q25K,WT,s2648/1RN1C/1RN1C_relaxed.pdb,0
s2648,1RN1C_Q25K,Mut,s2648/1RN1C/1RN1C_Q25K_relaxed.pdb,0
s2648,1RN1C_H40T,WT,s2648/1RN1C/1RN1C_relaxed.pdb,0
s2648,1RN1C_H40T,Mut,s2648/1RN1C/1RN1C_H40T_relaxed.pdb,0
s2648,1RN1C_Y42W,WT,s2648/1RN1C/1RN1C_relaxed.pdb,0
s2648,1RN1C_Y42W,Mut,s2648/1RN1C/1RN1C_Y42W_relaxed.pdb,0
s2648,1RN1C_N44D,WT,s2648/1RN1C/1RN1C_relaxed.pdb,0
s2648,1RN1C_N44D,Mut,s2648/1RN1C/1RN1C_N44D_relaxed.pdb,0
s2648,1RN1C_N44A,WT,s2648/1RN1C/1RN1C_relaxed.pdb,0
s2648,1RN1C_N44A,Mut,s2648/1RN1C/1RN1C_N44A_relaxed.pdb,0
s2648,1RN1C_N44S,WT,s2648/1RN1C/1RN1C_relaxed.pdb,0
s2648,1RN1C_N44S,Mut,s2648/1RN1C/1RN1C_N44S_relaxed.pdb,0
s2648,1RN1C_Y45W,WT,s2648/1RN1C/1RN1C_relaxed.pdb,0
s2648,1RN1C_Y45W,Mut,s2648/1RN1C/1RN1C_Y45W_relaxed.pdb,0
s2648,1RN1C_D49F,WT,s2648/1RN1C/1RN1C_relaxed.pdb,0
s2648,1RN1C_D49F,Mut,s2648/1RN1C/1RN1C_D49F_relaxed.pdb,0
s2648,1RN1C_D49Y,WT,s2648/1RN1C/1RN1C_relaxed.pdb,0
s2648,1RN1C_D49Y,Mut,s2648/1RN1C/1RN1C_D49Y_relaxed.pdb,0
s2648,1RN1C_D49A,WT,s2648/1RN1C/1RN1C_relaxed.pdb,0
s2648,1RN1C_D49A,Mut,s2648/1RN1C/1RN1C_D49A_relaxed.pdb,0
s2648,1RN1C_D49H,WT,s2648/1RN1C/1RN1C_relaxed.pdb,0
s2648,1RN1C_D49H,Mut,s2648/1RN1C/1RN1C_D49H_relaxed.pdb,0
s2648,1RN1C_E58A,WT,s2648/1RN1C/1RN1C_relaxed.pdb,0
s2648,1RN1C_E58A,Mut,s2648/1RN1C/1RN1C_E58A_relaxed.pdb,0
s2648,1RN1C_W59Y,WT,s2648/1RN1C/1RN1C_relaxed.pdb,0
s2648,1RN1C_W59Y,Mut,s2648/1RN1C/1RN1C_W59Y_relaxed.pdb,0
s2648,1RN1C_D76N,WT,s2648/1RN1C/1RN1C_relaxed.pdb,0
s2648,1RN1C_D76N,Mut,s2648/1RN1C/1RN1C_D76N_relaxed.pdb,0
s2648,1RN1C_D76A,WT,s2648/1RN1C/1RN1C_relaxed.pdb,0
s2648,1RN1C_D76A,Mut,s2648/1RN1C/1RN1C_D76A_relaxed.pdb,0
s2648,1RN1C_D76S,WT,s2648/1RN1C/1RN1C_relaxed.pdb,0
s2648,1RN1C_D76S,Mut,s2648/1RN1C/1RN1C_D76S_relaxed.pdb,0
s2648,1RN1C_V78A,WT,s2648/1RN1C/1RN1C_relaxed.pdb,0
s2648,1RN1C_V78A,Mut,s2648/1RN1C/1RN1C_V78A_relaxed.pdb,0
s2648,1RN1C_V78S,WT,s2648/1RN1C/1RN1C_relaxed.pdb,0
s2648,1RN1C_V78S,Mut,s2648/1RN1C/1RN1C_V78S_relaxed.pdb,0
s2648,1RN1C_V78C,WT,s2648/1RN1C/1RN1C_relaxed.pdb,0
s2648,1RN1C_V78C,Mut,s2648/1RN1C/1RN1C_V78C_relaxed.pdb,0
s2648,1RN1C_V78T,WT,s2648/1RN1C/1RN1C_relaxed.pdb,0
s2648,1RN1C_V78T,Mut,s2648/1RN1C/1RN1C_V78T_relaxed.pdb,0
s2648,1RN1C_V89C,WT,s2648/1RN1C/1RN1C_relaxed.pdb,0
s2648,1RN1C_V89C,Mut,s2648/1RN1C/1RN1C_V89C_relaxed.pdb,0
s2648,1RN1C_V89T,WT,s2648/1RN1C/1RN1C_relaxed.pdb,0
s2648,1RN1C_V89T,Mut,s2648/1RN1C/1RN1C_V89T_relaxed.pdb,0
s2648,1RN1C_V89S,WT,s2648/1RN1C/1RN1C_relaxed.pdb,0
s2648,1RN1C_V89S,Mut,s2648/1RN1C/1RN1C_V89S_relaxed.pdb,0
s2648,1RN1C_H92A,WT,s2648/1RN1C/1RN1C_relaxed.pdb,0
s2648,1RN1C_H92A,Mut,s2648/1RN1C/1RN1C_H92A_relaxed.pdb,0
s2648,1ROPA_D30A,WT,s2648/1ROPA/1ROPA_relaxed.pdb,0
s2648,1ROPA_D30A,Mut,s2648/1ROPA/1ROPA_D30A_relaxed.pdb,0
s2648,1ROPA_D30E,WT,s2648/1ROPA/1ROPA_relaxed.pdb,0
s2648,1ROPA_D30E,Mut,s2648/1ROPA/1ROPA_D30E_relaxed.pdb,0
s2648,1ROPA_D30G,WT,s2648/1ROPA/1ROPA_relaxed.pdb,0
s2648,1ROPA_D30G,Mut,s2648/1ROPA/1ROPA_D30G_relaxed.pdb,0
s2648,1ROPA_D30I,WT,s2648/1ROPA/1ROPA_relaxed.pdb,0
s2648,1ROPA_D30I,Mut,s2648/1ROPA/1ROPA_D30I_relaxed.pdb,0
s2648,1ROPA_D30L,WT,s2648/1ROPA/1ROPA_relaxed.pdb,0
s2648,1ROPA_D30L,Mut,s2648/1ROPA/1ROPA_D30L_relaxed.pdb,0
s2648,1ROPA_D30N,WT,s2648/1ROPA/1ROPA_relaxed.pdb,0
s2648,1ROPA_D30N,Mut,s2648/1ROPA/1ROPA_D30N_relaxed.pdb,0
s2648,1ROPA_D30R,WT,s2648/1ROPA/1ROPA_relaxed.pdb,0
s2648,1ROPA_D30R,Mut,s2648/1ROPA/1ROPA_D30R_relaxed.pdb,0
s2648,1ROPA_D30T,WT,s2648/1ROPA/1ROPA_relaxed.pdb,0
s2648,1ROPA_D30T,Mut,s2648/1ROPA/1ROPA_D30T_relaxed.pdb,0
s2648,1ROPA_D30W,WT,s2648/1ROPA/1ROPA_relaxed.pdb,0
s2648,1ROPA_D30W,Mut,s2648/1ROPA/1ROPA_D30W_relaxed.pdb,0
s2648,1ROPA_D30C,WT,s2648/1ROPA/1ROPA_relaxed.pdb,0
s2648,1ROPA_D30C,Mut,s2648/1ROPA/1ROPA_D30C_relaxed.pdb,0
s2648,1ROPA_D30F,WT,s2648/1ROPA/1ROPA_relaxed.pdb,0
s2648,1ROPA_D30F,Mut,s2648/1ROPA/1ROPA_D30F_relaxed.pdb,0
s2648,1ROPA_D30H,WT,s2648/1ROPA/1ROPA_relaxed.pdb,0
s2648,1ROPA_D30H,Mut,s2648/1ROPA/1ROPA_D30H_relaxed.pdb,0
s2648,1ROPA_D30K,WT,s2648/1ROPA/1ROPA_relaxed.pdb,0
s2648,1ROPA_D30K,Mut,s2648/1ROPA/1ROPA_D30K_relaxed.pdb,0
s2648,1ROPA_D30M,WT,s2648/1ROPA/1ROPA_relaxed.pdb,0
s2648,1ROPA_D30M,Mut,s2648/1ROPA/1ROPA_D30M_relaxed.pdb,0
s2648,1ROPA_D30Q,WT,s2648/1ROPA/1ROPA_relaxed.pdb,0
s2648,1ROPA_D30Q,Mut,s2648/1ROPA/1ROPA_D30Q_relaxed.pdb,0
s2648,1ROPA_D30S,WT,s2648/1ROPA/1ROPA_relaxed.pdb,0
s2648,1ROPA_D30S,Mut,s2648/1ROPA/1ROPA_D30S_relaxed.pdb,0
s2648,1ROPA_D30V,WT,s2648/1ROPA/1ROPA_relaxed.pdb,0
s2648,1ROPA_D30V,Mut,s2648/1ROPA/1ROPA_D30V_relaxed.pdb,0
s2648,1ROPA_D30Y,WT,s2648/1ROPA/1ROPA_relaxed.pdb,0
s2648,1ROPA_D30Y,Mut,s2648/1ROPA/1ROPA_D30Y_relaxed.pdb,0
s2648,1ROPA_L41A,WT,s2648/1ROPA/1ROPA_relaxed.pdb,0
s2648,1ROPA_L41A,Mut,s2648/1ROPA/1ROPA_L41A_relaxed.pdb,0
s2648,1ROPA_L41V,WT,s2648/1ROPA/1ROPA_relaxed.pdb,0
s2648,1ROPA_L41V,Mut,s2648/1ROPA/1ROPA_L41V_relaxed.pdb,0
s2648,1RTBA_A4S,WT,s2648/1RTBA/1RTBA_relaxed.pdb,0
s2648,1RTBA_A4S,Mut,s2648/1RTBA/1RTBA_A4S_relaxed.pdb,0
s2648,1RTBA_A5S,WT,s2648/1RTBA/1RTBA_relaxed.pdb,0
s2648,1RTBA_A5S,Mut,s2648/1RTBA/1RTBA_A5S_relaxed.pdb,0
s2648,1RTBA_F46L,WT,s2648/1RTBA/1RTBA_relaxed.pdb,0
s2648,1RTBA_F46L,Mut,s2648/1RTBA/1RTBA_F46L_relaxed.pdb,0
s2648,1RTBA_F46V,WT,s2648/1RTBA/1RTBA_relaxed.pdb,0
s2648,1RTBA_F46V,Mut,s2648/1RTBA/1RTBA_F46V_relaxed.pdb,0
s2648,1RTBA_V47A,WT,s2648/1RTBA/1RTBA_relaxed.pdb,0
s2648,1RTBA_V47A,Mut,s2648/1RTBA/1RTBA_V47A_relaxed.pdb,0
s2648,1RTBA_V54G,WT,s2648/1RTBA/1RTBA_relaxed.pdb,0
s2648,1RTBA_V54G,Mut,s2648/1RTBA/1RTBA_V54G_relaxed.pdb,0
s2648,1RTBA_V54L,WT,s2648/1RTBA/1RTBA_relaxed.pdb,0
s2648,1RTBA_V54L,Mut,s2648/1RTBA/1RTBA_V54L_relaxed.pdb,0
s2648,1RTBA_V54A,WT,s2648/1RTBA/1RTBA_relaxed.pdb,0
s2648,1RTBA_V54A,Mut,s2648/1RTBA/1RTBA_V54A_relaxed.pdb,0
s2648,1RTBA_V54I,WT,s2648/1RTBA/1RTBA_relaxed.pdb,0
s2648,1RTBA_V54I,Mut,s2648/1RTBA/1RTBA_V54I_relaxed.pdb,0
s2648,1RTBA_V57I,WT,s2648/1RTBA/1RTBA_relaxed.pdb,0
s2648,1RTBA_V57I,Mut,s2648/1RTBA/1RTBA_V57I_relaxed.pdb,0
s2648,1RTBA_V57A,WT,s2648/1RTBA/1RTBA_relaxed.pdb,0
s2648,1RTBA_V57A,Mut,s2648/1RTBA/1RTBA_V57A_relaxed.pdb,0
s2648,1RTBA_V57L,WT,s2648/1RTBA/1RTBA_relaxed.pdb,0
s2648,1RTBA_V57L,Mut,s2648/1RTBA/1RTBA_V57L_relaxed.pdb,0
s2648,1RTBA_V63A,WT,s2648/1RTBA/1RTBA_relaxed.pdb,0
s2648,1RTBA_V63A,Mut,s2648/1RTBA/1RTBA_V63A_relaxed.pdb,0
s2648,1RTBA_V63G,WT,s2648/1RTBA/1RTBA_relaxed.pdb,0
s2648,1RTBA_V63G,Mut,s2648/1RTBA/1RTBA_V63G_relaxed.pdb,0
s2648,1RTBA_A64G,WT,s2648/1RTBA/1RTBA_relaxed.pdb,0
s2648,1RTBA_A64G,Mut,s2648/1RTBA/1RTBA_A64G_relaxed.pdb,0
s2648,1RTBA_I81G,WT,s2648/1RTBA/1RTBA_relaxed.pdb,0
s2648,1RTBA_I81G,Mut,s2648/1RTBA/1RTBA_I81G_relaxed.pdb,0
s2648,1RTBA_I81A,WT,s2648/1RTBA/1RTBA_relaxed.pdb,0
s2648,1RTBA_I81A,Mut,s2648/1RTBA/1RTBA_I81A_relaxed.pdb,0
s2648,1RTBA_I81V,WT,s2648/1RTBA/1RTBA_relaxed.pdb,0
s2648,1RTBA_I81V,Mut,s2648/1RTBA/1RTBA_I81V_relaxed.pdb,0
s2648,1RTBA_Y97F,WT,s2648/1RTBA/1RTBA_relaxed.pdb,0
s2648,1RTBA_Y97F,Mut,s2648/1RTBA/1RTBA_Y97F_relaxed.pdb,0
s2648,1RTBA_I106L,WT,s2648/1RTBA/1RTBA_relaxed.pdb,0
s2648,1RTBA_I106L,Mut,s2648/1RTBA/1RTBA_I106L_relaxed.pdb,0
s2648,1RTBA_I106A,WT,s2648/1RTBA/1RTBA_relaxed.pdb,0
s2648,1RTBA_I106A,Mut,s2648/1RTBA/1RTBA_I106A_relaxed.pdb,0
s2648,1RTBA_I106V,WT,s2648/1RTBA/1RTBA_relaxed.pdb,0
s2648,1RTBA_I106V,Mut,s2648/1RTBA/1RTBA_I106V_relaxed.pdb,0
s2648,1RTBA_I107A,WT,s2648/1RTBA/1RTBA_relaxed.pdb,0
s2648,1RTBA_I107A,Mut,s2648/1RTBA/1RTBA_I107A_relaxed.pdb,0
s2648,1RTBA_I107V,WT,s2648/1RTBA/1RTBA_relaxed.pdb,0
s2648,1RTBA_I107V,Mut,s2648/1RTBA/1RTBA_I107V_relaxed.pdb,0
s2648,1RTBA_I107L,WT,s2648/1RTBA/1RTBA_relaxed.pdb,0
s2648,1RTBA_I107L,Mut,s2648/1RTBA/1RTBA_I107L_relaxed.pdb,0
s2648,1RTBA_V108I,WT,s2648/1RTBA/1RTBA_relaxed.pdb,0
s2648,1RTBA_V108I,Mut,s2648/1RTBA/1RTBA_V108I_relaxed.pdb,0
s2648,1RTBA_V108A,WT,s2648/1RTBA/1RTBA_relaxed.pdb,0
s2648,1RTBA_V108A,Mut,s2648/1RTBA/1RTBA_V108A_relaxed.pdb,0
s2648,1RTBA_V108L,WT,s2648/1RTBA/1RTBA_relaxed.pdb,0
s2648,1RTBA_V108L,Mut,s2648/1RTBA/1RTBA_V108L_relaxed.pdb,0
s2648,1RTBA_A109G,WT,s2648/1RTBA/1RTBA_relaxed.pdb,0
s2648,1RTBA_A109G,Mut,s2648/1RTBA/1RTBA_A109G_relaxed.pdb,0
s2648,1RTBA_V116G,WT,s2648/1RTBA/1RTBA_relaxed.pdb,0
s2648,1RTBA_V116G,Mut,s2648/1RTBA/1RTBA_V116G_relaxed.pdb,0
s2648,1RTBA_V116A,WT,s2648/1RTBA/1RTBA_relaxed.pdb,0
s2648,1RTBA_V116A,Mut,s2648/1RTBA/1RTBA_V116A_relaxed.pdb,0
s2648,1RTBA_V118G,WT,s2648/1RTBA/1RTBA_relaxed.pdb,0
s2648,1RTBA_V118G,Mut,s2648/1RTBA/1RTBA_V118G_relaxed.pdb,0
s2648,1RTBA_V118A,WT,s2648/1RTBA/1RTBA_relaxed.pdb,0
s2648,1RTBA_V118A,Mut,s2648/1RTBA/1RTBA_V118A_relaxed.pdb,0
s2648,1RTBA_H119A,WT,s2648/1RTBA/1RTBA_relaxed.pdb,0
s2648,1RTBA_H119A,Mut,s2648/1RTBA/1RTBA_H119A_relaxed.pdb,0
s2648,1RTBA_D121A,WT,s2648/1RTBA/1RTBA_relaxed.pdb,0
s2648,1RTBA_D121A,Mut,s2648/1RTBA/1RTBA_D121A_relaxed.pdb,0
s2648,1RTBA_D121N,WT,s2648/1RTBA/1RTBA_relaxed.pdb,0
s2648,1RTBA_D121N,Mut,s2648/1RTBA/1RTBA_D121N_relaxed.pdb,0
s2648,1RTBA_S123A,WT,s2648/1RTBA/1RTBA_relaxed.pdb,0
s2648,1RTBA_S123A,Mut,s2648/1RTBA/1RTBA_S123A_relaxed.pdb,0
s2648,1SAKA_E326A,WT,s2648/1SAKA/1SAKA_relaxed.pdb,0
s2648,1SAKA_E326A,Mut,s2648/1SAKA/1SAKA_E326A_relaxed.pdb,0
s2648,1SAKA_F328L,WT,s2648/1SAKA/1SAKA_relaxed.pdb,0
s2648,1SAKA_F328L,Mut,s2648/1SAKA/1SAKA_F328L_relaxed.pdb,0
s2648,1SAKA_F328A,WT,s2648/1SAKA/1SAKA_relaxed.pdb,0
s2648,1SAKA_F328A,Mut,s2648/1SAKA/1SAKA_F328A_relaxed.pdb,0
s2648,1SAKA_T329A,WT,s2648/1SAKA/1SAKA_relaxed.pdb,0
s2648,1SAKA_T329A,Mut,s2648/1SAKA/1SAKA_T329A_relaxed.pdb,0
s2648,1SAKA_L330F,WT,s2648/1SAKA/1SAKA_relaxed.pdb,0
s2648,1SAKA_L330F,Mut,s2648/1SAKA/1SAKA_L330F_relaxed.pdb,0
s2648,1SAKA_Q331A,WT,s2648/1SAKA/1SAKA_relaxed.pdb,0
s2648,1SAKA_Q331A,Mut,s2648/1SAKA/1SAKA_Q331A_relaxed.pdb,0
s2648,1SAKA_I332V,WT,s2648/1SAKA/1SAKA_relaxed.pdb,0
s2648,1SAKA_I332V,Mut,s2648/1SAKA/1SAKA_I332V_relaxed.pdb,0
s2648,1SAKA_R333A,WT,s2648/1SAKA/1SAKA_relaxed.pdb,0
s2648,1SAKA_R333A,Mut,s2648/1SAKA/1SAKA_R333A_relaxed.pdb,0
s2648,1SAKA_R335A,WT,s2648/1SAKA/1SAKA_relaxed.pdb,0
s2648,1SAKA_R335A,Mut,s2648/1SAKA/1SAKA_R335A_relaxed.pdb,0
s2648,1SAKA_E336A,WT,s2648/1SAKA/1SAKA_relaxed.pdb,0
s2648,1SAKA_E336A,Mut,s2648/1SAKA/1SAKA_E336A_relaxed.pdb,0
s2648,1SAKA_R337A,WT,s2648/1SAKA/1SAKA_relaxed.pdb,0
s2648,1SAKA_R337A,Mut,s2648/1SAKA/1SAKA_R337A_relaxed.pdb,0
s2648,1SAKA_F338A,WT,s2648/1SAKA/1SAKA_relaxed.pdb,0
s2648,1SAKA_F338A,Mut,s2648/1SAKA/1SAKA_F338A_relaxed.pdb,0
s2648,1SAKA_E339A,WT,s2648/1SAKA/1SAKA_relaxed.pdb,0
s2648,1SAKA_E339A,Mut,s2648/1SAKA/1SAKA_E339A_relaxed.pdb,0
s2648,1SAKA_M340I,WT,s2648/1SAKA/1SAKA_relaxed.pdb,0
s2648,1SAKA_M340I,Mut,s2648/1SAKA/1SAKA_M340I_relaxed.pdb,0
s2648,1SAKA_M340A,WT,s2648/1SAKA/1SAKA_relaxed.pdb,0
s2648,1SAKA_M340A,Mut,s2648/1SAKA/1SAKA_M340A_relaxed.pdb,0
s2648,1SAKA_F341L,WT,s2648/1SAKA/1SAKA_relaxed.pdb,0
s2648,1SAKA_F341L,Mut,s2648/1SAKA/1SAKA_F341L_relaxed.pdb,0
s2648,1SAKA_F341I,WT,s2648/1SAKA/1SAKA_relaxed.pdb,0
s2648,1SAKA_F341I,Mut,s2648/1SAKA/1SAKA_F341I_relaxed.pdb,0
s2648,1SAKA_R342A,WT,s2648/1SAKA/1SAKA_relaxed.pdb,0
s2648,1SAKA_R342A,Mut,s2648/1SAKA/1SAKA_R342A_relaxed.pdb,0
s2648,1SAKA_E343A,WT,s2648/1SAKA/1SAKA_relaxed.pdb,0
s2648,1SAKA_E343A,Mut,s2648/1SAKA/1SAKA_E343A_relaxed.pdb,0
s2648,1SAKA_L344I,WT,s2648/1SAKA/1SAKA_relaxed.pdb,0
s2648,1SAKA_L344I,Mut,s2648/1SAKA/1SAKA_L344I_relaxed.pdb,0
s2648,1SAKA_L344F,WT,s2648/1SAKA/1SAKA_relaxed.pdb,0
s2648,1SAKA_L344F,Mut,s2648/1SAKA/1SAKA_L344F_relaxed.pdb,0
s2648,1SAKA_N345A,WT,s2648/1SAKA/1SAKA_relaxed.pdb,0
s2648,1SAKA_N345A,Mut,s2648/1SAKA/1SAKA_N345A_relaxed.pdb,0
s2648,1SAKA_E346A,WT,s2648/1SAKA/1SAKA_relaxed.pdb,0
s2648,1SAKA_E346A,Mut,s2648/1SAKA/1SAKA_E346A_relaxed.pdb,0
s2648,1SAKA_A347G,WT,s2648/1SAKA/1SAKA_relaxed.pdb,0
s2648,1SAKA_A347G,Mut,s2648/1SAKA/1SAKA_A347G_relaxed.pdb,0
s2648,1SAKA_E349A,WT,s2648/1SAKA/1SAKA_relaxed.pdb,0
s2648,1SAKA_E349A,Mut,s2648/1SAKA/1SAKA_E349A_relaxed.pdb,0
s2648,1SAKA_L350A,WT,s2648/1SAKA/1SAKA_relaxed.pdb,0
s2648,1SAKA_L350A,Mut,s2648/1SAKA/1SAKA_L350A_relaxed.pdb,0
s2648,1SAKA_K351A,WT,s2648/1SAKA/1SAKA_relaxed.pdb,0
s2648,1SAKA_K351A,Mut,s2648/1SAKA/1SAKA_K351A_relaxed.pdb,0
s2648,1SAKA_D352A,WT,s2648/1SAKA/1SAKA_relaxed.pdb,0
s2648,1SAKA_D352A,Mut,s2648/1SAKA/1SAKA_D352A_relaxed.pdb,0
s2648,1SHFA_E107A,WT,s2648/1SHFA/1SHFA_relaxed.pdb,0
s2648,1SHFA_E107A,Mut,s2648/1SHFA/1SHFA_E107A_relaxed.pdb,0
s2648,1SHFA_E107F,WT,s2648/1SHFA/1SHFA_relaxed.pdb,0
s2648,1SHFA_E107F,Mut,s2648/1SHFA/1SHFA_E107F_relaxed.pdb,0
s2648,1SHFA_E107H,WT,s2648/1SHFA/1SHFA_relaxed.pdb,0
s2648,1SHFA_E107H,Mut,s2648/1SHFA/1SHFA_E107H_relaxed.pdb,0
s2648,1SHFA_E107K,WT,s2648/1SHFA/1SHFA_relaxed.pdb,0
s2648,1SHFA_E107K,Mut,s2648/1SHFA/1SHFA_E107K_relaxed.pdb,0
s2648,1SHFA_E107Q,WT,s2648/1SHFA/1SHFA_relaxed.pdb,0
s2648,1SHFA_E107Q,Mut,s2648/1SHFA/1SHFA_E107Q_relaxed.pdb,0
s2648,1SHFA_E107S,WT,s2648/1SHFA/1SHFA_relaxed.pdb,0
s2648,1SHFA_E107S,Mut,s2648/1SHFA/1SHFA_E107S_relaxed.pdb,0
s2648,1SHFA_E107V,WT,s2648/1SHFA/1SHFA_relaxed.pdb,0
s2648,1SHFA_E107V,Mut,s2648/1SHFA/1SHFA_E107V_relaxed.pdb,0
s2648,1SHFA_E107D,WT,s2648/1SHFA/1SHFA_relaxed.pdb,0
s2648,1SHFA_E107D,Mut,s2648/1SHFA/1SHFA_E107D_relaxed.pdb,0
s2648,1SHFA_E107G,WT,s2648/1SHFA/1SHFA_relaxed.pdb,0
s2648,1SHFA_E107G,Mut,s2648/1SHFA/1SHFA_E107G_relaxed.pdb,0
s2648,1SHFA_E107I,WT,s2648/1SHFA/1SHFA_relaxed.pdb,0
s2648,1SHFA_E107I,Mut,s2648/1SHFA/1SHFA_E107I_relaxed.pdb,0
s2648,1SHFA_E107L,WT,s2648/1SHFA/1SHFA_relaxed.pdb,0
s2648,1SHFA_E107L,Mut,s2648/1SHFA/1SHFA_E107L_relaxed.pdb,0
s2648,1SHFA_E107R,WT,s2648/1SHFA/1SHFA_relaxed.pdb,0
s2648,1SHFA_E107R,Mut,s2648/1SHFA/1SHFA_E107R_relaxed.pdb,0
s2648,1SHFA_E107T,WT,s2648/1SHFA/1SHFA_relaxed.pdb,0
s2648,1SHFA_E107T,Mut,s2648/1SHFA/1SHFA_E107T_relaxed.pdb,0
s2648,1SHFA_E107Y,WT,s2648/1SHFA/1SHFA_relaxed.pdb,0
s2648,1SHFA_E107Y,Mut,s2648/1SHFA/1SHFA_E107Y_relaxed.pdb,0
s2648,1SHFA_I111A,WT,s2648/1SHFA/1SHFA_relaxed.pdb,0
s2648,1SHFA_I111A,Mut,s2648/1SHFA/1SHFA_I111A_relaxed.pdb,0
s2648,1SHFA_I111V,WT,s2648/1SHFA/1SHFA_relaxed.pdb,0
s2648,1SHFA_I111V,Mut,s2648/1SHFA/1SHFA_I111V_relaxed.pdb,0
s2648,1SHFA_I111L,WT,s2648/1SHFA/1SHFA_relaxed.pdb,0
s2648,1SHFA_I111L,Mut,s2648/1SHFA/1SHFA_I111L_relaxed.pdb,0
s2648,1SHFA_S124D,WT,s2648/1SHFA/1SHFA_relaxed.pdb,0
s2648,1SHFA_S124D,Mut,s2648/1SHFA/1SHFA_S124D_relaxed.pdb,0
s2648,1SHFA_S124G,WT,s2648/1SHFA/1SHFA_relaxed.pdb,0
s2648,1SHFA_S124G,Mut,s2648/1SHFA/1SHFA_S124G_relaxed.pdb,0
s2648,1SHFA_S124I,WT,s2648/1SHFA/1SHFA_relaxed.pdb,0
s2648,1SHFA_S124I,Mut,s2648/1SHFA/1SHFA_S124I_relaxed.pdb,0
s2648,1SHFA_S124L,WT,s2648/1SHFA/1SHFA_relaxed.pdb,0
s2648,1SHFA_S124L,Mut,s2648/1SHFA/1SHFA_S124L_relaxed.pdb,0
s2648,1SHFA_S124R,WT,s2648/1SHFA/1SHFA_relaxed.pdb,0
s2648,1SHFA_S124R,Mut,s2648/1SHFA/1SHFA_S124R_relaxed.pdb,0
s2648,1SHFA_S124V,WT,s2648/1SHFA/1SHFA_relaxed.pdb,0
s2648,1SHFA_S124V,Mut,s2648/1SHFA/1SHFA_S124V_relaxed.pdb,0
s2648,1SHFA_S124A,WT,s2648/1SHFA/1SHFA_relaxed.pdb,0
s2648,1SHFA_S124A,Mut,s2648/1SHFA/1SHFA_S124A_relaxed.pdb,0
s2648,1SHFA_S124F,WT,s2648/1SHFA/1SHFA_relaxed.pdb,0
s2648,1SHFA_S124F,Mut,s2648/1SHFA/1SHFA_S124F_relaxed.pdb,0
s2648,1SHFA_S124H,WT,s2648/1SHFA/1SHFA_relaxed.pdb,0
s2648,1SHFA_S124H,Mut,s2648/1SHFA/1SHFA_S124H_relaxed.pdb,0
s2648,1SHFA_S124K,WT,s2648/1SHFA/1SHFA_relaxed.pdb,0
s2648,1SHFA_S124K,Mut,s2648/1SHFA/1SHFA_S124K_relaxed.pdb,0
s2648,1SHFA_S124N,WT,s2648/1SHFA/1SHFA_relaxed.pdb,0
s2648,1SHFA_S124N,Mut,s2648/1SHFA/1SHFA_S124N_relaxed.pdb,0
s2648,1SHFA_S124T,WT,s2648/1SHFA/1SHFA_relaxed.pdb,0
s2648,1SHFA_S124T,Mut,s2648/1SHFA/1SHFA_S124T_relaxed.pdb,0
s2648,1SHFA_S124Y,WT,s2648/1SHFA/1SHFA_relaxed.pdb,0
s2648,1SHFA_S124Y,Mut,s2648/1SHFA/1SHFA_S124Y_relaxed.pdb,0
s2648,1SHFA_T127A,WT,s2648/1SHFA/1SHFA_relaxed.pdb,0
s2648,1SHFA_T127A,Mut,s2648/1SHFA/1SHFA_T127A_relaxed.pdb,0
s2648,1SHFA_G128A,WT,s2648/1SHFA/1SHFA_relaxed.pdb,0
s2648,1SHFA_G128A,Mut,s2648/1SHFA/1SHFA_G128A_relaxed.pdb,0
s2648,1SHFA_V138A,WT,s2648/1SHFA/1SHFA_relaxed.pdb,0
s2648,1SHFA_V138A,Mut,s2648/1SHFA/1SHFA_V138A_relaxed.pdb,0
s2648,1SHFA_V138M,WT,s2648/1SHFA/1SHFA_relaxed.pdb,0
s2648,1SHFA_V138M,Mut,s2648/1SHFA/1SHFA_V138M_relaxed.pdb,0
s2648,1SHFA_V138G,WT,s2648/1SHFA/1SHFA_relaxed.pdb,0
s2648,1SHFA_V138G,Mut,s2648/1SHFA/1SHFA_V138G_relaxed.pdb,0
s2648,1SHFA_V138T,WT,s2648/1SHFA/1SHFA_relaxed.pdb,0
s2648,1SHFA_V138T,Mut,s2648/1SHFA/1SHFA_V138T_relaxed.pdb,0
s2648,1SHGA_D48G,WT,s2648/1SHGA/1SHGA_relaxed.pdb,0
s2648,1SHGA_D48G,Mut,s2648/1SHGA/1SHGA_D48G_relaxed.pdb,0
s2648,1SHGA_F52Y,WT,s2648/1SHGA/1SHGA_relaxed.pdb,0
s2648,1SHGA_F52Y,Mut,s2648/1SHGA/1SHGA_F52Y_relaxed.pdb,0
s2648,1SHGA_K59F,WT,s2648/1SHGA/1SHGA_relaxed.pdb,0
s2648,1SHGA_K59F,Mut,s2648/1SHGA/1SHGA_K59F_relaxed.pdb,0
s2648,1SHGA_K59Y,WT,s2648/1SHGA/1SHGA_relaxed.pdb,0
s2648,1SHGA_K59Y,Mut,s2648/1SHGA/1SHGA_K59Y_relaxed.pdb,0
s2648,1SSOA_I29V,WT,s2648/1SSOA/1SSOA_relaxed.pdb,0
s2648,1SSOA_I29V,Mut,s2648/1SSOA/1SSOA_I29V_relaxed.pdb,0
s2648,1SUPA_M50F,WT,s2648/1SUPA/1SUPA_relaxed.pdb,0
s2648,1SUPA_M50F,Mut,s2648/1SUPA/1SUPA_M50F_relaxed.pdb,0
s2648,1SUPA_N76D,WT,s2648/1SUPA/1SUPA_relaxed.pdb,0
s2648,1SUPA_N76D,Mut,s2648/1SUPA/1SUPA_N76D_relaxed.pdb,0
s2648,1SUPA_G169A,WT,s2648/1SUPA/1SUPA_relaxed.pdb,0
s2648,1SUPA_G169A,Mut,s2648/1SUPA/1SUPA_G169A_relaxed.pdb,0
s2648,1SUPA_Q206C,WT,s2648/1SUPA/1SUPA_relaxed.pdb,0
s2648,1SUPA_Q206C,Mut,s2648/1SUPA/1SUPA_Q206C_relaxed.pdb,0
s2648,1SUPA_Y217K,WT,s2648/1SUPA/1SUPA_relaxed.pdb,0
s2648,1SUPA_Y217K,Mut,s2648/1SUPA/1SUPA_Y217K_relaxed.pdb,0
s2648,1SUPA_N218S,WT,s2648/1SUPA/1SUPA_relaxed.pdb,0
s2648,1SUPA_N218S,Mut,s2648/1SUPA/1SUPA_N218S_relaxed.pdb,0
s2648,1TENA_I809V,WT,s2648/1TENA/1TENA_relaxed.pdb,0
s2648,1TENA_I809V,Mut,s2648/1TENA/1TENA_I809V_relaxed.pdb,0
s2648,1TENA_I809A,WT,s2648/1TENA/1TENA_relaxed.pdb,0
s2648,1TENA_I809A,Mut,s2648/1TENA/1TENA_I809A_relaxed.pdb,0
s2648,1TENA_V811A,WT,s2648/1TENA/1TENA_relaxed.pdb,0
s2648,1TENA_V811A,Mut,s2648/1TENA/1TENA_V811A_relaxed.pdb,0
s2648,1TENA_A819G,WT,s2648/1TENA/1TENA_relaxed.pdb,0
s2648,1TENA_A819G,Mut,s2648/1TENA/1TENA_A819G_relaxed.pdb,0
s2648,1TENA_I821V,WT,s2648/1TENA/1TENA_relaxed.pdb,0
s2648,1TENA_I821V,Mut,s2648/1TENA/1TENA_I821V_relaxed.pdb,0
s2648,1TENA_I821A,WT,s2648/1TENA/1TENA_relaxed.pdb,0
s2648,1TENA_I821A,Mut,s2648/1TENA/1TENA_I821A_relaxed.pdb,0
s2648,1TENA_I830V,WT,s2648/1TENA/1TENA_relaxed.pdb,0
s2648,1TENA_I830V,Mut,s2648/1TENA/1TENA_I830V_relaxed.pdb,0
s2648,1TENA_I830A,WT,s2648/1TENA/1TENA_relaxed.pdb,0
s2648,1TENA_I830A,Mut,s2648/1TENA/1TENA_I830A_relaxed.pdb,0
s2648,1TENA_I833V,WT,s2648/1TENA/1TENA_relaxed.pdb,0
s2648,1TENA_I833V,Mut,s2648/1TENA/1TENA_I833V_relaxed.pdb,0
s2648,1TENA_I833A,WT,s2648/1TENA/1TENA_relaxed.pdb,0
s2648,1TENA_I833A,Mut,s2648/1TENA/1TENA_I833A_relaxed.pdb,0
s2648,1TENA_L835A,WT,s2648/1TENA/1TENA_relaxed.pdb,0
s2648,1TENA_L835A,Mut,s2648/1TENA/1TENA_L835A_relaxed.pdb,0
s2648,1TENA_Y837A,WT,s2648/1TENA/1TENA_relaxed.pdb,0
s2648,1TENA_Y837A,Mut,s2648/1TENA/1TENA_Y837A_relaxed.pdb,0
s2648,1TENA_I849A,WT,s2648/1TENA/1TENA_relaxed.pdb,0
s2648,1TENA_I849A,Mut,s2648/1TENA/1TENA_I849A_relaxed.pdb,0
s2648,1TENA_L851A,WT,s2648/1TENA/1TENA_relaxed.pdb,0
s2648,1TENA_L851A,Mut,s2648/1TENA/1TENA_L851A_relaxed.pdb,0
s2648,1TENA_Y858G,WT,s2648/1TENA/1TENA_relaxed.pdb,0
s2648,1TENA_Y858G,Mut,s2648/1TENA/1TENA_Y858G_relaxed.pdb,0
s2648,1TENA_Y858A,WT,s2648/1TENA/1TENA_relaxed.pdb,0
s2648,1TENA_Y858A,Mut,s2648/1TENA/1TENA_Y858A_relaxed.pdb,0
s2648,1TENA_I860V,WT,s2648/1TENA/1TENA_relaxed.pdb,0
s2648,1TENA_I860V,Mut,s2648/1TENA/1TENA_I860V_relaxed.pdb,0
s2648,1TENA_I860A,WT,s2648/1TENA/1TENA_relaxed.pdb,0
s2648,1TENA_I860A,Mut,s2648/1TENA/1TENA_I860A_relaxed.pdb,0
s2648,1TENA_L863A,WT,s2648/1TENA/1TENA_relaxed.pdb,0
s2648,1TENA_L863A,Mut,s2648/1TENA/1TENA_L863A_relaxed.pdb,0
s2648,1TENA_T867S,WT,s2648/1TENA/1TENA_relaxed.pdb,0
s2648,1TENA_T867S,Mut,s2648/1TENA/1TENA_T867S_relaxed.pdb,0
s2648,1TENA_Y869F,WT,s2648/1TENA/1TENA_relaxed.pdb,0
s2648,1TENA_Y869F,Mut,s2648/1TENA/1TENA_Y869F_relaxed.pdb,0
s2648,1TENA_V871A,WT,s2648/1TENA/1TENA_relaxed.pdb,0
s2648,1TENA_V871A,Mut,s2648/1TENA/1TENA_V871A_relaxed.pdb,0
s2648,1TENA_L873A,WT,s2648/1TENA/1TENA_relaxed.pdb,0
s2648,1TENA_L873A,Mut,s2648/1TENA/1TENA_L873A_relaxed.pdb,0
s2648,1TENA_S875A,WT,s2648/1TENA/1TENA_relaxed.pdb,0
s2648,1TENA_S875A,Mut,s2648/1TENA/1TENA_S875A_relaxed.pdb,0
s2648,1TENA_S882A,WT,s2648/1TENA/1TENA_relaxed.pdb,0
s2648,1TENA_S882A,Mut,s2648/1TENA/1TENA_S882A_relaxed.pdb,0
s2648,1TENA_A885G,WT,s2648/1TENA/1TENA_relaxed.pdb,0
s2648,1TENA_A885G,Mut,s2648/1TENA/1TENA_A885G_relaxed.pdb,0
s2648,1TENA_E887G,WT,s2648/1TENA/1TENA_relaxed.pdb,0
s2648,1TENA_E887G,Mut,s2648/1TENA/1TENA_E887G_relaxed.pdb,0
s2648,1TENA_E887A,WT,s2648/1TENA/1TENA_relaxed.pdb,0
s2648,1TENA_E887A,Mut,s2648/1TENA/1TENA_E887A_relaxed.pdb,0
s2648,1TITA_V13A,WT,s2648/1TITA/1TITA_relaxed.pdb,0
s2648,1TITA_V13A,Mut,s2648/1TITA/1TITA_V13A_relaxed.pdb,0
s2648,1TITA_I23A,WT,s2648/1TITA/1TITA_relaxed.pdb,0
s2648,1TITA_I23A,Mut,s2648/1TITA/1TITA_I23A_relaxed.pdb,0
s2648,1TITA_L41A,WT,s2648/1TITA/1TITA_relaxed.pdb,0
s2648,1TITA_L41A,Mut,s2648/1TITA/1TITA_L41A_relaxed.pdb,0
s2648,1TITA_L58A,WT,s2648/1TITA/1TITA_relaxed.pdb,0
s2648,1TITA_L58A,Mut,s2648/1TITA/1TITA_L58A_relaxed.pdb,0
s2648,1TITA_L60A,WT,s2648/1TITA/1TITA_relaxed.pdb,0
s2648,1TITA_L60A,Mut,s2648/1TITA/1TITA_L60A_relaxed.pdb,0
s2648,1TITA_C63S,WT,s2648/1TITA/1TITA_relaxed.pdb,0
s2648,1TITA_C63S,Mut,s2648/1TITA/1TITA_C63S_relaxed.pdb,0
s2648,1TITA_F73L,WT,s2648/1TITA/1TITA_relaxed.pdb,0
s2648,1TITA_F73L,Mut,s2648/1TITA/1TITA_F73L_relaxed.pdb,0
s2648,1TITA_V86A,WT,s2648/1TITA/1TITA_relaxed.pdb,0
s2648,1TITA_V86A,Mut,s2648/1TITA/1TITA_V86A_relaxed.pdb,0
s2648,1TPKA_V65I,WT,s2648/1TPKA/1TPKA_relaxed.pdb,0
s2648,1TPKA_V65I,Mut,s2648/1TPKA/1TPKA_V65I_relaxed.pdb,0
s2648,1TPKA_V65M,WT,s2648/1TPKA/1TPKA_relaxed.pdb,0
s2648,1TPKA_V65M,Mut,s2648/1TPKA/1TPKA_V65M_relaxed.pdb,0
s2648,1TPKA_V65T,WT,s2648/1TPKA/1TPKA_relaxed.pdb,0
s2648,1TPKA_V65T,Mut,s2648/1TPKA/1TPKA_V65T_relaxed.pdb,0
s2648,1TPKA_V65A,WT,s2648/1TPKA/1TPKA_relaxed.pdb,0
s2648,1TPKA_V65A,Mut,s2648/1TPKA/1TPKA_V65A_relaxed.pdb,0
s2648,1TPKA_V65L,WT,s2648/1TPKA/1TPKA_relaxed.pdb,0
s2648,1TPKA_V65L,Mut,s2648/1TPKA/1TPKA_V65L_relaxed.pdb,0
s2648,1TPKA_V65S,WT,s2648/1TPKA/1TPKA_relaxed.pdb,0
s2648,1TPKA_V65S,Mut,s2648/1TPKA/1TPKA_V65S_relaxed.pdb,0
s2648,1TTQA_A18V,WT,s2648/1TTQA/1TTQA_relaxed.pdb,0
s2648,1TTQA_A18V,Mut,s2648/1TTQA/1TTQA_A18V_relaxed.pdb,0
s2648,1TTQA_A18G,WT,s2648/1TTQA/1TTQA_relaxed.pdb,0
s2648,1TTQA_A18G,Mut,s2648/1TTQA/1TTQA_A18G_relaxed.pdb,0
s2648,1TTQA_F22L,WT,s2648/1TTQA/1TTQA_relaxed.pdb,0
s2648,1TTQA_F22L,Mut,s2648/1TTQA/1TTQA_F22L_relaxed.pdb,0
s2648,1TTQA_F22I,WT,s2648/1TTQA/1TTQA_relaxed.pdb,0
s2648,1TTQA_F22I,Mut,s2648/1TTQA/1TTQA_F22I_relaxed.pdb,0
s2648,1TTQA_F22V,WT,s2648/1TTQA/1TTQA_relaxed.pdb,0
s2648,1TTQA_F22V,Mut,s2648/1TTQA/1TTQA_F22V_relaxed.pdb,0
s2648,1TTQA_Y175Q,WT,s2648/1TTQA/1TTQA_relaxed.pdb,0
s2648,1TTQA_Y175Q,Mut,s2648/1TTQA/1TTQA_Y175Q_relaxed.pdb,0
s2648,1TTQA_L209V,WT,s2648/1TTQA/1TTQA_relaxed.pdb,0
s2648,1TTQA_L209V,Mut,s2648/1TTQA/1TTQA_L209V_relaxed.pdb,0
s2648,1TTQA_I232V,WT,s2648/1TTQA/1TTQA_relaxed.pdb,0
s2648,1TTQA_I232V,Mut,s2648/1TTQA/1TTQA_I232V_relaxed.pdb,0
s2648,1TYVA_G177R,WT,s2648/1TYVA/1TYVA_relaxed.pdb,0
s2648,1TYVA_G177R,Mut,s2648/1TYVA/1TYVA_G177R_relaxed.pdb,0
s2648,1TYVA_T235I,WT,s2648/1TYVA/1TYVA_relaxed.pdb,0
s2648,1TYVA_T235I,Mut,s2648/1TYVA/1TYVA_T235I_relaxed.pdb,0
s2648,1TYVA_G244R,WT,s2648/1TYVA/1TYVA_relaxed.pdb,0
s2648,1TYVA_G244R,Mut,s2648/1TYVA/1TYVA_G244R_relaxed.pdb,0
s2648,1TYVA_R285K,WT,s2648/1TYVA/1TYVA_relaxed.pdb,0
s2648,1TYVA_R285K,Mut,s2648/1TYVA/1TYVA_R285K_relaxed.pdb,0
s2648,1TYVA_E309V,WT,s2648/1TYVA/1TYVA_relaxed.pdb,0
s2648,1TYVA_E309V,Mut,s2648/1TYVA/1TYVA_E309V_relaxed.pdb,0
s2648,1TYVA_G323D,WT,s2648/1TYVA/1TYVA_relaxed.pdb,0
s2648,1TYVA_G323D,Mut,s2648/1TYVA/1TYVA_G323D_relaxed.pdb,0
s2648,1UBQA_K6Q,WT,s2648/1UBQA/1UBQA_relaxed.pdb,0
s2648,1UBQA_K6Q,Mut,s2648/1UBQA/1UBQA_K6Q_relaxed.pdb,0
s2648,1UBQA_K6E,WT,s2648/1UBQA/1UBQA_relaxed.pdb,0
s2648,1UBQA_K6E,Mut,s2648/1UBQA/1UBQA_K6E_relaxed.pdb,0
s2648,1UBQA_E18D,WT,s2648/1UBQA/1UBQA_relaxed.pdb,0
s2648,1UBQA_E18D,Mut,s2648/1UBQA/1UBQA_E18D_relaxed.pdb,0
s2648,1UBQA_K27Q,WT,s2648/1UBQA/1UBQA_relaxed.pdb,0
s2648,1UBQA_K27Q,Mut,s2648/1UBQA/1UBQA_K27Q_relaxed.pdb,0
s2648,1UBQA_K29Q,WT,s2648/1UBQA/1UBQA_relaxed.pdb,0
s2648,1UBQA_K29Q,Mut,s2648/1UBQA/1UBQA_K29Q_relaxed.pdb,0
s2648,1UBQA_K29N,WT,s2648/1UBQA/1UBQA_relaxed.pdb,0
s2648,1UBQA_K29N,Mut,s2648/1UBQA/1UBQA_K29N_relaxed.pdb,0
s2648,1UBQA_R42E,WT,s2648/1UBQA/1UBQA_relaxed.pdb,0
s2648,1UBQA_R42E,Mut,s2648/1UBQA/1UBQA_R42E_relaxed.pdb,0
s2648,1UBQA_F45W,WT,s2648/1UBQA/1UBQA_relaxed.pdb,0
s2648,1UBQA_F45W,Mut,s2648/1UBQA/1UBQA_F45W_relaxed.pdb,0
s2648,1UBQA_H68Q,WT,s2648/1UBQA/1UBQA_relaxed.pdb,0
s2648,1UBQA_H68Q,Mut,s2648/1UBQA/1UBQA_H68Q_relaxed.pdb,0
s2648,1UBQA_H68E,WT,s2648/1UBQA/1UBQA_relaxed.pdb,0
s2648,1UBQA_H68E,Mut,s2648/1UBQA/1UBQA_H68E_relaxed.pdb,0
s2648,1UBQA_R72Q,WT,s2648/1UBQA/1UBQA_relaxed.pdb,0
s2648,1UBQA_R72Q,Mut,s2648/1UBQA/1UBQA_R72Q_relaxed.pdb,0
s2648,1UZCA_W11F,WT,s2648/1UZCA/1UZCA_relaxed.pdb,0
s2648,1UZCA_W11F,Mut,s2648/1UZCA/1UZCA_W11F_relaxed.pdb,0
s2648,1UZCA_T13S,WT,s2648/1UZCA/1UZCA_relaxed.pdb,0
s2648,1UZCA_T13S,Mut,s2648/1UZCA/1UZCA_T13S_relaxed.pdb,0
s2648,1UZCA_T13A,WT,s2648/1UZCA/1UZCA_relaxed.pdb,0
s2648,1UZCA_T13A,Mut,s2648/1UZCA/1UZCA_T13A_relaxed.pdb,0
s2648,1UZCA_E15G,WT,s2648/1UZCA/1UZCA_relaxed.pdb,0
s2648,1UZCA_E15G,Mut,s2648/1UZCA/1UZCA_E15G_relaxed.pdb,0
s2648,1UZCA_E15A,WT,s2648/1UZCA/1UZCA_relaxed.pdb,0
s2648,1UZCA_E15A,Mut,s2648/1UZCA/1UZCA_E15A_relaxed.pdb,0
s2648,1UZCA_A17G,WT,s2648/1UZCA/1UZCA_relaxed.pdb,0
s2648,1UZCA_A17G,Mut,s2648/1UZCA/1UZCA_A17G_relaxed.pdb,0
s2648,1UZCA_Q19A,WT,s2648/1UZCA/1UZCA_relaxed.pdb,0
s2648,1UZCA_Q19A,Mut,s2648/1UZCA/1UZCA_Q19A_relaxed.pdb,0
s2648,1UZCA_Q19G,WT,s2648/1UZCA/1UZCA_relaxed.pdb,0
s2648,1UZCA_Q19G,Mut,s2648/1UZCA/1UZCA_Q19G_relaxed.pdb,0
s2648,1UZCA_A20G,WT,s2648/1UZCA/1UZCA_relaxed.pdb,0
s2648,1UZCA_A20G,Mut,s2648/1UZCA/1UZCA_A20G_relaxed.pdb,0
s2648,1UZCA_L24A,WT,s2648/1UZCA/1UZCA_relaxed.pdb,0
s2648,1UZCA_L24A,Mut,s2648/1UZCA/1UZCA_L24A_relaxed.pdb,0
s2648,1UZCA_K26A,WT,s2648/1UZCA/1UZCA_relaxed.pdb,0
s2648,1UZCA_K26A,Mut,s2648/1UZCA/1UZCA_K26A_relaxed.pdb,0
s2648,1UZCA_K26G,WT,s2648/1UZCA/1UZCA_relaxed.pdb,0
s2648,1UZCA_K26G,Mut,s2648/1UZCA/1UZCA_K26G_relaxed.pdb,0
s2648,1UZCA_E27A,WT,s2648/1UZCA/1UZCA_relaxed.pdb,0
s2648,1UZCA_E27A,Mut,s2648/1UZCA/1UZCA_E27A_relaxed.pdb,0
s2648,1UZCA_E27G,WT,s2648/1UZCA/1UZCA_relaxed.pdb,0
s2648,1UZCA_E27G,Mut,s2648/1UZCA/1UZCA_E27G_relaxed.pdb,0
s2648,1UZCA_V30A,WT,s2648/1UZCA/1UZCA_relaxed.pdb,0
s2648,1UZCA_V30A,Mut,s2648/1UZCA/1UZCA_V30A_relaxed.pdb,0
s2648,1UZCA_S32A,WT,s2648/1UZCA/1UZCA_relaxed.pdb,0
s2648,1UZCA_S32A,Mut,s2648/1UZCA/1UZCA_S32A_relaxed.pdb,0
s2648,1UZCA_N33G,WT,s2648/1UZCA/1UZCA_relaxed.pdb,0
s2648,1UZCA_N33G,Mut,s2648/1UZCA/1UZCA_N33G_relaxed.pdb,0
s2648,1UZCA_S35A,WT,s2648/1UZCA/1UZCA_relaxed.pdb,0
s2648,1UZCA_S35A,Mut,s2648/1UZCA/1UZCA_S35A_relaxed.pdb,0
s2648,1UZCA_W36F,WT,s2648/1UZCA/1UZCA_relaxed.pdb,0
s2648,1UZCA_W36F,Mut,s2648/1UZCA/1UZCA_W36F_relaxed.pdb,0
s2648,1UZCA_Q38G,WT,s2648/1UZCA/1UZCA_relaxed.pdb,0
s2648,1UZCA_Q38G,Mut,s2648/1UZCA/1UZCA_Q38G_relaxed.pdb,0
s2648,1UZCA_Q38A,WT,s2648/1UZCA/1UZCA_relaxed.pdb,0
s2648,1UZCA_Q38A,Mut,s2648/1UZCA/1UZCA_Q38A_relaxed.pdb,0
s2648,1UZCA_A39G,WT,s2648/1UZCA/1UZCA_relaxed.pdb,0
s2648,1UZCA_A39G,Mut,s2648/1UZCA/1UZCA_A39G_relaxed.pdb,0
s2648,1UZCA_M42A,WT,s2648/1UZCA/1UZCA_relaxed.pdb,0
s2648,1UZCA_M42A,Mut,s2648/1UZCA/1UZCA_M42A_relaxed.pdb,0
s2648,1UZCA_I43V,WT,s2648/1UZCA/1UZCA_relaxed.pdb,0
s2648,1UZCA_I43V,Mut,s2648/1UZCA/1UZCA_I43V_relaxed.pdb,0
s2648,1UZCA_I44A,WT,s2648/1UZCA/1UZCA_relaxed.pdb,0
s2648,1UZCA_I44A,Mut,s2648/1UZCA/1UZCA_I44A_relaxed.pdb,0
s2648,1UZCA_I44V,WT,s2648/1UZCA/1UZCA_relaxed.pdb,0
s2648,1UZCA_I44V,Mut,s2648/1UZCA/1UZCA_I44V_relaxed.pdb,0
s2648,1UZCA_I44G,WT,s2648/1UZCA/1UZCA_relaxed.pdb,0
s2648,1UZCA_I44G,Mut,s2648/1UZCA/1UZCA_I44G_relaxed.pdb,0
s2648,1UZCA_D46N,WT,s2648/1UZCA/1UZCA_relaxed.pdb,0
s2648,1UZCA_D46N,Mut,s2648/1UZCA/1UZCA_D46N_relaxed.pdb,0
s2648,1UZCA_Y49A,WT,s2648/1UZCA/1UZCA_relaxed.pdb,0
s2648,1UZCA_Y49A,Mut,s2648/1UZCA/1UZCA_Y49A_relaxed.pdb,0
s2648,1UZCA_Y49F,WT,s2648/1UZCA/1UZCA_relaxed.pdb,0
s2648,1UZCA_Y49F,Mut,s2648/1UZCA/1UZCA_Y49F_relaxed.pdb,0
s2648,1UZCA_S50A,WT,s2648/1UZCA/1UZCA_relaxed.pdb,0
s2648,1UZCA_S50A,Mut,s2648/1UZCA/1UZCA_S50A_relaxed.pdb,0
s2648,1UZCA_S50G,WT,s2648/1UZCA/1UZCA_relaxed.pdb,0
s2648,1UZCA_S50G,Mut,s2648/1UZCA/1UZCA_S50G_relaxed.pdb,0
s2648,1UZCA_A51G,WT,s2648/1UZCA/1UZCA_relaxed.pdb,0
s2648,1UZCA_A51G,Mut,s2648/1UZCA/1UZCA_A51G_relaxed.pdb,0
s2648,1UZCA_L52A,WT,s2648/1UZCA/1UZCA_relaxed.pdb,0
s2648,1UZCA_L52A,Mut,s2648/1UZCA/1UZCA_L52A_relaxed.pdb,0
s2648,1UZCA_A53G,WT,s2648/1UZCA/1UZCA_relaxed.pdb,0
s2648,1UZCA_A53G,Mut,s2648/1UZCA/1UZCA_A53G_relaxed.pdb,0
s2648,1UZCA_S56G,WT,s2648/1UZCA/1UZCA_relaxed.pdb,0
s2648,1UZCA_S56G,Mut,s2648/1UZCA/1UZCA_S56G_relaxed.pdb,0
s2648,1UZCA_S56A,WT,s2648/1UZCA/1UZCA_relaxed.pdb,0
s2648,1UZCA_S56A,Mut,s2648/1UZCA/1UZCA_S56A_relaxed.pdb,0
s2648,1UZCA_K58A,WT,s2648/1UZCA/1UZCA_relaxed.pdb,0
s2648,1UZCA_K58A,Mut,s2648/1UZCA/1UZCA_K58A_relaxed.pdb,0
s2648,1UZCA_Q60A,WT,s2648/1UZCA/1UZCA_relaxed.pdb,0
s2648,1UZCA_Q60A,Mut,s2648/1UZCA/1UZCA_Q60A_relaxed.pdb,0
s2648,1UZCA_Q60G,WT,s2648/1UZCA/1UZCA_relaxed.pdb,0
s2648,1UZCA_Q60G,Mut,s2648/1UZCA/1UZCA_Q60G_relaxed.pdb,0
s2648,1UZCA_A61G,WT,s2648/1UZCA/1UZCA_relaxed.pdb,0
s2648,1UZCA_A61G,Mut,s2648/1UZCA/1UZCA_A61G_relaxed.pdb,0
s2648,1UZCA_A64G,WT,s2648/1UZCA/1UZCA_relaxed.pdb,0
s2648,1UZCA_A64G,Mut,s2648/1UZCA/1UZCA_A64G_relaxed.pdb,0
s2648,1UZCA_Y65F,WT,s2648/1UZCA/1UZCA_relaxed.pdb,0
s2648,1UZCA_Y65F,Mut,s2648/1UZCA/1UZCA_Y65F_relaxed.pdb,0
s2648,1UZCA_V67G,WT,s2648/1UZCA/1UZCA_relaxed.pdb,0
s2648,1UZCA_V67G,Mut,s2648/1UZCA/1UZCA_V67G_relaxed.pdb,0
s2648,1UZCA_V67A,WT,s2648/1UZCA/1UZCA_relaxed.pdb,0
s2648,1UZCA_V67A,Mut,s2648/1UZCA/1UZCA_V67A_relaxed.pdb,0
s2648,1VQBA_I6V,WT,s2648/1VQBA/1VQBA_relaxed.pdb,0
s2648,1VQBA_I6V,Mut,s2648/1VQBA/1VQBA_I6V_relaxed.pdb,0
s2648,1VQBA_F13T,WT,s2648/1VQBA/1VQBA_relaxed.pdb,0
s2648,1VQBA_F13T,Mut,s2648/1VQBA/1VQBA_F13T_relaxed.pdb,0
s2648,1VQBA_V19T,WT,s2648/1VQBA/1VQBA_relaxed.pdb,0
s2648,1VQBA_V19T,Mut,s2648/1VQBA/1VQBA_V19T_relaxed.pdb,0
s2648,1VQBA_V19C,WT,s2648/1VQBA/1VQBA_relaxed.pdb,0
s2648,1VQBA_V19C,Mut,s2648/1VQBA/1VQBA_V19C_relaxed.pdb,0
s2648,1VQBA_K24V,WT,s2648/1VQBA/1VQBA_relaxed.pdb,0
s2648,1VQBA_K24V,Mut,s2648/1VQBA/1VQBA_K24V_relaxed.pdb,0
s2648,1VQBA_Y26R,WT,s2648/1VQBA/1VQBA_relaxed.pdb,0
s2648,1VQBA_Y26R,Mut,s2648/1VQBA/1VQBA_Y26R_relaxed.pdb,0
s2648,1VQBA_L28V,WT,s2648/1VQBA/1VQBA_relaxed.pdb,0
s2648,1VQBA_L28V,Mut,s2648/1VQBA/1VQBA_L28V_relaxed.pdb,0
s2648,1VQBA_E30F,WT,s2648/1VQBA/1VQBA_relaxed.pdb,0
s2648,1VQBA_E30F,Mut,s2648/1VQBA/1VQBA_E30F_relaxed.pdb,0
s2648,1VQBA_E30N,WT,s2648/1VQBA/1VQBA_relaxed.pdb,0
s2648,1VQBA_E30N,Mut,s2648/1VQBA/1VQBA_E30N_relaxed.pdb,0
s2648,1VQBA_E30M,WT,s2648/1VQBA/1VQBA_relaxed.pdb,0
s2648,1VQBA_E30M,Mut,s2648/1VQBA/1VQBA_E30M_relaxed.pdb,0
s2648,1VQBA_L32W,WT,s2648/1VQBA/1VQBA_relaxed.pdb,0
s2648,1VQBA_L32W,Mut,s2648/1VQBA/1VQBA_L32W_relaxed.pdb,0
s2648,1VQBA_L32R,WT,s2648/1VQBA/1VQBA_relaxed.pdb,0
s2648,1VQBA_L32R,Mut,s2648/1VQBA/1VQBA_L32R_relaxed.pdb,0
s2648,1VQBA_L32Y,WT,s2648/1VQBA/1VQBA_relaxed.pdb,0
s2648,1VQBA_L32Y,Mut,s2648/1VQBA/1VQBA_L32Y_relaxed.pdb,0
s2648,1VQBA_L32H,WT,s2648/1VQBA/1VQBA_relaxed.pdb,0
s2648,1VQBA_L32H,Mut,s2648/1VQBA/1VQBA_L32H_relaxed.pdb,0
s2648,1VQBA_C33I,WT,s2648/1VQBA/1VQBA_relaxed.pdb,0
s2648,1VQBA_C33I,Mut,s2648/1VQBA/1VQBA_C33I_relaxed.pdb,0
s2648,1VQBA_C33M,WT,s2648/1VQBA/1VQBA_relaxed.pdb,0
s2648,1VQBA_C33M,Mut,s2648/1VQBA/1VQBA_C33M_relaxed.pdb,0
s2648,1VQBA_C33T,WT,s2648/1VQBA/1VQBA_relaxed.pdb,0
s2648,1VQBA_C33T,Mut,s2648/1VQBA/1VQBA_C33T_relaxed.pdb,0
s2648,1VQBA_C33A,WT,s2648/1VQBA/1VQBA_relaxed.pdb,0
s2648,1VQBA_C33A,Mut,s2648/1VQBA/1VQBA_C33A_relaxed.pdb,0
s2648,1VQBA_C33L,WT,s2648/1VQBA/1VQBA_relaxed.pdb,0
s2648,1VQBA_C33L,Mut,s2648/1VQBA/1VQBA_C33L_relaxed.pdb,0
s2648,1VQBA_C33S,WT,s2648/1VQBA/1VQBA_relaxed.pdb,0
s2648,1VQBA_C33S,Mut,s2648/1VQBA/1VQBA_C33S_relaxed.pdb,0
s2648,1VQBA_C33V,WT,s2648/1VQBA/1VQBA_relaxed.pdb,0
s2648,1VQBA_C33V,Mut,s2648/1VQBA/1VQBA_C33V_relaxed.pdb,0
s2648,1VQBA_V35A,WT,s2648/1VQBA/1VQBA_relaxed.pdb,0
s2648,1VQBA_V35A,Mut,s2648/1VQBA/1VQBA_V35A_relaxed.pdb,0
s2648,1VQBA_V35F,WT,s2648/1VQBA/1VQBA_relaxed.pdb,0
s2648,1VQBA_V35F,Mut,s2648/1VQBA/1VQBA_V35F_relaxed.pdb,0
s2648,1VQBA_V35L,WT,s2648/1VQBA/1VQBA_relaxed.pdb,0
s2648,1VQBA_V35L,Mut,s2648/1VQBA/1VQBA_V35L_relaxed.pdb,0
s2648,1VQBA_V35T,WT,s2648/1VQBA/1VQBA_relaxed.pdb,0
s2648,1VQBA_V35T,Mut,s2648/1VQBA/1VQBA_V35T_relaxed.pdb,0
s2648,1VQBA_V35C,WT,s2648/1VQBA/1VQBA_relaxed.pdb,0
s2648,1VQBA_V35C,Mut,s2648/1VQBA/1VQBA_V35C_relaxed.pdb,0
s2648,1VQBA_V35I,WT,s2648/1VQBA/1VQBA_relaxed.pdb,0
s2648,1VQBA_V35I,Mut,s2648/1VQBA/1VQBA_V35I_relaxed.pdb,0
s2648,1VQBA_V35M,WT,s2648/1VQBA/1VQBA_relaxed.pdb,0
s2648,1VQBA_V35M,Mut,s2648/1VQBA/1VQBA_V35M_relaxed.pdb,0
s2648,1VQBA_D36N,WT,s2648/1VQBA/1VQBA_relaxed.pdb,0
s2648,1VQBA_D36N,Mut,s2648/1VQBA/1VQBA_D36N_relaxed.pdb,0
s2648,1VQBA_D36C,WT,s2648/1VQBA/1VQBA_relaxed.pdb,0
s2648,1VQBA_D36C,Mut,s2648/1VQBA/1VQBA_D36C_relaxed.pdb,0
s2648,1VQBA_L37C,WT,s2648/1VQBA/1VQBA_relaxed.pdb,0
s2648,1VQBA_L37C,Mut,s2648/1VQBA/1VQBA_L37C_relaxed.pdb,0
s2648,1VQBA_L37T,WT,s2648/1VQBA/1VQBA_relaxed.pdb,0
s2648,1VQBA_L37T,Mut,s2648/1VQBA/1VQBA_L37T_relaxed.pdb,0
s2648,1VQBA_L37A,WT,s2648/1VQBA/1VQBA_relaxed.pdb,0
s2648,1VQBA_L37A,Mut,s2648/1VQBA/1VQBA_L37A_relaxed.pdb,0
s2648,1VQBA_L37I,WT,s2648/1VQBA/1VQBA_relaxed.pdb,0
s2648,1VQBA_L37I,Mut,s2648/1VQBA/1VQBA_L37I_relaxed.pdb,0
s2648,1VQBA_L37V,WT,s2648/1VQBA/1VQBA_relaxed.pdb,0
s2648,1VQBA_L37V,Mut,s2648/1VQBA/1VQBA_L37V_relaxed.pdb,0
s2648,1VQBA_E40C,WT,s2648/1VQBA/1VQBA_relaxed.pdb,0
s2648,1VQBA_E40C,Mut,s2648/1VQBA/1VQBA_E40C_relaxed.pdb,0
s2648,1VQBA_E40T,WT,s2648/1VQBA/1VQBA_relaxed.pdb,0
s2648,1VQBA_E40T,Mut,s2648/1VQBA/1VQBA_E40T_relaxed.pdb,0
s2648,1VQBA_Y41A,WT,s2648/1VQBA/1VQBA_relaxed.pdb,0
s2648,1VQBA_Y41A,Mut,s2648/1VQBA/1VQBA_Y41A_relaxed.pdb,0
s2648,1VQBA_Y41F,WT,s2648/1VQBA/1VQBA_relaxed.pdb,0
s2648,1VQBA_Y41F,Mut,s2648/1VQBA/1VQBA_Y41F_relaxed.pdb,0
s2648,1VQBA_V43C,WT,s2648/1VQBA/1VQBA_relaxed.pdb,0
s2648,1VQBA_V43C,Mut,s2648/1VQBA/1VQBA_V43C_relaxed.pdb,0
s2648,1VQBA_V43T,WT,s2648/1VQBA/1VQBA_relaxed.pdb,0
s2648,1VQBA_V43T,Mut,s2648/1VQBA/1VQBA_V43T_relaxed.pdb,0
s2648,1VQBA_V45A,WT,s2648/1VQBA/1VQBA_relaxed.pdb,0
s2648,1VQBA_V45A,Mut,s2648/1VQBA/1VQBA_V45A_relaxed.pdb,0
s2648,1VQBA_V45L,WT,s2648/1VQBA/1VQBA_relaxed.pdb,0
s2648,1VQBA_V45L,Mut,s2648/1VQBA/1VQBA_V45L_relaxed.pdb,0
s2648,1VQBA_V45C,WT,s2648/1VQBA/1VQBA_relaxed.pdb,0
s2648,1VQBA_V45C,Mut,s2648/1VQBA/1VQBA_V45C_relaxed.pdb,0
s2648,1VQBA_V45T,WT,s2648/1VQBA/1VQBA_relaxed.pdb,0
s2648,1VQBA_V45T,Mut,s2648/1VQBA/1VQBA_V45T_relaxed.pdb,0
s2648,1VQBA_I47A,WT,s2648/1VQBA/1VQBA_relaxed.pdb,0
s2648,1VQBA_I47A,Mut,s2648/1VQBA/1VQBA_I47A_relaxed.pdb,0
s2648,1VQBA_I47F,WT,s2648/1VQBA/1VQBA_relaxed.pdb,0
s2648,1VQBA_I47F,Mut,s2648/1VQBA/1VQBA_I47F_relaxed.pdb,0
s2648,1VQBA_I47M,WT,s2648/1VQBA/1VQBA_relaxed.pdb,0
s2648,1VQBA_I47M,Mut,s2648/1VQBA/1VQBA_I47M_relaxed.pdb,0
s2648,1VQBA_I47V,WT,s2648/1VQBA/1VQBA_relaxed.pdb,0
s2648,1VQBA_I47V,Mut,s2648/1VQBA/1VQBA_I47V_relaxed.pdb,0
s2648,1VQBA_I47C,WT,s2648/1VQBA/1VQBA_relaxed.pdb,0
s2648,1VQBA_I47C,Mut,s2648/1VQBA/1VQBA_I47C_relaxed.pdb,0
s2648,1VQBA_I47L,WT,s2648/1VQBA/1VQBA_relaxed.pdb,0
s2648,1VQBA_I47L,Mut,s2648/1VQBA/1VQBA_I47L_relaxed.pdb,0
s2648,1VQBA_I47T,WT,s2648/1VQBA/1VQBA_relaxed.pdb,0
s2648,1VQBA_I47T,Mut,s2648/1VQBA/1VQBA_I47T_relaxed.pdb,0
s2648,1VQBA_T48V,WT,s2648/1VQBA/1VQBA_relaxed.pdb,0
s2648,1VQBA_T48V,Mut,s2648/1VQBA/1VQBA_T48V_relaxed.pdb,0
s2648,1VQBA_T48C,WT,s2648/1VQBA/1VQBA_relaxed.pdb,0
s2648,1VQBA_T48C,Mut,s2648/1VQBA/1VQBA_T48C_relaxed.pdb,0
s2648,1VQBA_L49C,WT,s2648/1VQBA/1VQBA_relaxed.pdb,0
s2648,1VQBA_L49C,Mut,s2648/1VQBA/1VQBA_L49C_relaxed.pdb,0
s2648,1VQBA_L49T,WT,s2648/1VQBA/1VQBA_relaxed.pdb,0
s2648,1VQBA_L49T,Mut,s2648/1VQBA/1VQBA_L49T_relaxed.pdb,0
s2648,1VQBA_L49A,WT,s2648/1VQBA/1VQBA_relaxed.pdb,0
s2648,1VQBA_L49A,Mut,s2648/1VQBA/1VQBA_L49A_relaxed.pdb,0
s2648,1VQBA_L49I,WT,s2648/1VQBA/1VQBA_relaxed.pdb,0
s2648,1VQBA_L49I,Mut,s2648/1VQBA/1VQBA_L49I_relaxed.pdb,0
s2648,1VQBA_L49V,WT,s2648/1VQBA/1VQBA_relaxed.pdb,0
s2648,1VQBA_L49V,Mut,s2648/1VQBA/1VQBA_L49V_relaxed.pdb,0
s2648,1VQBA_D50H,WT,s2648/1VQBA/1VQBA_relaxed.pdb,0
s2648,1VQBA_D50H,Mut,s2648/1VQBA/1VQBA_D50H_relaxed.pdb,0
s2648,1VQBA_T62V,WT,s2648/1VQBA/1VQBA_relaxed.pdb,0
s2648,1VQBA_T62V,Mut,s2648/1VQBA/1VQBA_T62V_relaxed.pdb,0
s2648,1VQBA_T62C,WT,s2648/1VQBA/1VQBA_relaxed.pdb,0
s2648,1VQBA_T62C,Mut,s2648/1VQBA/1VQBA_T62C_relaxed.pdb,0
s2648,1VQBA_V63T,WT,s2648/1VQBA/1VQBA_relaxed.pdb,0
s2648,1VQBA_V63T,Mut,s2648/1VQBA/1VQBA_V63T_relaxed.pdb,0
s2648,1VQBA_V63C,WT,s2648/1VQBA/1VQBA_relaxed.pdb,0
s2648,1VQBA_V63C,Mut,s2648/1VQBA/1VQBA_V63C_relaxed.pdb,0
s2648,1VQBA_H64C,WT,s2648/1VQBA/1VQBA_relaxed.pdb,0
s2648,1VQBA_H64C,Mut,s2648/1VQBA/1VQBA_H64C_relaxed.pdb,0
s2648,1VQBA_S67C,WT,s2648/1VQBA/1VQBA_relaxed.pdb,0
s2648,1VQBA_S67C,Mut,s2648/1VQBA/1VQBA_S67C_relaxed.pdb,0
s2648,1VQBA_S67T,WT,s2648/1VQBA/1VQBA_relaxed.pdb,0
s2648,1VQBA_S67T,Mut,s2648/1VQBA/1VQBA_S67T_relaxed.pdb,0
s2648,1VQBA_F68L,WT,s2648/1VQBA/1VQBA_relaxed.pdb,0
s2648,1VQBA_F68L,Mut,s2648/1VQBA/1VQBA_F68L_relaxed.pdb,0
s2648,1VQBA_F68V,WT,s2648/1VQBA/1VQBA_relaxed.pdb,0
s2648,1VQBA_F68V,Mut,s2648/1VQBA/1VQBA_F68V_relaxed.pdb,0
s2648,1VQBA_K69H,WT,s2648/1VQBA/1VQBA_relaxed.pdb,0
s2648,1VQBA_K69H,Mut,s2648/1VQBA/1VQBA_K69H_relaxed.pdb,0
s2648,1VQBA_K69M,WT,s2648/1VQBA/1VQBA_relaxed.pdb,0
s2648,1VQBA_K69M,Mut,s2648/1VQBA/1VQBA_K69M_relaxed.pdb,0
s2648,1VQBA_V70C,WT,s2648/1VQBA/1VQBA_relaxed.pdb,0
s2648,1VQBA_V70C,Mut,s2648/1VQBA/1VQBA_V70C_relaxed.pdb,0
s2648,1VQBA_V70T,WT,s2648/1VQBA/1VQBA_relaxed.pdb,0
s2648,1VQBA_V70T,Mut,s2648/1VQBA/1VQBA_V70T_relaxed.pdb,0
s2648,1VQBA_F73W,WT,s2648/1VQBA/1VQBA_relaxed.pdb,0
s2648,1VQBA_F73W,Mut,s2648/1VQBA/1VQBA_F73W_relaxed.pdb,0
s2648,1VQBA_M77C,WT,s2648/1VQBA/1VQBA_relaxed.pdb,0
s2648,1VQBA_M77C,Mut,s2648/1VQBA/1VQBA_M77C_relaxed.pdb,0
s2648,1VQBA_M77I,WT,s2648/1VQBA/1VQBA_relaxed.pdb,0
s2648,1VQBA_M77I,Mut,s2648/1VQBA/1VQBA_M77I_relaxed.pdb,0
s2648,1VQBA_M77T,WT,s2648/1VQBA/1VQBA_relaxed.pdb,0
s2648,1VQBA_M77T,Mut,s2648/1VQBA/1VQBA_M77T_relaxed.pdb,0
s2648,1VQBA_M77A,WT,s2648/1VQBA/1VQBA_relaxed.pdb,0
s2648,1VQBA_M77A,Mut,s2648/1VQBA/1VQBA_M77A_relaxed.pdb,0
s2648,1VQBA_M77F,WT,s2648/1VQBA/1VQBA_relaxed.pdb,0
s2648,1VQBA_M77F,Mut,s2648/1VQBA/1VQBA_M77F_relaxed.pdb,0
s2648,1VQBA_M77L,WT,s2648/1VQBA/1VQBA_relaxed.pdb,0
s2648,1VQBA_M77L,Mut,s2648/1VQBA/1VQBA_M77L_relaxed.pdb,0
s2648,1VQBA_M77V,WT,s2648/1VQBA/1VQBA_relaxed.pdb,0
s2648,1VQBA_M77V,Mut,s2648/1VQBA/1VQBA_M77V_relaxed.pdb,0
s2648,1VQBA_I78C,WT,s2648/1VQBA/1VQBA_relaxed.pdb,0
s2648,1VQBA_I78C,Mut,s2648/1VQBA/1VQBA_I78C_relaxed.pdb,0
s2648,1VQBA_I78V,WT,s2648/1VQBA/1VQBA_relaxed.pdb,0
s2648,1VQBA_I78V,Mut,s2648/1VQBA/1VQBA_I78V_relaxed.pdb,0
s2648,1VQBA_I78T,WT,s2648/1VQBA/1VQBA_relaxed.pdb,0
s2648,1VQBA_I78T,Mut,s2648/1VQBA/1VQBA_I78T_relaxed.pdb,0
s2648,1VQBA_L81T,WT,s2648/1VQBA/1VQBA_relaxed.pdb,0
s2648,1VQBA_L81T,Mut,s2648/1VQBA/1VQBA_L81T_relaxed.pdb,0
s2648,1VQBA_L81C,WT,s2648/1VQBA/1VQBA_relaxed.pdb,0
s2648,1VQBA_L81C,Mut,s2648/1VQBA/1VQBA_L81C_relaxed.pdb,0
s2648,1VQBA_L81V,WT,s2648/1VQBA/1VQBA_relaxed.pdb,0
s2648,1VQBA_L81V,Mut,s2648/1VQBA/1VQBA_L81V_relaxed.pdb,0
s2648,1VQBA_R82C,WT,s2648/1VQBA/1VQBA_relaxed.pdb,0
s2648,1VQBA_R82C,Mut,s2648/1VQBA/1VQBA_R82C_relaxed.pdb,0
s2648,1VQBA_A86V,WT,s2648/1VQBA/1VQBA_relaxed.pdb,0
s2648,1VQBA_A86V,Mut,s2648/1VQBA/1VQBA_A86V_relaxed.pdb,0
s2648,1VQBA_A86T,WT,s2648/1VQBA/1VQBA_relaxed.pdb,0
s2648,1VQBA_A86T,Mut,s2648/1VQBA/1VQBA_A86T_relaxed.pdb,0
s2648,1WITA_Y73F,WT,s2648/1WITA/1WITA_relaxed.pdb,0
s2648,1WITA_Y73F,Mut,s2648/1WITA/1WITA_Y73F_relaxed.pdb,0
s2648,1WQ5A_F22L,WT,s2648/1WQ5A/1WQ5A_relaxed.pdb,0
s2648,1WQ5A_F22L,Mut,s2648/1WQ5A/1WQ5A_F22L_relaxed.pdb,0
s2648,1WQ5A_I37A,WT,s2648/1WQ5A/1WQ5A_relaxed.pdb,0
s2648,1WQ5A_I37A,Mut,s2648/1WQ5A/1WQ5A_I37A_relaxed.pdb,0
s2648,1WQ5A_E49A,WT,s2648/1WQ5A/1WQ5A_relaxed.pdb,0
s2648,1WQ5A_E49A,Mut,s2648/1WQ5A/1WQ5A_E49A_relaxed.pdb,0
s2648,1WQ5A_E49D,WT,s2648/1WQ5A/1WQ5A_relaxed.pdb,0
s2648,1WQ5A_E49D,Mut,s2648/1WQ5A/1WQ5A_E49D_relaxed.pdb,0
s2648,1WQ5A_E49G,WT,s2648/1WQ5A/1WQ5A_relaxed.pdb,0
s2648,1WQ5A_E49G,Mut,s2648/1WQ5A/1WQ5A_E49G_relaxed.pdb,0
s2648,1WQ5A_E49I,WT,s2648/1WQ5A/1WQ5A_relaxed.pdb,0
s2648,1WQ5A_E49I,Mut,s2648/1WQ5A/1WQ5A_E49I_relaxed.pdb,0
s2648,1WQ5A_E49L,WT,s2648/1WQ5A/1WQ5A_relaxed.pdb,0
s2648,1WQ5A_E49L,Mut,s2648/1WQ5A/1WQ5A_E49L_relaxed.pdb,0
s2648,1WQ5A_E49N,WT,s2648/1WQ5A/1WQ5A_relaxed.pdb,0
s2648,1WQ5A_E49N,Mut,s2648/1WQ5A/1WQ5A_E49N_relaxed.pdb,0
s2648,1WQ5A_E49S,WT,s2648/1WQ5A/1WQ5A_relaxed.pdb,0
s2648,1WQ5A_E49S,Mut,s2648/1WQ5A/1WQ5A_E49S_relaxed.pdb,0
s2648,1WQ5A_E49V,WT,s2648/1WQ5A/1WQ5A_relaxed.pdb,0
s2648,1WQ5A_E49V,Mut,s2648/1WQ5A/1WQ5A_E49V_relaxed.pdb,0
s2648,1WQ5A_E49Y,WT,s2648/1WQ5A/1WQ5A_relaxed.pdb,0
s2648,1WQ5A_E49Y,Mut,s2648/1WQ5A/1WQ5A_E49Y_relaxed.pdb,0
s2648,1WQ5A_E49C,WT,s2648/1WQ5A/1WQ5A_relaxed.pdb,0
s2648,1WQ5A_E49C,Mut,s2648/1WQ5A/1WQ5A_E49C_relaxed.pdb,0
s2648,1WQ5A_E49F,WT,s2648/1WQ5A/1WQ5A_relaxed.pdb,0
s2648,1WQ5A_E49F,Mut,s2648/1WQ5A/1WQ5A_E49F_relaxed.pdb,0
s2648,1WQ5A_E49H,WT,s2648/1WQ5A/1WQ5A_relaxed.pdb,0
s2648,1WQ5A_E49H,Mut,s2648/1WQ5A/1WQ5A_E49H_relaxed.pdb,0
s2648,1WQ5A_E49K,WT,s2648/1WQ5A/1WQ5A_relaxed.pdb,0
s2648,1WQ5A_E49K,Mut,s2648/1WQ5A/1WQ5A_E49K_relaxed.pdb,0
s2648,1WQ5A_E49M,WT,s2648/1WQ5A/1WQ5A_relaxed.pdb,0
s2648,1WQ5A_E49M,Mut,s2648/1WQ5A/1WQ5A_E49M_relaxed.pdb,0
s2648,1WQ5A_E49Q,WT,s2648/1WQ5A/1WQ5A_relaxed.pdb,0
s2648,1WQ5A_E49Q,Mut,s2648/1WQ5A/1WQ5A_E49Q_relaxed.pdb,0
s2648,1WQ5A_E49T,WT,s2648/1WQ5A/1WQ5A_relaxed.pdb,0
s2648,1WQ5A_E49T,Mut,s2648/1WQ5A/1WQ5A_E49T_relaxed.pdb,0
s2648,1WQ5A_E49W,WT,s2648/1WQ5A/1WQ5A_relaxed.pdb,0
s2648,1WQ5A_E49W,Mut,s2648/1WQ5A/1WQ5A_E49W_relaxed.pdb,0
s2648,1WQ5A_L50A,WT,s2648/1WQ5A/1WQ5A_relaxed.pdb,0
s2648,1WQ5A_L50A,Mut,s2648/1WQ5A/1WQ5A_L50A_relaxed.pdb,0
s2648,1WQ5A_C81A,WT,s2648/1WQ5A/1WQ5A_relaxed.pdb,0
s2648,1WQ5A_C81A,Mut,s2648/1WQ5A/1WQ5A_C81A_relaxed.pdb,0
s2648,1WQ5A_C81S,WT,s2648/1WQ5A/1WQ5A_relaxed.pdb,0
s2648,1WQ5A_C81S,Mut,s2648/1WQ5A/1WQ5A_C81S_relaxed.pdb,0
s2648,1WQ5A_C81G,WT,s2648/1WQ5A/1WQ5A_relaxed.pdb,0
s2648,1WQ5A_C81G,Mut,s2648/1WQ5A/1WQ5A_C81G_relaxed.pdb,0
s2648,1WQ5A_C81V,WT,s2648/1WQ5A/1WQ5A_relaxed.pdb,0
s2648,1WQ5A_C81V,Mut,s2648/1WQ5A/1WQ5A_C81V_relaxed.pdb,0
s2648,1WQ5A_L99A,WT,s2648/1WQ5A/1WQ5A_relaxed.pdb,0
s2648,1WQ5A_L99A,Mut,s2648/1WQ5A/1WQ5A_L99A_relaxed.pdb,0
s2648,1WQ5A_C118S,WT,s2648/1WQ5A/1WQ5A_relaxed.pdb,0
s2648,1WQ5A_C118S,Mut,s2648/1WQ5A/1WQ5A_C118S_relaxed.pdb,0
s2648,1WQ5A_C118A,WT,s2648/1WQ5A/1WQ5A_relaxed.pdb,0
s2648,1WQ5A_C118A,Mut,s2648/1WQ5A/1WQ5A_C118A_relaxed.pdb,0
s2648,1WQ5A_C118V,WT,s2648/1WQ5A/1WQ5A_relaxed.pdb,0
s2648,1WQ5A_C118V,Mut,s2648/1WQ5A/1WQ5A_C118V_relaxed.pdb,0
s2648,1WQ5A_L127A,WT,s2648/1WQ5A/1WQ5A_relaxed.pdb,0
s2648,1WQ5A_L127A,Mut,s2648/1WQ5A/1WQ5A_L127A_relaxed.pdb,0
s2648,1WQ5A_F139W,WT,s2648/1WQ5A/1WQ5A_relaxed.pdb,0
s2648,1WQ5A_F139W,Mut,s2648/1WQ5A/1WQ5A_F139W_relaxed.pdb,0
s2648,1WQ5A_C154A,WT,s2648/1WQ5A/1WQ5A_relaxed.pdb,0
s2648,1WQ5A_C154A,Mut,s2648/1WQ5A/1WQ5A_C154A_relaxed.pdb,0
s2648,1WQ5A_C154V,WT,s2648/1WQ5A/1WQ5A_relaxed.pdb,0
s2648,1WQ5A_C154V,Mut,s2648/1WQ5A/1WQ5A_C154V_relaxed.pdb,0
s2648,1WQ5A_C154S,WT,s2648/1WQ5A/1WQ5A_relaxed.pdb,0
s2648,1WQ5A_C154S,Mut,s2648/1WQ5A/1WQ5A_C154S_relaxed.pdb,0
s2648,1WQ5A_Y175C,WT,s2648/1WQ5A/1WQ5A_relaxed.pdb,0
s2648,1WQ5A_Y175C,Mut,s2648/1WQ5A/1WQ5A_Y175C_relaxed.pdb,0
s2648,1WQ5A_L176A,WT,s2648/1WQ5A/1WQ5A_relaxed.pdb,0
s2648,1WQ5A_L176A,Mut,s2648/1WQ5A/1WQ5A_L176A_relaxed.pdb,0
s2648,1WQ5A_G211E,WT,s2648/1WQ5A/1WQ5A_relaxed.pdb,0
s2648,1WQ5A_G211E,Mut,s2648/1WQ5A/1WQ5A_G211E_relaxed.pdb,0
s2648,1WQ5A_G211S,WT,s2648/1WQ5A/1WQ5A_relaxed.pdb,0
s2648,1WQ5A_G211S,Mut,s2648/1WQ5A/1WQ5A_G211S_relaxed.pdb,0
s2648,1WQ5A_G211W,WT,s2648/1WQ5A/1WQ5A_relaxed.pdb,0
s2648,1WQ5A_G211W,Mut,s2648/1WQ5A/1WQ5A_G211W_relaxed.pdb,0
s2648,1WQ5A_G211D,WT,s2648/1WQ5A/1WQ5A_relaxed.pdb,0
s2648,1WQ5A_G211D,Mut,s2648/1WQ5A/1WQ5A_G211D_relaxed.pdb,0
s2648,1WQ5A_G211R,WT,s2648/1WQ5A/1WQ5A_relaxed.pdb,0
s2648,1WQ5A_G211R,Mut,s2648/1WQ5A/1WQ5A_G211R_relaxed.pdb,0
s2648,1WQ5A_G211V,WT,s2648/1WQ5A/1WQ5A_relaxed.pdb,0
s2648,1WQ5A_G211V,Mut,s2648/1WQ5A/1WQ5A_G211V_relaxed.pdb,0
s2648,1WQ5A_G234K,WT,s2648/1WQ5A/1WQ5A_relaxed.pdb,0
s2648,1WQ5A_G234K,Mut,s2648/1WQ5A/1WQ5A_G234K_relaxed.pdb,0
s2648,1WQ5A_G234D,WT,s2648/1WQ5A/1WQ5A_relaxed.pdb,0
s2648,1WQ5A_G234D,Mut,s2648/1WQ5A/1WQ5A_G234D_relaxed.pdb,0
s2648,1WQ5A_F258W,WT,s2648/1WQ5A/1WQ5A_relaxed.pdb,0
s2648,1WQ5A_F258W,Mut,s2648/1WQ5A/1WQ5A_F258W_relaxed.pdb,0
s2648,1YU5X_H41Y,WT,s2648/1YU5X/1YU5X_relaxed.pdb,0
s2648,1YU5X_H41Y,Mut,s2648/1YU5X/1YU5X_H41Y_relaxed.pdb,0
s2648,1YYJA_L3A,WT,s2648/1YYJA/1YYJA_relaxed.pdb,0
s2648,1YYJA_L3A,Mut,s2648/1YYJA/1YYJA_L3A_relaxed.pdb,0
s2648,1YYJA_W7M,WT,s2648/1YYJA/1YYJA_relaxed.pdb,0
s2648,1YYJA_W7M,Mut,s2648/1YYJA/1YYJA_W7M_relaxed.pdb,0
s2648,1YYJA_L10A,WT,s2648/1YYJA/1YYJA_relaxed.pdb,0
s2648,1YYJA_L10A,Mut,s2648/1YYJA/1YYJA_L10A_relaxed.pdb,0
s2648,1YYJA_L14A,WT,s2648/1YYJA/1YYJA_relaxed.pdb,0
s2648,1YYJA_L14A,Mut,s2648/1YYJA/1YYJA_L14A_relaxed.pdb,0
s2648,1YYJA_K15A,WT,s2648/1YYJA/1YYJA_relaxed.pdb,0
s2648,1YYJA_K15A,Mut,s2648/1YYJA/1YYJA_K15A_relaxed.pdb,0
s2648,1YYJA_I17A,WT,s2648/1YYJA/1YYJA_relaxed.pdb,0
s2648,1YYJA_I17A,Mut,s2648/1YYJA/1YYJA_I17A_relaxed.pdb,0
s2648,1YYJA_E18A,WT,s2648/1YYJA/1YYJA_relaxed.pdb,0
s2648,1YYJA_E18A,Mut,s2648/1YYJA/1YYJA_E18A_relaxed.pdb,0
s2648,1YYJA_A20G,WT,s2648/1YYJA/1YYJA_relaxed.pdb,0
s2648,1YYJA_A20G,Mut,s2648/1YYJA/1YYJA_A20G_relaxed.pdb,0
s2648,1YYJA_A23G,WT,s2648/1YYJA/1YYJA_relaxed.pdb,0
s2648,1YYJA_A23G,Mut,s2648/1YYJA/1YYJA_A23G_relaxed.pdb,0
s2648,1YYJA_K27A,WT,s2648/1YYJA/1YYJA_relaxed.pdb,0
s2648,1YYJA_K27A,Mut,s2648/1YYJA/1YYJA_K27A_relaxed.pdb,0
s2648,1YYJA_K27G,WT,s2648/1YYJA/1YYJA_relaxed.pdb,0
s2648,1YYJA_K27G,Mut,s2648/1YYJA/1YYJA_K27G_relaxed.pdb,0
s2648,1YYJA_L30A,WT,s2648/1YYJA/1YYJA_relaxed.pdb,0
s2648,1YYJA_L30A,Mut,s2648/1YYJA/1YYJA_L30A_relaxed.pdb,0
s2648,1YYJA_M33A,WT,s2648/1YYJA/1YYJA_relaxed.pdb,0
s2648,1YYJA_M33A,Mut,s2648/1YYJA/1YYJA_M33A_relaxed.pdb,0
s2648,1YYJA_R34A,WT,s2648/1YYJA/1YYJA_relaxed.pdb,0
s2648,1YYJA_R34A,Mut,s2648/1YYJA/1YYJA_R34A_relaxed.pdb,0
s2648,1YYJA_R34G,WT,s2648/1YYJA/1YYJA_relaxed.pdb,0
s2648,1YYJA_R34G,Mut,s2648/1YYJA/1YYJA_R34G_relaxed.pdb,0
s2648,1YYJA_A36G,WT,s2648/1YYJA/1YYJA_relaxed.pdb,0
s2648,1YYJA_A36G,Mut,s2648/1YYJA/1YYJA_A36G_relaxed.pdb,0
s2648,1YYJA_A37G,WT,s2648/1YYJA/1YYJA_relaxed.pdb,0
s2648,1YYJA_A37G,Mut,s2648/1YYJA/1YYJA_A37G_relaxed.pdb,0
s2648,1YYJA_L38G,WT,s2648/1YYJA/1YYJA_relaxed.pdb,0
s2648,1YYJA_L38G,Mut,s2648/1YYJA/1YYJA_L38G_relaxed.pdb,0
s2648,1YYJA_A40G,WT,s2648/1YYJA/1YYJA_relaxed.pdb,0
s2648,1YYJA_A40G,Mut,s2648/1YYJA/1YYJA_A40G_relaxed.pdb,0
s2648,1YYJA_L48A,WT,s2648/1YYJA/1YYJA_relaxed.pdb,0
s2648,1YYJA_L48A,Mut,s2648/1YYJA/1YYJA_L48A_relaxed.pdb,0
s2648,1YYJA_K51G,WT,s2648/1YYJA/1YYJA_relaxed.pdb,0
s2648,1YYJA_K51G,Mut,s2648/1YYJA/1YYJA_K51G_relaxed.pdb,0
s2648,1YYJA_M58A,WT,s2648/1YYJA/1YYJA_relaxed.pdb,0
s2648,1YYJA_M58A,Mut,s2648/1YYJA/1YYJA_M58A_relaxed.pdb,0
s2648,1YYJA_F61A,WT,s2648/1YYJA/1YYJA_relaxed.pdb,0
s2648,1YYJA_F61A,Mut,s2648/1YYJA/1YYJA_F61A_relaxed.pdb,0
s2648,1YYJA_F65A,WT,s2648/1YYJA/1YYJA_relaxed.pdb,0
s2648,1YYJA_F65A,Mut,s2648/1YYJA/1YYJA_F65A_relaxed.pdb,0
s2648,1YYJA_L68A,WT,s2648/1YYJA/1YYJA_relaxed.pdb,0
s2648,1YYJA_L68A,Mut,s2648/1YYJA/1YYJA_L68A_relaxed.pdb,0
s2648,1YYJA_V69G,WT,s2648/1YYJA/1YYJA_relaxed.pdb,0
s2648,1YYJA_V69G,Mut,s2648/1YYJA/1YYJA_V69G_relaxed.pdb,0
s2648,1YYJA_I72A,WT,s2648/1YYJA/1YYJA_relaxed.pdb,0
s2648,1YYJA_I72A,Mut,s2648/1YYJA/1YYJA_I72A_relaxed.pdb,0
s2648,1YYJA_D73A,WT,s2648/1YYJA/1YYJA_relaxed.pdb,0
s2648,1YYJA_D73A,Mut,s2648/1YYJA/1YYJA_D73A_relaxed.pdb,0
s2648,1YYJA_L76A,WT,s2648/1YYJA/1YYJA_relaxed.pdb,0
s2648,1YYJA_L76A,Mut,s2648/1YYJA/1YYJA_L76A_relaxed.pdb,0
s2648,1YYJA_V84A,WT,s2648/1YYJA/1YYJA_relaxed.pdb,0
s2648,1YYJA_V84A,Mut,s2648/1YYJA/1YYJA_V84A_relaxed.pdb,0
s2648,1YYJA_A87G,WT,s2648/1YYJA/1YYJA_relaxed.pdb,0
s2648,1YYJA_A87G,Mut,s2648/1YYJA/1YYJA_A87G_relaxed.pdb,0
s2648,1YYJA_A90G,WT,s2648/1YYJA/1YYJA_relaxed.pdb,0
s2648,1YYJA_A90G,Mut,s2648/1YYJA/1YYJA_A90G_relaxed.pdb,0
s2648,1YYJA_A91G,WT,s2648/1YYJA/1YYJA_relaxed.pdb,0
s2648,1YYJA_A91G,Mut,s2648/1YYJA/1YYJA_A91G_relaxed.pdb,0
s2648,1YYJA_L94A,WT,s2648/1YYJA/1YYJA_relaxed.pdb,0
s2648,1YYJA_L94A,Mut,s2648/1YYJA/1YYJA_L94A_relaxed.pdb,0
s2648,1YYJA_I98A,WT,s2648/1YYJA/1YYJA_relaxed.pdb,0
s2648,1YYJA_I98A,Mut,s2648/1YYJA/1YYJA_I98A_relaxed.pdb,0
s2648,1YYJA_Y101A,WT,s2648/1YYJA/1YYJA_relaxed.pdb,0
s2648,1YYJA_Y101A,Mut,s2648/1YYJA/1YYJA_Y101A_relaxed.pdb,0
s2648,1YYJA_Y105A,WT,s2648/1YYJA/1YYJA_relaxed.pdb,0
s2648,1YYJA_Y105A,Mut,s2648/1YYJA/1YYJA_Y105A_relaxed.pdb,0
s2648,1ZG4A_C77S,WT,s2648/1ZG4A/1ZG4A_relaxed.pdb,0
s2648,1ZG4A_C77S,Mut,s2648/1ZG4A/1ZG4A_C77S_relaxed.pdb,0
s2648,1ZG4A_W290F,WT,s2648/1ZG4A/1ZG4A_relaxed.pdb,0
s2648,1ZG4A_W290F,Mut,s2648/1ZG4A/1ZG4A_W290F_relaxed.pdb,0
s2648,1ZNJB_S9D,WT,s2648/1ZNJB/1ZNJB_relaxed.pdb,0
s2648,1ZNJB_S9D,Mut,s2648/1ZNJB/1ZNJB_S9D_relaxed.pdb,0
s2648,1ZNJB_H10E,WT,s2648/1ZNJB/1ZNJB_relaxed.pdb,0
s2648,1ZNJB_H10E,Mut,s2648/1ZNJB/1ZNJB_H10E_relaxed.pdb,0
s2648,1ZNJB_H10D,WT,s2648/1ZNJB/1ZNJB_relaxed.pdb,0
s2648,1ZNJB_H10D,Mut,s2648/1ZNJB/1ZNJB_H10D_relaxed.pdb,0
s2648,1ZNJB_H10T,WT,s2648/1ZNJB/1ZNJB_relaxed.pdb,0
s2648,1ZNJB_H10T,Mut,s2648/1ZNJB/1ZNJB_H10T_relaxed.pdb,0
s2648,1ZNJB_F25D,WT,s2648/1ZNJB/1ZNJB_relaxed.pdb,0
s2648,1ZNJB_F25D,Mut,s2648/1ZNJB/1ZNJB_F25D_relaxed.pdb,0
s2648,1ZNJB_F25H,WT,s2648/1ZNJB/1ZNJB_relaxed.pdb,0
s2648,1ZNJB_F25H,Mut,s2648/1ZNJB/1ZNJB_F25H_relaxed.pdb,0
s2648,1ZNJB_Y26T,WT,s2648/1ZNJB/1ZNJB_relaxed.pdb,0
s2648,1ZNJB_Y26T,Mut,s2648/1ZNJB/1ZNJB_Y26T_relaxed.pdb,0
s2648,1ZNJB_K29G,WT,s2648/1ZNJB/1ZNJB_relaxed.pdb,0
s2648,1ZNJB_K29G,Mut,s2648/1ZNJB/1ZNJB_K29G_relaxed.pdb,0
s2648,2A01A_L141R,WT,s2648/2A01A/2A01A_relaxed.pdb,0
s2648,2A01A_L141R,Mut,s2648/2A01A/2A01A_L141R_relaxed.pdb,0
s2648,2A36A_T22D,WT,s2648/2A36A/2A36A_relaxed.pdb,0
s2648,2A36A_T22D,Mut,s2648/2A36A/2A36A_T22D_relaxed.pdb,0
s2648,2A36A_T22G,WT,s2648/2A36A/2A36A_relaxed.pdb,0
s2648,2A36A_T22G,Mut,s2648/2A36A/2A36A_T22G_relaxed.pdb,0
s2648,2A36A_T22L,WT,s2648/2A36A/2A36A_relaxed.pdb,0
s2648,2A36A_T22L,Mut,s2648/2A36A/2A36A_T22L_relaxed.pdb,0
s2648,2A36A_T22S,WT,s2648/2A36A/2A36A_relaxed.pdb,0
s2648,2A36A_T22S,Mut,s2648/2A36A/2A36A_T22S_relaxed.pdb,0
s2648,2A36A_T22A,WT,s2648/2A36A/2A36A_relaxed.pdb,0
s2648,2A36A_T22A,Mut,s2648/2A36A/2A36A_T22A_relaxed.pdb,0
s2648,2A36A_T22F,WT,s2648/2A36A/2A36A_relaxed.pdb,0
s2648,2A36A_T22F,Mut,s2648/2A36A/2A36A_T22F_relaxed.pdb,0
s2648,2A36A_T22K,WT,s2648/2A36A/2A36A_relaxed.pdb,0
s2648,2A36A_T22K,Mut,s2648/2A36A/2A36A_T22K_relaxed.pdb,0
s2648,2A36A_T22N,WT,s2648/2A36A/2A36A_relaxed.pdb,0
s2648,2A36A_T22N,Mut,s2648/2A36A/2A36A_T22N_relaxed.pdb,0
s2648,2ABDA_F5A,WT,s2648/2ABDA/2ABDA_relaxed.pdb,0
s2648,2ABDA_F5A,Mut,s2648/2ABDA/2ABDA_F5A_relaxed.pdb,0
s2648,2ABDA_A9G,WT,s2648/2ABDA/2ABDA_relaxed.pdb,0
s2648,2ABDA_A9G,Mut,s2648/2ABDA/2ABDA_A9G_relaxed.pdb,0
s2648,2ABDA_V12A,WT,s2648/2ABDA/2ABDA_relaxed.pdb,0
s2648,2ABDA_V12A,Mut,s2648/2ABDA/2ABDA_V12A_relaxed.pdb,0
s2648,2ABDA_L15A,WT,s2648/2ABDA/2ABDA_relaxed.pdb,0
s2648,2ABDA_L15A,Mut,s2648/2ABDA/2ABDA_L15A_relaxed.pdb,0
s2648,2ABDA_D21H,WT,s2648/2ABDA/2ABDA_relaxed.pdb,0
s2648,2ABDA_D21H,Mut,s2648/2ABDA/2ABDA_D21H_relaxed.pdb,0
s2648,2ABDA_D21A,WT,s2648/2ABDA/2ABDA_relaxed.pdb,0
s2648,2ABDA_D21A,Mut,s2648/2ABDA/2ABDA_D21A_relaxed.pdb,0
s2648,2ABDA_L25A,WT,s2648/2ABDA/2ABDA_relaxed.pdb,0
s2648,2ABDA_L25A,Mut,s2648/2ABDA/2ABDA_L25A_relaxed.pdb,0
s2648,2ABDA_F26A,WT,s2648/2ABDA/2ABDA_relaxed.pdb,0
s2648,2ABDA_F26A,Mut,s2648/2ABDA/2ABDA_F26A_relaxed.pdb,0
s2648,2ABDA_Y28F,WT,s2648/2ABDA/2ABDA_relaxed.pdb,0
s2648,2ABDA_Y28F,Mut,s2648/2ABDA/2ABDA_Y28F_relaxed.pdb,0
s2648,2ABDA_Y28A,WT,s2648/2ABDA/2ABDA_relaxed.pdb,0
s2648,2ABDA_Y28A,Mut,s2648/2ABDA/2ABDA_Y28A_relaxed.pdb,0
s2648,2ABDA_Y28N,WT,s2648/2ABDA/2ABDA_relaxed.pdb,0
s2648,2ABDA_Y28N,Mut,s2648/2ABDA/2ABDA_Y28N_relaxed.pdb,0
s2648,2ABDA_Y31N,WT,s2648/2ABDA/2ABDA_relaxed.pdb,0
s2648,2ABDA_Y31N,Mut,s2648/2ABDA/2ABDA_Y31N_relaxed.pdb,0
s2648,2ABDA_K32E,WT,s2648/2ABDA/2ABDA_relaxed.pdb,0
s2648,2ABDA_K32E,Mut,s2648/2ABDA/2ABDA_K32E_relaxed.pdb,0
s2648,2ABDA_K32A,WT,s2648/2ABDA/2ABDA_relaxed.pdb,0
s2648,2ABDA_K32A,Mut,s2648/2ABDA/2ABDA_K32A_relaxed.pdb,0
s2648,2ABDA_K32R,WT,s2648/2ABDA/2ABDA_relaxed.pdb,0
s2648,2ABDA_K32R,Mut,s2648/2ABDA/2ABDA_K32R_relaxed.pdb,0
s2648,2ABDA_Q33A,WT,s2648/2ABDA/2ABDA_relaxed.pdb,0
s2648,2ABDA_Q33A,Mut,s2648/2ABDA/2ABDA_Q33A_relaxed.pdb,0
s2648,2ABDA_A34G,WT,s2648/2ABDA/2ABDA_relaxed.pdb,0
s2648,2ABDA_A34G,Mut,s2648/2ABDA/2ABDA_A34G_relaxed.pdb,0
s2648,2ABDA_T35A,WT,s2648/2ABDA/2ABDA_relaxed.pdb,0
s2648,2ABDA_T35A,Mut,s2648/2ABDA/2ABDA_T35A_relaxed.pdb,0
s2648,2ABDA_I39A,WT,s2648/2ABDA/2ABDA_relaxed.pdb,0
s2648,2ABDA_I39A,Mut,s2648/2ABDA/2ABDA_I39A_relaxed.pdb,0
s2648,2ABDA_K52M,WT,s2648/2ABDA/2ABDA_relaxed.pdb,0
s2648,2ABDA_K52M,Mut,s2648/2ABDA/2ABDA_K52M_relaxed.pdb,0
s2648,2ABDA_K54M,WT,s2648/2ABDA/2ABDA_relaxed.pdb,0
s2648,2ABDA_K54M,Mut,s2648/2ABDA/2ABDA_K54M_relaxed.pdb,0
s2648,2ABDA_K54A,WT,s2648/2ABDA/2ABDA_relaxed.pdb,0
s2648,2ABDA_K54A,Mut,s2648/2ABDA/2ABDA_K54A_relaxed.pdb,0
s2648,2ABDA_E67A,WT,s2648/2ABDA/2ABDA_relaxed.pdb,0
s2648,2ABDA_E67A,Mut,s2648/2ABDA/2ABDA_E67A_relaxed.pdb,0
s2648,2ABDA_A69G,WT,s2648/2ABDA/2ABDA_relaxed.pdb,0
s2648,2ABDA_A69G,Mut,s2648/2ABDA/2ABDA_A69G_relaxed.pdb,0
s2648,2ABDA_Y73F,WT,s2648/2ABDA/2ABDA_relaxed.pdb,0
s2648,2ABDA_Y73F,Mut,s2648/2ABDA/2ABDA_Y73F_relaxed.pdb,0
s2648,2ABDA_Y73A,WT,s2648/2ABDA/2ABDA_relaxed.pdb,0
s2648,2ABDA_Y73A,Mut,s2648/2ABDA/2ABDA_Y73A_relaxed.pdb,0
s2648,2ABDA_I74A,WT,s2648/2ABDA/2ABDA_relaxed.pdb,0
s2648,2ABDA_I74A,Mut,s2648/2ABDA/2ABDA_I74A_relaxed.pdb,0
s2648,2ABDA_V77A,WT,s2648/2ABDA/2ABDA_relaxed.pdb,0
s2648,2ABDA_V77A,Mut,s2648/2ABDA/2ABDA_V77A_relaxed.pdb,0
s2648,2ABDA_L80A,WT,s2648/2ABDA/2ABDA_relaxed.pdb,0
s2648,2ABDA_L80A,Mut,s2648/2ABDA/2ABDA_L80A_relaxed.pdb,0
s2648,2CI2I_K21A,WT,s2648/2CI2I/2CI2I_relaxed.pdb,0
s2648,2CI2I_K21A,Mut,s2648/2CI2I/2CI2I_K21A_relaxed.pdb,0
s2648,2CI2I_K21M,WT,s2648/2CI2I/2CI2I_relaxed.pdb,0
s2648,2CI2I_K21M,Mut,s2648/2CI2I/2CI2I_K21M_relaxed.pdb,0
s2648,2CI2I_T22A,WT,s2648/2CI2I/2CI2I_relaxed.pdb,0
s2648,2CI2I_T22A,Mut,s2648/2CI2I/2CI2I_T22A_relaxed.pdb,0
s2648,2CI2I_T22V,WT,s2648/2CI2I/2CI2I_relaxed.pdb,0
s2648,2CI2I_T22V,Mut,s2648/2CI2I/2CI2I_T22V_relaxed.pdb,0
s2648,2CI2I_T22G,WT,s2648/2CI2I/2CI2I_relaxed.pdb,0
s2648,2CI2I_T22G,Mut,s2648/2CI2I/2CI2I_T22G_relaxed.pdb,0
s2648,2CI2I_E26Q,WT,s2648/2CI2I/2CI2I_relaxed.pdb,0
s2648,2CI2I_E26Q,Mut,s2648/2CI2I/2CI2I_E26Q_relaxed.pdb,0
s2648,2CI2I_E26A,WT,s2648/2CI2I/2CI2I_relaxed.pdb,0
s2648,2CI2I_E26A,Mut,s2648/2CI2I/2CI2I_E26A_relaxed.pdb,0
s2648,2CI2I_L27A,WT,s2648/2CI2I/2CI2I_relaxed.pdb,0
s2648,2CI2I_L27A,Mut,s2648/2CI2I/2CI2I_L27A_relaxed.pdb,0
s2648,2CI2I_K30A,WT,s2648/2CI2I/2CI2I_relaxed.pdb,0
s2648,2CI2I_K30A,Mut,s2648/2CI2I/2CI2I_K30A_relaxed.pdb,0
s2648,2CI2I_S31G,WT,s2648/2CI2I/2CI2I_relaxed.pdb,0
s2648,2CI2I_S31G,Mut,s2648/2CI2I/2CI2I_S31G_relaxed.pdb,0
s2648,2CI2I_S31A,WT,s2648/2CI2I/2CI2I_relaxed.pdb,0
s2648,2CI2I_S31A,Mut,s2648/2CI2I/2CI2I_S31A_relaxed.pdb,0
s2648,2CI2I_E33N,WT,s2648/2CI2I/2CI2I_relaxed.pdb,0
s2648,2CI2I_E33N,Mut,s2648/2CI2I/2CI2I_E33N_relaxed.pdb,0
s2648,2CI2I_E33D,WT,s2648/2CI2I/2CI2I_relaxed.pdb,0
s2648,2CI2I_E33D,Mut,s2648/2CI2I/2CI2I_E33D_relaxed.pdb,0
s2648,2CI2I_E33Q,WT,s2648/2CI2I/2CI2I_relaxed.pdb,0
s2648,2CI2I_E33Q,Mut,s2648/2CI2I/2CI2I_E33Q_relaxed.pdb,0
s2648,2CI2I_E34D,WT,s2648/2CI2I/2CI2I_relaxed.pdb,0
s2648,2CI2I_E34D,Mut,s2648/2CI2I/2CI2I_E34D_relaxed.pdb,0
s2648,2CI2I_E34Q,WT,s2648/2CI2I/2CI2I_relaxed.pdb,0
s2648,2CI2I_E34Q,Mut,s2648/2CI2I/2CI2I_E34Q_relaxed.pdb,0
s2648,2CI2I_E34N,WT,s2648/2CI2I/2CI2I_relaxed.pdb,0
s2648,2CI2I_E34N,Mut,s2648/2CI2I/2CI2I_E34N_relaxed.pdb,0
s2648,2CI2I_A35G,WT,s2648/2CI2I/2CI2I_relaxed.pdb,0
s2648,2CI2I_A35G,Mut,s2648/2CI2I/2CI2I_A35G_relaxed.pdb,0
s2648,2CI2I_K36A,WT,s2648/2CI2I/2CI2I_relaxed.pdb,0
s2648,2CI2I_K36A,Mut,s2648/2CI2I/2CI2I_K36A_relaxed.pdb,0
s2648,2CI2I_K36G,WT,s2648/2CI2I/2CI2I_relaxed.pdb,0
s2648,2CI2I_K36G,Mut,s2648/2CI2I/2CI2I_K36G_relaxed.pdb,0
s2648,2CI2I_K37A,WT,s2648/2CI2I/2CI2I_relaxed.pdb,0
s2648,2CI2I_K37A,Mut,s2648/2CI2I/2CI2I_K37A_relaxed.pdb,0
s2648,2CI2I_K37G,WT,s2648/2CI2I/2CI2I_relaxed.pdb,0
s2648,2CI2I_K37G,Mut,s2648/2CI2I/2CI2I_K37G_relaxed.pdb,0
s2648,2CI2I_V38A,WT,s2648/2CI2I/2CI2I_relaxed.pdb,0
s2648,2CI2I_V38A,Mut,s2648/2CI2I/2CI2I_V38A_relaxed.pdb,0
s2648,2CI2I_I39V,WT,s2648/2CI2I/2CI2I_relaxed.pdb,0
s2648,2CI2I_I39V,Mut,s2648/2CI2I/2CI2I_I39V_relaxed.pdb,0
s2648,2CI2I_I39L,WT,s2648/2CI2I/2CI2I_relaxed.pdb,0
s2648,2CI2I_I39L,Mut,s2648/2CI2I/2CI2I_I39L_relaxed.pdb,0
s2648,2CI2I_L40G,WT,s2648/2CI2I/2CI2I_relaxed.pdb,0
s2648,2CI2I_L40G,Mut,s2648/2CI2I/2CI2I_L40G_relaxed.pdb,0
s2648,2CI2I_L40A,WT,s2648/2CI2I/2CI2I_relaxed.pdb,0
s2648,2CI2I_L40A,Mut,s2648/2CI2I/2CI2I_L40A_relaxed.pdb,0
s2648,2CI2I_Q41G,WT,s2648/2CI2I/2CI2I_relaxed.pdb,0
s2648,2CI2I_Q41G,Mut,s2648/2CI2I/2CI2I_Q41G_relaxed.pdb,0
s2648,2CI2I_Q41A,WT,s2648/2CI2I/2CI2I_relaxed.pdb,0
s2648,2CI2I_Q41A,Mut,s2648/2CI2I/2CI2I_Q41A_relaxed.pdb,0
s2648,2CI2I_D42A,WT,s2648/2CI2I/2CI2I_relaxed.pdb,0
s2648,2CI2I_D42A,Mut,s2648/2CI2I/2CI2I_D42A_relaxed.pdb,0
s2648,2CI2I_K43A,WT,s2648/2CI2I/2CI2I_relaxed.pdb,0
s2648,2CI2I_K43A,Mut,s2648/2CI2I/2CI2I_K43A_relaxed.pdb,0
s2648,2CI2I_K43G,WT,s2648/2CI2I/2CI2I_relaxed.pdb,0
s2648,2CI2I_K43G,Mut,s2648/2CI2I/2CI2I_K43G_relaxed.pdb,0
s2648,2CI2I_E45A,WT,s2648/2CI2I/2CI2I_relaxed.pdb,0
s2648,2CI2I_E45A,Mut,s2648/2CI2I/2CI2I_E45A_relaxed.pdb,0
s2648,2CI2I_I48V,WT,s2648/2CI2I/2CI2I_relaxed.pdb,0
s2648,2CI2I_I48V,Mut,s2648/2CI2I/2CI2I_I48V_relaxed.pdb,0
s2648,2CI2I_I48A,WT,s2648/2CI2I/2CI2I_relaxed.pdb,0
s2648,2CI2I_I48A,Mut,s2648/2CI2I/2CI2I_I48A_relaxed.pdb,0
s2648,2CI2I_I49G,WT,s2648/2CI2I/2CI2I_relaxed.pdb,0
s2648,2CI2I_I49G,Mut,s2648/2CI2I/2CI2I_I49G_relaxed.pdb,0
s2648,2CI2I_I49V,WT,s2648/2CI2I/2CI2I_relaxed.pdb,0
s2648,2CI2I_I49V,Mut,s2648/2CI2I/2CI2I_I49V_relaxed.pdb,0
s2648,2CI2I_I49A,WT,s2648/2CI2I/2CI2I_relaxed.pdb,0
s2648,2CI2I_I49A,Mut,s2648/2CI2I/2CI2I_I49A_relaxed.pdb,0
s2648,2CI2I_I49T,WT,s2648/2CI2I/2CI2I_relaxed.pdb,0
s2648,2CI2I_I49T,Mut,s2648/2CI2I/2CI2I_I49T_relaxed.pdb,0
s2648,2CI2I_L51I,WT,s2648/2CI2I/2CI2I_relaxed.pdb,0
s2648,2CI2I_L51I,Mut,s2648/2CI2I/2CI2I_L51I_relaxed.pdb,0
s2648,2CI2I_L51A,WT,s2648/2CI2I/2CI2I_relaxed.pdb,0
s2648,2CI2I_L51A,Mut,s2648/2CI2I/2CI2I_L51A_relaxed.pdb,0
s2648,2CI2I_L51V,WT,s2648/2CI2I/2CI2I_relaxed.pdb,0
s2648,2CI2I_L51V,Mut,s2648/2CI2I/2CI2I_L51V_relaxed.pdb,0
s2648,2CI2I_V53A,WT,s2648/2CI2I/2CI2I_relaxed.pdb,0
s2648,2CI2I_V53A,Mut,s2648/2CI2I/2CI2I_V53A_relaxed.pdb,0
s2648,2CI2I_V53T,WT,s2648/2CI2I/2CI2I_relaxed.pdb,0
s2648,2CI2I_V53T,Mut,s2648/2CI2I/2CI2I_V53T_relaxed.pdb,0
s2648,2CI2I_V53G,WT,s2648/2CI2I/2CI2I_relaxed.pdb,0
s2648,2CI2I_V53G,Mut,s2648/2CI2I/2CI2I_V53G_relaxed.pdb,0
s2648,2CI2I_T55S,WT,s2648/2CI2I/2CI2I_relaxed.pdb,0
s2648,2CI2I_T55S,Mut,s2648/2CI2I/2CI2I_T55S_relaxed.pdb,0
s2648,2CI2I_T55A,WT,s2648/2CI2I/2CI2I_relaxed.pdb,0
s2648,2CI2I_T55A,Mut,s2648/2CI2I/2CI2I_T55A_relaxed.pdb,0
s2648,2CI2I_T55V,WT,s2648/2CI2I/2CI2I_relaxed.pdb,0
s2648,2CI2I_T55V,Mut,s2648/2CI2I/2CI2I_T55V_relaxed.pdb,0
s2648,2CI2I_I56A,WT,s2648/2CI2I/2CI2I_relaxed.pdb,0
s2648,2CI2I_I56A,Mut,s2648/2CI2I/2CI2I_I56A_relaxed.pdb,0
s2648,2CI2I_V57A,WT,s2648/2CI2I/2CI2I_relaxed.pdb,0
s2648,2CI2I_V57A,Mut,s2648/2CI2I/2CI2I_V57A_relaxed.pdb,0
s2648,2CI2I_T58A,WT,s2648/2CI2I/2CI2I_relaxed.pdb,0
s2648,2CI2I_T58A,Mut,s2648/2CI2I/2CI2I_T58A_relaxed.pdb,0
s2648,2CI2I_T58D,WT,s2648/2CI2I/2CI2I_relaxed.pdb,0
s2648,2CI2I_T58D,Mut,s2648/2CI2I/2CI2I_T58D_relaxed.pdb,0
s2648,2CI2I_E60A,WT,s2648/2CI2I/2CI2I_relaxed.pdb,0
s2648,2CI2I_E60A,Mut,s2648/2CI2I/2CI2I_E60A_relaxed.pdb,0
s2648,2CI2I_R62A,WT,s2648/2CI2I/2CI2I_relaxed.pdb,0
s2648,2CI2I_R62A,Mut,s2648/2CI2I/2CI2I_R62A_relaxed.pdb,0
s2648,2CI2I_D64A,WT,s2648/2CI2I/2CI2I_relaxed.pdb,0
s2648,2CI2I_D64A,Mut,s2648/2CI2I/2CI2I_D64A_relaxed.pdb,0
s2648,2CI2I_V66A,WT,s2648/2CI2I/2CI2I_relaxed.pdb,0
s2648,2CI2I_V66A,Mut,s2648/2CI2I/2CI2I_V66A_relaxed.pdb,0
s2648,2CI2I_R67A,WT,s2648/2CI2I/2CI2I_relaxed.pdb,0
s2648,2CI2I_R67A,Mut,s2648/2CI2I/2CI2I_R67A_relaxed.pdb,0
s2648,2CI2I_L68A,WT,s2648/2CI2I/2CI2I_relaxed.pdb,0
s2648,2CI2I_L68A,Mut,s2648/2CI2I/2CI2I_L68A_relaxed.pdb,0
s2648,2CI2I_F69A,WT,s2648/2CI2I/2CI2I_relaxed.pdb,0
s2648,2CI2I_F69A,Mut,s2648/2CI2I/2CI2I_F69A_relaxed.pdb,0
s2648,2CI2I_F69V,WT,s2648/2CI2I/2CI2I_relaxed.pdb,0
s2648,2CI2I_F69V,Mut,s2648/2CI2I/2CI2I_F69V_relaxed.pdb,0
s2648,2CI2I_F69L,WT,s2648/2CI2I/2CI2I_relaxed.pdb,0
s2648,2CI2I_F69L,Mut,s2648/2CI2I/2CI2I_F69L_relaxed.pdb,0
s2648,2CI2I_V70A,WT,s2648/2CI2I/2CI2I_relaxed.pdb,0
s2648,2CI2I_V70A,Mut,s2648/2CI2I/2CI2I_V70A_relaxed.pdb,0
s2648,2CI2I_D71A,WT,s2648/2CI2I/2CI2I_relaxed.pdb,0
s2648,2CI2I_D71A,Mut,s2648/2CI2I/2CI2I_D71A_relaxed.pdb,0
s2648,2CI2I_K72N,WT,s2648/2CI2I/2CI2I_relaxed.pdb,0
s2648,2CI2I_K72N,Mut,s2648/2CI2I/2CI2I_K72N_relaxed.pdb,0
s2648,2CI2I_N75A,WT,s2648/2CI2I/2CI2I_relaxed.pdb,0
s2648,2CI2I_N75A,Mut,s2648/2CI2I/2CI2I_N75A_relaxed.pdb,0
s2648,2CI2I_N75D,WT,s2648/2CI2I/2CI2I_relaxed.pdb,0
s2648,2CI2I_N75D,Mut,s2648/2CI2I/2CI2I_N75D_relaxed.pdb,0
s2648,2CI2I_I76A,WT,s2648/2CI2I/2CI2I_relaxed.pdb,0
s2648,2CI2I_I76A,Mut,s2648/2CI2I/2CI2I_I76A_relaxed.pdb,0
s2648,2CI2I_I76V,WT,s2648/2CI2I/2CI2I_relaxed.pdb,0
s2648,2CI2I_I76V,Mut,s2648/2CI2I/2CI2I_I76V_relaxed.pdb,0
s2648,2CI2I_A77G,WT,s2648/2CI2I/2CI2I_relaxed.pdb,0
s2648,2CI2I_A77G,Mut,s2648/2CI2I/2CI2I_A77G_relaxed.pdb,0
s2648,2CI2I_V79G,WT,s2648/2CI2I/2CI2I_relaxed.pdb,0
s2648,2CI2I_V79G,Mut,s2648/2CI2I/2CI2I_V79G_relaxed.pdb,0
s2648,2CI2I_V79A,WT,s2648/2CI2I/2CI2I_relaxed.pdb,0
s2648,2CI2I_V79A,Mut,s2648/2CI2I/2CI2I_V79A_relaxed.pdb,0
s2648,2CI2I_V79T,WT,s2648/2CI2I/2CI2I_relaxed.pdb,0
s2648,2CI2I_V79T,Mut,s2648/2CI2I/2CI2I_V79T_relaxed.pdb,0
s2648,2CI2I_V82A,WT,s2648/2CI2I/2CI2I_relaxed.pdb,0
s2648,2CI2I_V82A,Mut,s2648/2CI2I/2CI2I_V82A_relaxed.pdb,0
s2648,2CI2I_V82T,WT,s2648/2CI2I/2CI2I_relaxed.pdb,0
s2648,2CI2I_V82T,Mut,s2648/2CI2I/2CI2I_V82T_relaxed.pdb,0
s2648,2CI2I_V82G,WT,s2648/2CI2I/2CI2I_relaxed.pdb,0
s2648,2CI2I_V82G,Mut,s2648/2CI2I/2CI2I_V82G_relaxed.pdb,0
s2648,2DRIA_A27T,WT,s2648/2DRIA/2DRIA_relaxed.pdb,0
s2648,2DRIA_A27T,Mut,s2648/2DRIA/2DRIA_A27T_relaxed.pdb,0
s2648,2DRIA_V50E,WT,s2648/2DRIA/2DRIA_relaxed.pdb,0
s2648,2DRIA_V50E,Mut,s2648/2DRIA/2DRIA_V50E_relaxed.pdb,0
s2648,2H61A_L3S,WT,s2648/2H61A/2H61A_relaxed.pdb,0
s2648,2H61A_L3S,Mut,s2648/2H61A/2H61A_L3S_relaxed.pdb,0
s2648,2H61A_L3A,WT,s2648/2H61A/2H61A_relaxed.pdb,0
s2648,2H61A_L3A,Mut,s2648/2H61A/2H61A_L3A_relaxed.pdb,0
s2648,2H61A_M7A,WT,s2648/2H61A/2H61A_relaxed.pdb,0
s2648,2H61A_M7A,Mut,s2648/2H61A/2H61A_M7A_relaxed.pdb,0
s2648,2H61A_I11A,WT,s2648/2H61A/2H61A_relaxed.pdb,0
s2648,2H61A_I11A,Mut,s2648/2H61A/2H61A_I11A_relaxed.pdb,0
s2648,2H61A_F14A,WT,s2648/2H61A/2H61A_relaxed.pdb,0
s2648,2H61A_F14A,Mut,s2648/2H61A/2H61A_F14A_relaxed.pdb,0
s2648,2HPRA_S46D,WT,s2648/2HPRA/2HPRA_relaxed.pdb,0
s2648,2HPRA_S46D,Mut,s2648/2HPRA/2HPRA_S46D_relaxed.pdb,0
s2648,2IMMA_A15L,WT,s2648/2IMMA/2IMMA_relaxed.pdb,0
s2648,2IMMA_A15L,Mut,s2648/2IMMA/2IMMA_A15L_relaxed.pdb,0
s2648,2IMMA_M21I,WT,s2648/2IMMA/2IMMA_relaxed.pdb,0
s2648,2IMMA_M21I,Mut,s2648/2IMMA/2IMMA_M21I_relaxed.pdb,0
s2648,2IMMA_M21L,WT,s2648/2IMMA/2IMMA_relaxed.pdb,0
s2648,2IMMA_M21L,Mut,s2648/2IMMA/2IMMA_M21L_relaxed.pdb,0
s2648,2IMMA_K24R,WT,s2648/2IMMA/2IMMA_relaxed.pdb,0
s2648,2IMMA_K24R,Mut,s2648/2IMMA/2IMMA_K24R_relaxed.pdb,0
s2648,2IMMA_F32Y,WT,s2648/2IMMA/2IMMA_relaxed.pdb,0
s2648,2IMMA_F32Y,Mut,s2648/2IMMA/2IMMA_F32Y_relaxed.pdb,0
s2648,2IMMA_T63S,WT,s2648/2IMMA/2IMMA_relaxed.pdb,0
s2648,2IMMA_T63S,Mut,s2648/2IMMA/2IMMA_T63S_relaxed.pdb,0
s2648,2IMMA_Q79E,WT,s2648/2IMMA/2IMMA_relaxed.pdb,0
s2648,2IMMA_Q79E,Mut,s2648/2IMMA/2IMMA_Q79E_relaxed.pdb,0
s2648,2IMMA_N90Q,WT,s2648/2IMMA/2IMMA_relaxed.pdb,0
s2648,2IMMA_N90Q,Mut,s2648/2IMMA/2IMMA_N90Q_relaxed.pdb,0
s2648,2IMMA_A100G,WT,s2648/2IMMA/2IMMA_relaxed.pdb,0
s2648,2IMMA_A100G,Mut,s2648/2IMMA/2IMMA_A100G_relaxed.pdb,0
s2648,2IMMA_L106I,WT,s2648/2IMMA/2IMMA_relaxed.pdb,0
s2648,2IMMA_L106I,Mut,s2648/2IMMA/2IMMA_L106I_relaxed.pdb,0
s2648,2LZMA_I3C,WT,s2648/2LZMA/2LZMA_relaxed.pdb,0
s2648,2LZMA_I3C,Mut,s2648/2LZMA/2LZMA_I3C_relaxed.pdb,0
s2648,2LZMA_I3E,WT,s2648/2LZMA/2LZMA_relaxed.pdb,0
s2648,2LZMA_I3E,Mut,s2648/2LZMA/2LZMA_I3E_relaxed.pdb,0
s2648,2LZMA_I3G,WT,s2648/2LZMA/2LZMA_relaxed.pdb,0
s2648,2LZMA_I3G,Mut,s2648/2LZMA/2LZMA_I3G_relaxed.pdb,0
s2648,2LZMA_I3M,WT,s2648/2LZMA/2LZMA_relaxed.pdb,0
s2648,2LZMA_I3M,Mut,s2648/2LZMA/2LZMA_I3M_relaxed.pdb,0
s2648,2LZMA_I3T,WT,s2648/2LZMA/2LZMA_relaxed.pdb,0
s2648,2LZMA_I3T,Mut,s2648/2LZMA/2LZMA_I3T_relaxed.pdb,0
s2648,2LZMA_I3W,WT,s2648/2LZMA/2LZMA_relaxed.pdb,0
s2648,2LZMA_I3W,Mut,s2648/2LZMA/2LZMA_I3W_relaxed.pdb,0
s2648,2LZMA_I3A,WT,s2648/2LZMA/2LZMA_relaxed.pdb,0
s2648,2LZMA_I3A,Mut,s2648/2LZMA/2LZMA_I3A_relaxed.pdb,0
s2648,2LZMA_I3D,WT,s2648/2LZMA/2LZMA_relaxed.pdb,0
s2648,2LZMA_I3D,Mut,s2648/2LZMA/2LZMA_I3D_relaxed.pdb,0
s2648,2LZMA_I3F,WT,s2648/2LZMA/2LZMA_relaxed.pdb,0
s2648,2LZMA_I3F,Mut,s2648/2LZMA/2LZMA_I3F_relaxed.pdb,0
s2648,2LZMA_I3L,WT,s2648/2LZMA/2LZMA_relaxed.pdb,0
s2648,2LZMA_I3L,Mut,s2648/2LZMA/2LZMA_I3L_relaxed.pdb,0
s2648,2LZMA_I3S,WT,s2648/2LZMA/2LZMA_relaxed.pdb,0
s2648,2LZMA_I3S,Mut,s2648/2LZMA/2LZMA_I3S_relaxed.pdb,0
s2648,2LZMA_I3V,WT,s2648/2LZMA/2LZMA_relaxed.pdb,0
s2648,2LZMA_I3V,Mut,s2648/2LZMA/2LZMA_I3V_relaxed.pdb,0
s2648,2LZMA_I3Y,WT,s2648/2LZMA/2LZMA_relaxed.pdb,0
s2648,2LZMA_I3Y,Mut,s2648/2LZMA/2LZMA_I3Y_relaxed.pdb,0
s2648,2LZMA_M6I,WT,s2648/2LZMA/2LZMA_relaxed.pdb,0
s2648,2LZMA_M6I,Mut,s2648/2LZMA/2LZMA_M6I_relaxed.pdb,0
s2648,2LZMA_E11F,WT,s2648/2LZMA/2LZMA_relaxed.pdb,0
s2648,2LZMA_E11F,Mut,s2648/2LZMA/2LZMA_E11F_relaxed.pdb,0
s2648,2LZMA_E11A,WT,s2648/2LZMA/2LZMA_relaxed.pdb,0
s2648,2LZMA_E11A,Mut,s2648/2LZMA/2LZMA_E11A_relaxed.pdb,0
s2648,2LZMA_E11M,WT,s2648/2LZMA/2LZMA_relaxed.pdb,0
s2648,2LZMA_E11M,Mut,s2648/2LZMA/2LZMA_E11M_relaxed.pdb,0
s2648,2LZMA_K16E,WT,s2648/2LZMA/2LZMA_relaxed.pdb,0
s2648,2LZMA_K16E,Mut,s2648/2LZMA/2LZMA_K16E_relaxed.pdb,0
s2648,2LZMA_Y25G,WT,s2648/2LZMA/2LZMA_relaxed.pdb,0
s2648,2LZMA_Y25G,Mut,s2648/2LZMA/2LZMA_Y25G_relaxed.pdb,0
s2648,2LZMA_G30A,WT,s2648/2LZMA/2LZMA_relaxed.pdb,0
s2648,2LZMA_G30A,Mut,s2648/2LZMA/2LZMA_G30A_relaxed.pdb,0
s2648,2LZMA_G30F,WT,s2648/2LZMA/2LZMA_relaxed.pdb,0
s2648,2LZMA_G30F,Mut,s2648/2LZMA/2LZMA_G30F_relaxed.pdb,0
s2648,2LZMA_S38A,WT,s2648/2LZMA/2LZMA_relaxed.pdb,0
s2648,2LZMA_S38A,Mut,s2648/2LZMA/2LZMA_S38A_relaxed.pdb,0
s2648,2LZMA_S38D,WT,s2648/2LZMA/2LZMA_relaxed.pdb,0
s2648,2LZMA_S38D,Mut,s2648/2LZMA/2LZMA_S38D_relaxed.pdb,0
s2648,2LZMA_A41V,WT,s2648/2LZMA/2LZMA_relaxed.pdb,0
s2648,2LZMA_A41V,Mut,s2648/2LZMA/2LZMA_A41V_relaxed.pdb,0
s2648,2LZMA_S44A,WT,s2648/2LZMA/2LZMA_relaxed.pdb,0
s2648,2LZMA_S44A,Mut,s2648/2LZMA/2LZMA_S44A_relaxed.pdb,0
s2648,2LZMA_G51D,WT,s2648/2LZMA/2LZMA_relaxed.pdb,0
s2648,2LZMA_G51D,Mut,s2648/2LZMA/2LZMA_G51D_relaxed.pdb,0
s2648,2LZMA_C54V,WT,s2648/2LZMA/2LZMA_relaxed.pdb,0
s2648,2LZMA_C54V,Mut,s2648/2LZMA/2LZMA_C54V_relaxed.pdb,0
s2648,2LZMA_C54T,WT,s2648/2LZMA/2LZMA_relaxed.pdb,0
s2648,2LZMA_C54T,Mut,s2648/2LZMA/2LZMA_C54T_relaxed.pdb,0
s2648,2LZMA_N55G,WT,s2648/2LZMA/2LZMA_relaxed.pdb,0
s2648,2LZMA_N55G,Mut,s2648/2LZMA/2LZMA_N55G_relaxed.pdb,0
s2648,2LZMA_I58Y,WT,s2648/2LZMA/2LZMA_relaxed.pdb,0
s2648,2LZMA_I58Y,Mut,s2648/2LZMA/2LZMA_I58Y_relaxed.pdb,0
s2648,2LZMA_K60H,WT,s2648/2LZMA/2LZMA_relaxed.pdb,0
s2648,2LZMA_K60H,Mut,s2648/2LZMA/2LZMA_K60H_relaxed.pdb,0
s2648,2LZMA_N68A,WT,s2648/2LZMA/2LZMA_relaxed.pdb,0
s2648,2LZMA_N68A,Mut,s2648/2LZMA/2LZMA_N68A_relaxed.pdb,0
s2648,2LZMA_G77A,WT,s2648/2LZMA/2LZMA_relaxed.pdb,0
s2648,2LZMA_G77A,Mut,s2648/2LZMA/2LZMA_G77A_relaxed.pdb,0
s2648,2LZMA_K83H,WT,s2648/2LZMA/2LZMA_relaxed.pdb,0
s2648,2LZMA_K83H,Mut,s2648/2LZMA/2LZMA_K83H_relaxed.pdb,0
s2648,2LZMA_S90H,WT,s2648/2LZMA/2LZMA_relaxed.pdb,0
s2648,2LZMA_S90H,Mut,s2648/2LZMA/2LZMA_S90H_relaxed.pdb,0
s2648,2LZMA_R96H,WT,s2648/2LZMA/2LZMA_relaxed.pdb,0
s2648,2LZMA_R96H,Mut,s2648/2LZMA/2LZMA_R96H_relaxed.pdb,0
s2648,2LZMA_A98V,WT,s2648/2LZMA/2LZMA_relaxed.pdb,0
s2648,2LZMA_A98V,Mut,s2648/2LZMA/2LZMA_A98V_relaxed.pdb,0
s2648,2LZMA_A98T,WT,s2648/2LZMA/2LZMA_relaxed.pdb,0
s2648,2LZMA_A98T,Mut,s2648/2LZMA/2LZMA_A98T_relaxed.pdb,0
s2648,2LZMA_M102V,WT,s2648/2LZMA/2LZMA_relaxed.pdb,0
s2648,2LZMA_M102V,Mut,s2648/2LZMA/2LZMA_M102V_relaxed.pdb,0
s2648,2LZMA_V103A,WT,s2648/2LZMA/2LZMA_relaxed.pdb,0
s2648,2LZMA_V103A,Mut,s2648/2LZMA/2LZMA_V103A_relaxed.pdb,0
s2648,2LZMA_Q105E,WT,s2648/2LZMA/2LZMA_relaxed.pdb,0
s2648,2LZMA_Q105E,Mut,s2648/2LZMA/2LZMA_Q105E_relaxed.pdb,0
s2648,2LZMA_Q105A,WT,s2648/2LZMA/2LZMA_relaxed.pdb,0
s2648,2LZMA_Q105A,Mut,s2648/2LZMA/2LZMA_Q105A_relaxed.pdb,0
s2648,2LZMA_Q105G,WT,s2648/2LZMA/2LZMA_relaxed.pdb,0
s2648,2LZMA_Q105G,Mut,s2648/2LZMA/2LZMA_Q105G_relaxed.pdb,0
s2648,2LZMA_G113A,WT,s2648/2LZMA/2LZMA_relaxed.pdb,0
s2648,2LZMA_G113A,Mut,s2648/2LZMA/2LZMA_G113A_relaxed.pdb,0
s2648,2LZMA_T115E,WT,s2648/2LZMA/2LZMA_relaxed.pdb,0
s2648,2LZMA_T115E,Mut,s2648/2LZMA/2LZMA_T115E_relaxed.pdb,0
s2648,2LZMA_N116D,WT,s2648/2LZMA/2LZMA_relaxed.pdb,0
s2648,2LZMA_N116D,Mut,s2648/2LZMA/2LZMA_N116D_relaxed.pdb,0
s2648,2LZMA_S117I,WT,s2648/2LZMA/2LZMA_relaxed.pdb,0
s2648,2LZMA_S117I,Mut,s2648/2LZMA/2LZMA_S117I_relaxed.pdb,0
s2648,2LZMA_S117F,WT,s2648/2LZMA/2LZMA_relaxed.pdb,0
s2648,2LZMA_S117F,Mut,s2648/2LZMA/2LZMA_S117F_relaxed.pdb,0
s2648,2LZMA_S117V,WT,s2648/2LZMA/2LZMA_relaxed.pdb,0
s2648,2LZMA_S117V,Mut,s2648/2LZMA/2LZMA_S117V_relaxed.pdb,0
s2648,2LZMA_R119E,WT,s2648/2LZMA/2LZMA_relaxed.pdb,0
s2648,2LZMA_R119E,Mut,s2648/2LZMA/2LZMA_R119E_relaxed.pdb,0
s2648,2LZMA_R119M,WT,s2648/2LZMA/2LZMA_relaxed.pdb,0
s2648,2LZMA_R119M,Mut,s2648/2LZMA/2LZMA_R119M_relaxed.pdb,0
s2648,2LZMA_Q123E,WT,s2648/2LZMA/2LZMA_relaxed.pdb,0
s2648,2LZMA_Q123E,Mut,s2648/2LZMA/2LZMA_Q123E_relaxed.pdb,0
s2648,2LZMA_K124G,WT,s2648/2LZMA/2LZMA_relaxed.pdb,0
s2648,2LZMA_K124G,Mut,s2648/2LZMA/2LZMA_K124G_relaxed.pdb,0
s2648,2LZMA_E128A,WT,s2648/2LZMA/2LZMA_relaxed.pdb,0
s2648,2LZMA_E128A,Mut,s2648/2LZMA/2LZMA_E128A_relaxed.pdb,0
s2648,2LZMA_E128K,WT,s2648/2LZMA/2LZMA_relaxed.pdb,0
s2648,2LZMA_E128K,Mut,s2648/2LZMA/2LZMA_E128K_relaxed.pdb,0
s2648,2LZMA_A129V,WT,s2648/2LZMA/2LZMA_relaxed.pdb,0
s2648,2LZMA_A129V,Mut,s2648/2LZMA/2LZMA_A129V_relaxed.pdb,0
s2648,2LZMA_V131D,WT,s2648/2LZMA/2LZMA_relaxed.pdb,0
s2648,2LZMA_V131D,Mut,s2648/2LZMA/2LZMA_V131D_relaxed.pdb,0
s2648,2LZMA_V131G,WT,s2648/2LZMA/2LZMA_relaxed.pdb,0
s2648,2LZMA_V131G,Mut,s2648/2LZMA/2LZMA_V131G_relaxed.pdb,0
s2648,2LZMA_V131L,WT,s2648/2LZMA/2LZMA_relaxed.pdb,0
s2648,2LZMA_V131L,Mut,s2648/2LZMA/2LZMA_V131L_relaxed.pdb,0
s2648,2LZMA_V131S,WT,s2648/2LZMA/2LZMA_relaxed.pdb,0
s2648,2LZMA_V131S,Mut,s2648/2LZMA/2LZMA_V131S_relaxed.pdb,0
s2648,2LZMA_V131A,WT,s2648/2LZMA/2LZMA_relaxed.pdb,0
s2648,2LZMA_V131A,Mut,s2648/2LZMA/2LZMA_V131A_relaxed.pdb,0
s2648,2LZMA_V131E,WT,s2648/2LZMA/2LZMA_relaxed.pdb,0
s2648,2LZMA_V131E,Mut,s2648/2LZMA/2LZMA_V131E_relaxed.pdb,0
s2648,2LZMA_V131I,WT,s2648/2LZMA/2LZMA_relaxed.pdb,0
s2648,2LZMA_V131I,Mut,s2648/2LZMA/2LZMA_V131I_relaxed.pdb,0
s2648,2LZMA_V131M,WT,s2648/2LZMA/2LZMA_relaxed.pdb,0
s2648,2LZMA_V131M,Mut,s2648/2LZMA/2LZMA_V131M_relaxed.pdb,0
s2648,2LZMA_V131T,WT,s2648/2LZMA/2LZMA_relaxed.pdb,0
s2648,2LZMA_V131T,Mut,s2648/2LZMA/2LZMA_V131T_relaxed.pdb,0
s2648,2LZMA_N132F,WT,s2648/2LZMA/2LZMA_relaxed.pdb,0
s2648,2LZMA_N132F,Mut,s2648/2LZMA/2LZMA_N132F_relaxed.pdb,0
s2648,2LZMA_N132M,WT,s2648/2LZMA/2LZMA_relaxed.pdb,0
s2648,2LZMA_N132M,Mut,s2648/2LZMA/2LZMA_N132M_relaxed.pdb,0
s2648,2LZMA_N132I,WT,s2648/2LZMA/2LZMA_relaxed.pdb,0
s2648,2LZMA_N132I,Mut,s2648/2LZMA/2LZMA_N132I_relaxed.pdb,0
s2648,2LZMA_L133F,WT,s2648/2LZMA/2LZMA_relaxed.pdb,0
s2648,2LZMA_L133F,Mut,s2648/2LZMA/2LZMA_L133F_relaxed.pdb,0
s2648,2LZMA_L133A,WT,s2648/2LZMA/2LZMA_relaxed.pdb,0
s2648,2LZMA_L133A,Mut,s2648/2LZMA/2LZMA_L133A_relaxed.pdb,0
s2648,2LZMA_K135E,WT,s2648/2LZMA/2LZMA_relaxed.pdb,0
s2648,2LZMA_K135E,Mut,s2648/2LZMA/2LZMA_K135E_relaxed.pdb,0
s2648,2LZMA_W138Y,WT,s2648/2LZMA/2LZMA_relaxed.pdb,0
s2648,2LZMA_W138Y,Mut,s2648/2LZMA/2LZMA_W138Y_relaxed.pdb,0
s2648,2LZMA_N144E,WT,s2648/2LZMA/2LZMA_relaxed.pdb,0
s2648,2LZMA_N144E,Mut,s2648/2LZMA/2LZMA_N144E_relaxed.pdb,0
s2648,2LZMA_N144D,WT,s2648/2LZMA/2LZMA_relaxed.pdb,0
s2648,2LZMA_N144D,Mut,s2648/2LZMA/2LZMA_N144D_relaxed.pdb,0
s2648,2LZMA_A146T,WT,s2648/2LZMA/2LZMA_relaxed.pdb,0
s2648,2LZMA_A146T,Mut,s2648/2LZMA/2LZMA_A146T_relaxed.pdb,0
s2648,2LZMA_A146I,WT,s2648/2LZMA/2LZMA_relaxed.pdb,0
s2648,2LZMA_A146I,Mut,s2648/2LZMA/2LZMA_A146I_relaxed.pdb,0
s2648,2LZMA_A146V,WT,s2648/2LZMA/2LZMA_relaxed.pdb,0
s2648,2LZMA_A146V,Mut,s2648/2LZMA/2LZMA_A146V_relaxed.pdb,0
s2648,2LZMA_K147E,WT,s2648/2LZMA/2LZMA_relaxed.pdb,0
s2648,2LZMA_K147E,Mut,s2648/2LZMA/2LZMA_K147E_relaxed.pdb,0
s2648,2LZMA_V149C,WT,s2648/2LZMA/2LZMA_relaxed.pdb,0
s2648,2LZMA_V149C,Mut,s2648/2LZMA/2LZMA_V149C_relaxed.pdb,0
s2648,2LZMA_V149A,WT,s2648/2LZMA/2LZMA_relaxed.pdb,0
s2648,2LZMA_V149A,Mut,s2648/2LZMA/2LZMA_V149A_relaxed.pdb,0
s2648,2LZMA_T152S,WT,s2648/2LZMA/2LZMA_relaxed.pdb,0
s2648,2LZMA_T152S,Mut,s2648/2LZMA/2LZMA_T152S_relaxed.pdb,0
s2648,2LZMA_F153C,WT,s2648/2LZMA/2LZMA_relaxed.pdb,0
s2648,2LZMA_F153C,Mut,s2648/2LZMA/2LZMA_F153C_relaxed.pdb,0
s2648,2LZMA_R154E,WT,s2648/2LZMA/2LZMA_relaxed.pdb,0
s2648,2LZMA_R154E,Mut,s2648/2LZMA/2LZMA_R154E_relaxed.pdb,0
s2648,2LZMA_G156D,WT,s2648/2LZMA/2LZMA_relaxed.pdb,0
s2648,2LZMA_G156D,Mut,s2648/2LZMA/2LZMA_G156D_relaxed.pdb,0
s2648,2LZMA_T157C,WT,s2648/2LZMA/2LZMA_relaxed.pdb,0
s2648,2LZMA_T157C,Mut,s2648/2LZMA/2LZMA_T157C_relaxed.pdb,0
s2648,2LZMA_T157E,WT,s2648/2LZMA/2LZMA_relaxed.pdb,0
s2648,2LZMA_T157E,Mut,s2648/2LZMA/2LZMA_T157E_relaxed.pdb,0
s2648,2LZMA_T157G,WT,s2648/2LZMA/2LZMA_relaxed.pdb,0
s2648,2LZMA_T157G,Mut,s2648/2LZMA/2LZMA_T157G_relaxed.pdb,0
s2648,2LZMA_T157I,WT,s2648/2LZMA/2LZMA_relaxed.pdb,0
s2648,2LZMA_T157I,Mut,s2648/2LZMA/2LZMA_T157I_relaxed.pdb,0
s2648,2LZMA_T157N,WT,s2648/2LZMA/2LZMA_relaxed.pdb,0
s2648,2LZMA_T157N,Mut,s2648/2LZMA/2LZMA_T157N_relaxed.pdb,0
s2648,2LZMA_T157S,WT,s2648/2LZMA/2LZMA_relaxed.pdb,0
s2648,2LZMA_T157S,Mut,s2648/2LZMA/2LZMA_T157S_relaxed.pdb,0
s2648,2LZMA_T157A,WT,s2648/2LZMA/2LZMA_relaxed.pdb,0
s2648,2LZMA_T157A,Mut,s2648/2LZMA/2LZMA_T157A_relaxed.pdb,0
s2648,2LZMA_T157D,WT,s2648/2LZMA/2LZMA_relaxed.pdb,0
s2648,2LZMA_T157D,Mut,s2648/2LZMA/2LZMA_T157D_relaxed.pdb,0
s2648,2LZMA_T157F,WT,s2648/2LZMA/2LZMA_relaxed.pdb,0
s2648,2LZMA_T157F,Mut,s2648/2LZMA/2LZMA_T157F_relaxed.pdb,0
s2648,2LZMA_T157H,WT,s2648/2LZMA/2LZMA_relaxed.pdb,0
s2648,2LZMA_T157H,Mut,s2648/2LZMA/2LZMA_T157H_relaxed.pdb,0
s2648,2LZMA_T157L,WT,s2648/2LZMA/2LZMA_relaxed.pdb,0
s2648,2LZMA_T157L,Mut,s2648/2LZMA/2LZMA_T157L_relaxed.pdb,0
s2648,2LZMA_T157R,WT,s2648/2LZMA/2LZMA_relaxed.pdb,0
s2648,2LZMA_T157R,Mut,s2648/2LZMA/2LZMA_T157R_relaxed.pdb,0
s2648,2LZMA_T157V,WT,s2648/2LZMA/2LZMA_relaxed.pdb,0
s2648,2LZMA_T157V,Mut,s2648/2LZMA/2LZMA_T157V_relaxed.pdb,0
s2648,2LZMA_A160T,WT,s2648/2LZMA/2LZMA_relaxed.pdb,0
s2648,2LZMA_A160T,Mut,s2648/2LZMA/2LZMA_A160T_relaxed.pdb,0
s2648,2NVHA_R4Q,WT,s2648/2NVHA/2NVHA_relaxed.pdb,0
s2648,2NVHA_R4Q,Mut,s2648/2NVHA/2NVHA_R4Q_relaxed.pdb,0
s2648,2NVHA_L6A,WT,s2648/2NVHA/2NVHA_relaxed.pdb,0
s2648,2NVHA_L6A,Mut,s2648/2NVHA/2NVHA_L6A_relaxed.pdb,0
s2648,2NVHA_N7G,WT,s2648/2NVHA/2NVHA_relaxed.pdb,0
s2648,2NVHA_N7G,Mut,s2648/2NVHA/2NVHA_N7G_relaxed.pdb,0
s2648,2NVHA_N7D,WT,s2648/2NVHA/2NVHA_relaxed.pdb,0
s2648,2NVHA_N7D,Mut,s2648/2NVHA/2NVHA_N7D_relaxed.pdb,0
s2648,2NVHA_C8S,WT,s2648/2NVHA/2NVHA_relaxed.pdb,0
s2648,2NVHA_C8S,Mut,s2648/2NVHA/2NVHA_C8S_relaxed.pdb,0
s2648,2NVHA_C8A,WT,s2648/2NVHA/2NVHA_relaxed.pdb,0
s2648,2NVHA_C8A,Mut,s2648/2NVHA/2NVHA_C8A_relaxed.pdb,0
s2648,2NVHA_T9G,WT,s2648/2NVHA/2NVHA_relaxed.pdb,0
s2648,2NVHA_T9G,Mut,s2648/2NVHA/2NVHA_T9G_relaxed.pdb,0
s2648,2NVHA_T9Q,WT,s2648/2NVHA/2NVHA_relaxed.pdb,0
s2648,2NVHA_T9Q,Mut,s2648/2NVHA/2NVHA_T9Q_relaxed.pdb,0
s2648,2NVHA_T9A,WT,s2648/2NVHA/2NVHA_relaxed.pdb,0
s2648,2NVHA_T9A,Mut,s2648/2NVHA/2NVHA_T9A_relaxed.pdb,0
s2648,2NVHA_T9L,WT,s2648/2NVHA/2NVHA_relaxed.pdb,0
s2648,2NVHA_T9L,Mut,s2648/2NVHA/2NVHA_T9L_relaxed.pdb,0
s2648,2NVHA_L10A,WT,s2648/2NVHA/2NVHA_relaxed.pdb,0
s2648,2NVHA_L10A,Mut,s2648/2NVHA/2NVHA_L10A_relaxed.pdb,0
s2648,2NVHA_K97G,WT,s2648/2NVHA/2NVHA_relaxed.pdb,0
s2648,2NVHA_K97G,Mut,s2648/2NVHA/2NVHA_K97G_relaxed.pdb,0
s2648,2NVHA_K97V,WT,s2648/2NVHA/2NVHA_relaxed.pdb,0
s2648,2NVHA_K97V,Mut,s2648/2NVHA/2NVHA_K97V_relaxed.pdb,0
s2648,2NVHA_K97R,WT,s2648/2NVHA/2NVHA_relaxed.pdb,0
s2648,2NVHA_K97R,Mut,s2648/2NVHA/2NVHA_K97R_relaxed.pdb,0
s2648,2OCJA_R175H,WT,s2648/2OCJA/2OCJA_relaxed.pdb,0
s2648,2OCJA_R175H,Mut,s2648/2OCJA/2OCJA_R175H_relaxed.pdb,0
s2648,2OCJA_C242S,WT,s2648/2OCJA/2OCJA_relaxed.pdb,0
s2648,2OCJA_C242S,Mut,s2648/2OCJA/2OCJA_C242S_relaxed.pdb,0
s2648,2OCJA_R248Q,WT,s2648/2OCJA/2OCJA_relaxed.pdb,0
s2648,2OCJA_R248Q,Mut,s2648/2OCJA/2OCJA_R248Q_relaxed.pdb,0
s2648,2OCJA_R249S,WT,s2648/2OCJA/2OCJA_relaxed.pdb,0
s2648,2OCJA_R249S,Mut,s2648/2OCJA/2OCJA_R249S_relaxed.pdb,0
s2648,2OCJA_R273H,WT,s2648/2OCJA/2OCJA_relaxed.pdb,0
s2648,2OCJA_R273H,Mut,s2648/2OCJA/2OCJA_R273H_relaxed.pdb,0
s2648,2RN2A_D10A,WT,s2648/2RN2A/2RN2A_relaxed.pdb,0
s2648,2RN2A_D10A,Mut,s2648/2RN2A/2RN2A_D10A_relaxed.pdb,0
s2648,2RN2A_D10H,WT,s2648/2RN2A/2RN2A_relaxed.pdb,0
s2648,2RN2A_D10H,Mut,s2648/2RN2A/2RN2A_D10H_relaxed.pdb,0
s2648,2RN2A_D10S,WT,s2648/2RN2A/2RN2A_relaxed.pdb,0
s2648,2RN2A_D10S,Mut,s2648/2RN2A/2RN2A_D10S_relaxed.pdb,0
s2648,2RN2A_D10E,WT,s2648/2RN2A/2RN2A_relaxed.pdb,0
s2648,2RN2A_D10E,Mut,s2648/2RN2A/2RN2A_D10E_relaxed.pdb,0
s2648,2RN2A_D10N,WT,s2648/2RN2A/2RN2A_relaxed.pdb,0
s2648,2RN2A_D10N,Mut,s2648/2RN2A/2RN2A_D10N_relaxed.pdb,0
s2648,2RN2A_G23A,WT,s2648/2RN2A/2RN2A_relaxed.pdb,0
s2648,2RN2A_G23A,Mut,s2648/2RN2A/2RN2A_G23A_relaxed.pdb,0
s2648,2RN2A_A24V,WT,s2648/2RN2A/2RN2A_relaxed.pdb,0
s2648,2RN2A_A24V,Mut,s2648/2RN2A/2RN2A_A24V_relaxed.pdb,0
s2648,2RN2A_R41C,WT,s2648/2RN2A/2RN2A_relaxed.pdb,0
s2648,2RN2A_R41C,Mut,s2648/2RN2A/2RN2A_R41C_relaxed.pdb,0
s2648,2RN2A_E48A,WT,s2648/2RN2A/2RN2A_relaxed.pdb,0
s2648,2RN2A_E48A,Mut,s2648/2RN2A/2RN2A_E48A_relaxed.pdb,0
s2648,2RN2A_E48Q,WT,s2648/2RN2A/2RN2A_relaxed.pdb,0
s2648,2RN2A_E48Q,Mut,s2648/2RN2A/2RN2A_E48Q_relaxed.pdb,0
s2648,2RN2A_E48D,WT,s2648/2RN2A/2RN2A_relaxed.pdb,0
s2648,2RN2A_E48D,Mut,s2648/2RN2A/2RN2A_E48D_relaxed.pdb,0
s2648,2RN2A_A52D,WT,s2648/2RN2A/2RN2A_relaxed.pdb,0
s2648,2RN2A_A52D,Mut,s2648/2RN2A/2RN2A_A52D_relaxed.pdb,0
s2648,2RN2A_A52F,WT,s2648/2RN2A/2RN2A_relaxed.pdb,0
s2648,2RN2A_A52F,Mut,s2648/2RN2A/2RN2A_A52F_relaxed.pdb,0
s2648,2RN2A_A52H,WT,s2648/2RN2A/2RN2A_relaxed.pdb,0
s2648,2RN2A_A52H,Mut,s2648/2RN2A/2RN2A_A52H_relaxed.pdb,0
s2648,2RN2A_A52L,WT,s2648/2RN2A/2RN2A_relaxed.pdb,0
s2648,2RN2A_A52L,Mut,s2648/2RN2A/2RN2A_A52L_relaxed.pdb,0
s2648,2RN2A_A52N,WT,s2648/2RN2A/2RN2A_relaxed.pdb,0
s2648,2RN2A_A52N,Mut,s2648/2RN2A/2RN2A_A52N_relaxed.pdb,0
s2648,2RN2A_A52S,WT,s2648/2RN2A/2RN2A_relaxed.pdb,0
s2648,2RN2A_A52S,Mut,s2648/2RN2A/2RN2A_A52S_relaxed.pdb,0
s2648,2RN2A_A52V,WT,s2648/2RN2A/2RN2A_relaxed.pdb,0
s2648,2RN2A_A52V,Mut,s2648/2RN2A/2RN2A_A52V_relaxed.pdb,0
s2648,2RN2A_A52C,WT,s2648/2RN2A/2RN2A_relaxed.pdb,0
s2648,2RN2A_A52C,Mut,s2648/2RN2A/2RN2A_A52C_relaxed.pdb,0
s2648,2RN2A_A52E,WT,s2648/2RN2A/2RN2A_relaxed.pdb,0
s2648,2RN2A_A52E,Mut,s2648/2RN2A/2RN2A_A52E_relaxed.pdb,0
s2648,2RN2A_A52G,WT,s2648/2RN2A/2RN2A_relaxed.pdb,0
s2648,2RN2A_A52G,Mut,s2648/2RN2A/2RN2A_A52G_relaxed.pdb,0
s2648,2RN2A_A52I,WT,s2648/2RN2A/2RN2A_relaxed.pdb,0
s2648,2RN2A_A52I,Mut,s2648/2RN2A/2RN2A_A52I_relaxed.pdb,0
s2648,2RN2A_A52M,WT,s2648/2RN2A/2RN2A_relaxed.pdb,0
s2648,2RN2A_A52M,Mut,s2648/2RN2A/2RN2A_A52M_relaxed.pdb,0
s2648,2RN2A_A52Q,WT,s2648/2RN2A/2RN2A_relaxed.pdb,0
s2648,2RN2A_A52Q,Mut,s2648/2RN2A/2RN2A_A52Q_relaxed.pdb,0
s2648,2RN2A_A52T,WT,s2648/2RN2A/2RN2A_relaxed.pdb,0
s2648,2RN2A_A52T,Mut,s2648/2RN2A/2RN2A_A52T_relaxed.pdb,0
s2648,2RN2A_A52Y,WT,s2648/2RN2A/2RN2A_relaxed.pdb,0
s2648,2RN2A_A52Y,Mut,s2648/2RN2A/2RN2A_A52Y_relaxed.pdb,0
s2648,2RN2A_I53D,WT,s2648/2RN2A/2RN2A_relaxed.pdb,0
s2648,2RN2A_I53D,Mut,s2648/2RN2A/2RN2A_I53D_relaxed.pdb,0
s2648,2RN2A_I53L,WT,s2648/2RN2A/2RN2A_relaxed.pdb,0
s2648,2RN2A_I53L,Mut,s2648/2RN2A/2RN2A_I53L_relaxed.pdb,0
s2648,2RN2A_I53F,WT,s2648/2RN2A/2RN2A_relaxed.pdb,0
s2648,2RN2A_I53F,Mut,s2648/2RN2A/2RN2A_I53F_relaxed.pdb,0
s2648,2RN2A_I53V,WT,s2648/2RN2A/2RN2A_relaxed.pdb,0
s2648,2RN2A_I53V,Mut,s2648/2RN2A/2RN2A_I53V_relaxed.pdb,0
s2648,2RN2A_H62A,WT,s2648/2RN2A/2RN2A_relaxed.pdb,0
s2648,2RN2A_H62A,Mut,s2648/2RN2A/2RN2A_H62A_relaxed.pdb,0
s2648,2RN2A_H62R,WT,s2648/2RN2A/2RN2A_relaxed.pdb,0
s2648,2RN2A_H62R,Mut,s2648/2RN2A/2RN2A_H62R_relaxed.pdb,0
s2648,2RN2A_H62D,WT,s2648/2RN2A/2RN2A_relaxed.pdb,0
s2648,2RN2A_H62D,Mut,s2648/2RN2A/2RN2A_H62D_relaxed.pdb,0
s2648,2RN2A_S68G,WT,s2648/2RN2A/2RN2A_relaxed.pdb,0
s2648,2RN2A_S68G,Mut,s2648/2RN2A/2RN2A_S68G_relaxed.pdb,0
s2648,2RN2A_S68T,WT,s2648/2RN2A/2RN2A_relaxed.pdb,0
s2648,2RN2A_S68T,Mut,s2648/2RN2A/2RN2A_S68T_relaxed.pdb,0
s2648,2RN2A_S68A,WT,s2648/2RN2A/2RN2A_relaxed.pdb,0
s2648,2RN2A_S68A,Mut,s2648/2RN2A/2RN2A_S68A_relaxed.pdb,0
s2648,2RN2A_S68L,WT,s2648/2RN2A/2RN2A_relaxed.pdb,0
s2648,2RN2A_S68L,Mut,s2648/2RN2A/2RN2A_S68L_relaxed.pdb,0
s2648,2RN2A_S68V,WT,s2648/2RN2A/2RN2A_relaxed.pdb,0
s2648,2RN2A_S68V,Mut,s2648/2RN2A/2RN2A_S68V_relaxed.pdb,0
s2648,2RN2A_D70A,WT,s2648/2RN2A/2RN2A_relaxed.pdb,0
s2648,2RN2A_D70A,Mut,s2648/2RN2A/2RN2A_D70A_relaxed.pdb,0
s2648,2RN2A_D70N,WT,s2648/2RN2A/2RN2A_relaxed.pdb,0
s2648,2RN2A_D70N,Mut,s2648/2RN2A/2RN2A_D70N_relaxed.pdb,0
s2648,2RN2A_D70E,WT,s2648/2RN2A/2RN2A_relaxed.pdb,0
s2648,2RN2A_D70E,Mut,s2648/2RN2A/2RN2A_D70E_relaxed.pdb,0
s2648,2RN2A_V74I,WT,s2648/2RN2A/2RN2A_relaxed.pdb,0
s2648,2RN2A_V74I,Mut,s2648/2RN2A/2RN2A_V74I_relaxed.pdb,0
s2648,2RN2A_V74A,WT,s2648/2RN2A/2RN2A_relaxed.pdb,0
s2648,2RN2A_V74A,Mut,s2648/2RN2A/2RN2A_V74A_relaxed.pdb,0
s2648,2RN2A_V74L,WT,s2648/2RN2A/2RN2A_relaxed.pdb,0
s2648,2RN2A_V74L,Mut,s2648/2RN2A/2RN2A_V74L_relaxed.pdb,0
s2648,2RN2A_Q76L,WT,s2648/2RN2A/2RN2A_relaxed.pdb,0
s2648,2RN2A_Q76L,Mut,s2648/2RN2A/2RN2A_Q76L_relaxed.pdb,0
s2648,2RN2A_G77A,WT,s2648/2RN2A/2RN2A_relaxed.pdb,0
s2648,2RN2A_G77A,Mut,s2648/2RN2A/2RN2A_G77A_relaxed.pdb,0
s2648,2RN2A_Q80L,WT,s2648/2RN2A/2RN2A_relaxed.pdb,0
s2648,2RN2A_Q80L,Mut,s2648/2RN2A/2RN2A_Q80L_relaxed.pdb,0
s2648,2RN2A_H83A,WT,s2648/2RN2A/2RN2A_relaxed.pdb,0
s2648,2RN2A_H83A,Mut,s2648/2RN2A/2RN2A_H83A_relaxed.pdb,0
s2648,2RN2A_K91R,WT,s2648/2RN2A/2RN2A_relaxed.pdb,0
s2648,2RN2A_K91R,Mut,s2648/2RN2A/2RN2A_K91R_relaxed.pdb,0
s2648,2RN2A_D94E,WT,s2648/2RN2A/2RN2A_relaxed.pdb,0
s2648,2RN2A_D94E,Mut,s2648/2RN2A/2RN2A_D94E_relaxed.pdb,0
s2648,2RN2A_K95A,WT,s2648/2RN2A/2RN2A_relaxed.pdb,0
s2648,2RN2A_K95A,Mut,s2648/2RN2A/2RN2A_K95A_relaxed.pdb,0
s2648,2RN2A_K95N,WT,s2648/2RN2A/2RN2A_relaxed.pdb,0
s2648,2RN2A_K95N,Mut,s2648/2RN2A/2RN2A_K95N_relaxed.pdb,0
s2648,2RN2A_K95G,WT,s2648/2RN2A/2RN2A_relaxed.pdb,0
s2648,2RN2A_K95G,Mut,s2648/2RN2A/2RN2A_K95G_relaxed.pdb,0
s2648,2RN2A_H114A,WT,s2648/2RN2A/2RN2A_relaxed.pdb,0
s2648,2RN2A_H114A,Mut,s2648/2RN2A/2RN2A_H114A_relaxed.pdb,0
s2648,2RN2A_K117R,WT,s2648/2RN2A/2RN2A_relaxed.pdb,0
s2648,2RN2A_K117R,Mut,s2648/2RN2A/2RN2A_K117R_relaxed.pdb,0
s2648,2RN2A_E119V,WT,s2648/2RN2A/2RN2A_relaxed.pdb,0
s2648,2RN2A_E119V,Mut,s2648/2RN2A/2RN2A_E119V_relaxed.pdb,0
s2648,2RN2A_H124A,WT,s2648/2RN2A/2RN2A_relaxed.pdb,0
s2648,2RN2A_H124A,Mut,s2648/2RN2A/2RN2A_H124A_relaxed.pdb,0
s2648,2RN2A_A125T,WT,s2648/2RN2A/2RN2A_relaxed.pdb,0
s2648,2RN2A_A125T,Mut,s2648/2RN2A/2RN2A_A125T_relaxed.pdb,0
s2648,2RN2A_H127A,WT,s2648/2RN2A/2RN2A_relaxed.pdb,0
s2648,2RN2A_H127A,Mut,s2648/2RN2A/2RN2A_H127A_relaxed.pdb,0
s2648,2RN2A_D134E,WT,s2648/2RN2A/2RN2A_relaxed.pdb,0
s2648,2RN2A_D134E,Mut,s2648/2RN2A/2RN2A_D134E_relaxed.pdb,0
s2648,2RN2A_D134I,WT,s2648/2RN2A/2RN2A_relaxed.pdb,0
s2648,2RN2A_D134I,Mut,s2648/2RN2A/2RN2A_D134I_relaxed.pdb,0
s2648,2RN2A_D134N,WT,s2648/2RN2A/2RN2A_relaxed.pdb,0
s2648,2RN2A_D134N,Mut,s2648/2RN2A/2RN2A_D134N_relaxed.pdb,0
s2648,2RN2A_D134S,WT,s2648/2RN2A/2RN2A_relaxed.pdb,0
s2648,2RN2A_D134S,Mut,s2648/2RN2A/2RN2A_D134S_relaxed.pdb,0
s2648,2RN2A_D134V,WT,s2648/2RN2A/2RN2A_relaxed.pdb,0
s2648,2RN2A_D134V,Mut,s2648/2RN2A/2RN2A_D134V_relaxed.pdb,0
s2648,2RN2A_D134A,WT,s2648/2RN2A/2RN2A_relaxed.pdb,0
s2648,2RN2A_D134A,Mut,s2648/2RN2A/2RN2A_D134A_relaxed.pdb,0
s2648,2RN2A_D134H,WT,s2648/2RN2A/2RN2A_relaxed.pdb,0
s2648,2RN2A_D134H,Mut,s2648/2RN2A/2RN2A_D134H_relaxed.pdb,0
s2648,2RN2A_D134L,WT,s2648/2RN2A/2RN2A_relaxed.pdb,0
s2648,2RN2A_D134L,Mut,s2648/2RN2A/2RN2A_D134L_relaxed.pdb,0
s2648,2RN2A_D134Q,WT,s2648/2RN2A/2RN2A_relaxed.pdb,0
s2648,2RN2A_D134Q,Mut,s2648/2RN2A/2RN2A_D134Q_relaxed.pdb,0
s2648,2RN2A_D134T,WT,s2648/2RN2A/2RN2A_relaxed.pdb,0
s2648,2RN2A_D134T,Mut,s2648/2RN2A/2RN2A_D134T_relaxed.pdb,0
s2648,2RN2A_E135K,WT,s2648/2RN2A/2RN2A_relaxed.pdb,0
s2648,2RN2A_E135K,Mut,s2648/2RN2A/2RN2A_E135K_relaxed.pdb,0
s2648,2TRXA_D26I,WT,s2648/2TRXA/2TRXA_relaxed.pdb,0
s2648,2TRXA_D26I,Mut,s2648/2TRXA/2TRXA_D26I_relaxed.pdb,0
s2648,2TRXA_D26A,WT,s2648/2TRXA/2TRXA_relaxed.pdb,0
s2648,2TRXA_D26A,Mut,s2648/2TRXA/2TRXA_D26A_relaxed.pdb,0
s2648,2TRXA_C32A,WT,s2648/2TRXA/2TRXA_relaxed.pdb,0
s2648,2TRXA_C32A,Mut,s2648/2TRXA/2TRXA_C32A_relaxed.pdb,0
s2648,2TRXA_C35A,WT,s2648/2TRXA/2TRXA_relaxed.pdb,0
s2648,2TRXA_C35A,Mut,s2648/2TRXA/2TRXA_C35A_relaxed.pdb,0
s2648,2TRXA_T66L,WT,s2648/2TRXA/2TRXA_relaxed.pdb,0
s2648,2TRXA_T66L,Mut,s2648/2TRXA/2TRXA_T66L_relaxed.pdb,0
s2648,2TRXA_T77V,WT,s2648/2TRXA/2TRXA_relaxed.pdb,0
s2648,2TRXA_T77V,Mut,s2648/2TRXA/2TRXA_T77V_relaxed.pdb,0
s2648,2TRXA_L78R,WT,s2648/2TRXA/2TRXA_relaxed.pdb,0
s2648,2TRXA_L78R,Mut,s2648/2TRXA/2TRXA_L78R_relaxed.pdb,0
s2648,2TRXA_L78K,WT,s2648/2TRXA/2TRXA_relaxed.pdb,0
s2648,2TRXA_L78K,Mut,s2648/2TRXA/2TRXA_L78K_relaxed.pdb,0
s2648,2TS1A_I52L,WT,s2648/2TS1A/2TS1A_relaxed.pdb,0
s2648,2TS1A_I52L,Mut,s2648/2TS1A/2TS1A_I52L_relaxed.pdb,0
s2648,2TS1A_L105V,WT,s2648/2TS1A/2TS1A_relaxed.pdb,0
s2648,2TS1A_L105V,Mut,s2648/2TS1A/2TS1A_L105V_relaxed.pdb,0
s2648,3ECAA_T119A,WT,s2648/3ECAA/3ECAA_relaxed.pdb,0
s2648,3ECAA_T119A,Mut,s2648/3ECAA/3ECAA_T119A_relaxed.pdb,0
s2648,3ECAA_S122A,WT,s2648/3ECAA/3ECAA_relaxed.pdb,0
s2648,3ECAA_S122A,Mut,s2648/3ECAA/3ECAA_S122A_relaxed.pdb,0
s2648,3FVJA_H48N,WT,s2648/3FVJA/3FVJA_relaxed.pdb,0
s2648,3FVJA_H48N,Mut,s2648/3FVJA/3FVJA_H48N_relaxed.pdb,0
s2648,3FVJA_H48K,WT,s2648/3FVJA/3FVJA_relaxed.pdb,0
s2648,3FVJA_H48K,Mut,s2648/3FVJA/3FVJA_H48K_relaxed.pdb,0
s2648,3FVJA_H48Q,WT,s2648/3FVJA/3FVJA_relaxed.pdb,0
s2648,3FVJA_H48Q,Mut,s2648/3FVJA/3FVJA_H48Q_relaxed.pdb,0
s2648,3GLYA_G137A,WT,s2648/3GLYA/3GLYA_relaxed.pdb,0
s2648,3GLYA_G137A,Mut,s2648/3GLYA/3GLYA_G137A_relaxed.pdb,0
s2648,3GLYA_G139A,WT,s2648/3GLYA/3GLYA_relaxed.pdb,0
s2648,3GLYA_G139A,Mut,s2648/3GLYA/3GLYA_G139A_relaxed.pdb,0
s2648,3GLYA_G251A,WT,s2648/3GLYA/3GLYA_relaxed.pdb,0
s2648,3GLYA_G251A,Mut,s2648/3GLYA/3GLYA_G251A_relaxed.pdb,0
s2648,3GLYA_G383A,WT,s2648/3GLYA/3GLYA_relaxed.pdb,0
s2648,3GLYA_G383A,Mut,s2648/3GLYA/3GLYA_G383A_relaxed.pdb,0
s2648,3HHRA_S71Q,WT,s2648/3HHRA/3HHRA_relaxed.pdb,0
s2648,3HHRA_S71Q,Mut,s2648/3HHRA/3HHRA_S71Q_relaxed.pdb,0
s2648,3HHRA_S71V,WT,s2648/3HHRA/3HHRA_relaxed.pdb,0
s2648,3HHRA_S71V,Mut,s2648/3HHRA/3HHRA_S71V_relaxed.pdb,0
s2648,3HHRA_S71A,WT,s2648/3HHRA/3HHRA_relaxed.pdb,0
s2648,3HHRA_S71A,Mut,s2648/3HHRA/3HHRA_S71A_relaxed.pdb,0
s2648,3HHRA_S71T,WT,s2648/3HHRA/3HHRA_relaxed.pdb,0
s2648,3HHRA_S71T,Mut,s2648/3HHRA/3HHRA_S71T_relaxed.pdb,0
s2648,3HHRA_E74D,WT,s2648/3HHRA/3HHRA_relaxed.pdb,0
s2648,3HHRA_E74D,Mut,s2648/3HHRA/3HHRA_E74D_relaxed.pdb,0
s2648,3HHRA_E74Q,WT,s2648/3HHRA/3HHRA_relaxed.pdb,0
s2648,3HHRA_E74Q,Mut,s2648/3HHRA/3HHRA_E74Q_relaxed.pdb,0
s2648,3HHRA_E74T,WT,s2648/3HHRA/3HHRA_relaxed.pdb,0
s2648,3HHRA_E74T,Mut,s2648/3HHRA/3HHRA_E74T_relaxed.pdb,0
s2648,3HHRA_E74A,WT,s2648/3HHRA/3HHRA_relaxed.pdb,0
s2648,3HHRA_E74A,Mut,s2648/3HHRA/3HHRA_E74A_relaxed.pdb,0
s2648,3HHRA_E74L,WT,s2648/3HHRA/3HHRA_relaxed.pdb,0
s2648,3HHRA_E74L,Mut,s2648/3HHRA/3HHRA_E74L_relaxed.pdb,0
s2648,3HHRA_E74S,WT,s2648/3HHRA/3HHRA_relaxed.pdb,0
s2648,3HHRA_E74S,Mut,s2648/3HHRA/3HHRA_E74S_relaxed.pdb,0
s2648,3MBPA_V8G,WT,s2648/3MBPA/3MBPA_relaxed.pdb,0
s2648,3MBPA_V8G,Mut,s2648/3MBPA/3MBPA_V8G_relaxed.pdb,0
s2648,3MBPA_W10A,WT,s2648/3MBPA/3MBPA_relaxed.pdb,0
s2648,3MBPA_W10A,Mut,s2648/3MBPA/3MBPA_W10A_relaxed.pdb,0
s2648,3MBPA_G19C,WT,s2648/3MBPA/3MBPA_relaxed.pdb,0
s2648,3MBPA_G19C,Mut,s2648/3MBPA/3MBPA_G19C_relaxed.pdb,0
s2648,3MBPA_D55N,WT,s2648/3MBPA/3MBPA_relaxed.pdb,0
s2648,3MBPA_D55N,Mut,s2648/3MBPA/3MBPA_D55N_relaxed.pdb,0
s2648,3MBPA_A276G,WT,s2648/3MBPA/3MBPA_relaxed.pdb,0
s2648,3MBPA_A276G,Mut,s2648/3MBPA/3MBPA_A276G_relaxed.pdb,0
s2648,3MBPA_Y283D,WT,s2648/3MBPA/3MBPA_relaxed.pdb,0
s2648,3MBPA_Y283D,Mut,s2648/3MBPA/3MBPA_Y283D_relaxed.pdb,0
s2648,3MBPA_T345I,WT,s2648/3MBPA/3MBPA_relaxed.pdb,0
s2648,3MBPA_T345I,Mut,s2648/3MBPA/3MBPA_T345I_relaxed.pdb,0
s2648,3OLMD_K11A,WT,s2648/3OLMD/3OLMD_relaxed.pdb,0
s2648,3OLMD_K11A,Mut,s2648/3OLMD/3OLMD_K11A_relaxed.pdb,0
s2648,3OLMD_I30F,WT,s2648/3OLMD/3OLMD_relaxed.pdb,0
s2648,3OLMD_I30F,Mut,s2648/3OLMD/3OLMD_I30F_relaxed.pdb,0
s2648,3OLMD_I30V,WT,s2648/3OLMD/3OLMD_relaxed.pdb,0
s2648,3OLMD_I30V,Mut,s2648/3OLMD/3OLMD_I30V_relaxed.pdb,0
s2648,3OLMD_I30L,WT,s2648/3OLMD/3OLMD_relaxed.pdb,0
s2648,3OLMD_I30L,Mut,s2648/3OLMD/3OLMD_I30L_relaxed.pdb,0
s2648,3OLMD_E34L,WT,s2648/3OLMD/3OLMD_relaxed.pdb,0
s2648,3OLMD_E34L,Mut,s2648/3OLMD/3OLMD_E34L_relaxed.pdb,0
s2648,3OLMD_E34D,WT,s2648/3OLMD/3OLMD_relaxed.pdb,0
s2648,3OLMD_E34D,Mut,s2648/3OLMD/3OLMD_E34D_relaxed.pdb,0
s2648,3OLMD_E34S,WT,s2648/3OLMD/3OLMD_relaxed.pdb,0
s2648,3OLMD_E34S,Mut,s2648/3OLMD/3OLMD_E34S_relaxed.pdb,0
s2648,3OLMD_I36F,WT,s2648/3OLMD/3OLMD_relaxed.pdb,0
s2648,3OLMD_I36F,Mut,s2648/3OLMD/3OLMD_I36F_relaxed.pdb,0
s2648,3OLMD_I36V,WT,s2648/3OLMD/3OLMD_relaxed.pdb,0
s2648,3OLMD_I36V,Mut,s2648/3OLMD/3OLMD_I36V_relaxed.pdb,0
s2648,3OLMD_I36L,WT,s2648/3OLMD/3OLMD_relaxed.pdb,0
s2648,3OLMD_I36L,Mut,s2648/3OLMD/3OLMD_I36L_relaxed.pdb,0
s2648,3PGKA_Y48W,WT,s2648/3PGKA/3PGKA_relaxed.pdb,0
s2648,3PGKA_Y48W,Mut,s2648/3PGKA/3PGKA_Y48W_relaxed.pdb,0
s2648,3PGKA_Y122W,WT,s2648/3PGKA/3PGKA_relaxed.pdb,0
s2648,3PGKA_Y122W,Mut,s2648/3PGKA/3PGKA_Y122W_relaxed.pdb,0
s2648,3PGKA_F194W,WT,s2648/3PGKA/3PGKA_relaxed.pdb,0
s2648,3PGKA_F194W,Mut,s2648/3PGKA/3PGKA_F194W_relaxed.pdb,0
s2648,3PGKA_W308Y,WT,s2648/3PGKA/3PGKA_relaxed.pdb,0
s2648,3PGKA_W308Y,Mut,s2648/3PGKA/3PGKA_W308Y_relaxed.pdb,0
s2648,3PGKA_W308F,WT,s2648/3PGKA/3PGKA_relaxed.pdb,0
s2648,3PGKA_W308F,Mut,s2648/3PGKA/3PGKA_W308F_relaxed.pdb,0
s2648,3PGKA_W333Y,WT,s2648/3PGKA/3PGKA_relaxed.pdb,0
s2648,3PGKA_W333Y,Mut,s2648/3PGKA/3PGKA_W333Y_relaxed.pdb,0
s2648,3PGKA_W333F,WT,s2648/3PGKA/3PGKA_relaxed.pdb,0
s2648,3PGKA_W333F,Mut,s2648/3PGKA/3PGKA_W333F_relaxed.pdb,0
s2648,3PGKA_H388Q,WT,s2648/3PGKA/3PGKA_relaxed.pdb,0
s2648,3PGKA_H388Q,Mut,s2648/3PGKA/3PGKA_H388Q_relaxed.pdb,0
s2648,3PGKA_L399W,WT,s2648/3PGKA/3PGKA_relaxed.pdb,0
s2648,3PGKA_L399W,Mut,s2648/3PGKA/3PGKA_L399W_relaxed.pdb,0
s2648,3SILA_A53L,WT,s2648/3SILA/3SILA_relaxed.pdb,0
s2648,3SILA_A53L,Mut,s2648/3SILA/3SILA_A53L_relaxed.pdb,0
s2648,3SILA_A69V,WT,s2648/3SILA/3SILA_relaxed.pdb,0
s2648,3SILA_A69V,Mut,s2648/3SILA/3SILA_A69V_relaxed.pdb,0
s2648,3SSIA_V13F,WT,s2648/3SSIA/3SSIA_relaxed.pdb,0
s2648,3SSIA_V13F,Mut,s2648/3SSIA/3SSIA_V13F_relaxed.pdb,0
s2648,3SSIA_V13I,WT,s2648/3SSIA/3SSIA_relaxed.pdb,0
s2648,3SSIA_V13I,Mut,s2648/3SSIA/3SSIA_V13I_relaxed.pdb,0
s2648,3SSIA_V13M,WT,s2648/3SSIA/3SSIA_relaxed.pdb,0
s2648,3SSIA_V13M,Mut,s2648/3SSIA/3SSIA_V13M_relaxed.pdb,0
s2648,3SSIA_V13A,WT,s2648/3SSIA/3SSIA_relaxed.pdb,0
s2648,3SSIA_V13A,Mut,s2648/3SSIA/3SSIA_V13A_relaxed.pdb,0
s2648,3SSIA_V13G,WT,s2648/3SSIA/3SSIA_relaxed.pdb,0
s2648,3SSIA_V13G,Mut,s2648/3SSIA/3SSIA_V13G_relaxed.pdb,0
s2648,3SSIA_V13L,WT,s2648/3SSIA/3SSIA_relaxed.pdb,0
s2648,3SSIA_V13L,Mut,s2648/3SSIA/3SSIA_V13L_relaxed.pdb,0
s2648,3SSIA_M73D,WT,s2648/3SSIA/3SSIA_relaxed.pdb,0
s2648,3SSIA_M73D,Mut,s2648/3SSIA/3SSIA_M73D_relaxed.pdb,0
s2648,3SSIA_M73G,WT,s2648/3SSIA/3SSIA_relaxed.pdb,0
s2648,3SSIA_M73G,Mut,s2648/3SSIA/3SSIA_M73G_relaxed.pdb,0
s2648,3SSIA_M73K,WT,s2648/3SSIA/3SSIA_relaxed.pdb,0
s2648,3SSIA_M73K,Mut,s2648/3SSIA/3SSIA_M73K_relaxed.pdb,0
s2648,3SSIA_M73V,WT,s2648/3SSIA/3SSIA_relaxed.pdb,0
s2648,3SSIA_M73V,Mut,s2648/3SSIA/3SSIA_M73V_relaxed.pdb,0
s2648,3SSIA_M73A,WT,s2648/3SSIA/3SSIA_relaxed.pdb,0
s2648,3SSIA_M73A,Mut,s2648/3SSIA/3SSIA_M73A_relaxed.pdb,0
s2648,3SSIA_M73E,WT,s2648/3SSIA/3SSIA_relaxed.pdb,0
s2648,3SSIA_M73E,Mut,s2648/3SSIA/3SSIA_M73E_relaxed.pdb,0
s2648,3SSIA_M73I,WT,s2648/3SSIA/3SSIA_relaxed.pdb,0
s2648,3SSIA_M73I,Mut,s2648/3SSIA/3SSIA_M73I_relaxed.pdb,0
s2648,3SSIA_M73L,WT,s2648/3SSIA/3SSIA_relaxed.pdb,0
s2648,3SSIA_M73L,Mut,s2648/3SSIA/3SSIA_M73L_relaxed.pdb,0
s2648,3SSIA_M103G,WT,s2648/3SSIA/3SSIA_relaxed.pdb,0
s2648,3SSIA_M103G,Mut,s2648/3SSIA/3SSIA_M103G_relaxed.pdb,0
s2648,3SSIA_M103L,WT,s2648/3SSIA/3SSIA_relaxed.pdb,0
s2648,3SSIA_M103L,Mut,s2648/3SSIA/3SSIA_M103L_relaxed.pdb,0
s2648,3SSIA_M103A,WT,s2648/3SSIA/3SSIA_relaxed.pdb,0
s2648,3SSIA_M103A,Mut,s2648/3SSIA/3SSIA_M103A_relaxed.pdb,0
s2648,3SSIA_M103I,WT,s2648/3SSIA/3SSIA_relaxed.pdb,0
s2648,3SSIA_M103I,Mut,s2648/3SSIA/3SSIA_M103I_relaxed.pdb,0
s2648,3SSIA_M103V,WT,s2648/3SSIA/3SSIA_relaxed.pdb,0
s2648,3SSIA_M103V,Mut,s2648/3SSIA/3SSIA_M103V_relaxed.pdb,0
s2648,4BR1A_S105D,WT,s2648/4BR1A/4BR1A_relaxed.pdb,0
s2648,4BR1A_S105D,Mut,s2648/4BR1A/4BR1A_S105D_relaxed.pdb,0
s2648,4BR1A_Q179A,WT,s2648/4BR1A/4BR1A_relaxed.pdb,0
s2648,4BR1A_Q179A,Mut,s2648/4BR1A/4BR1A_Q179A_relaxed.pdb,0
s2648,4BR1A_Q179D,WT,s2648/4BR1A/4BR1A_relaxed.pdb,0
s2648,4BR1A_Q179D,Mut,s2648/4BR1A/4BR1A_Q179D_relaxed.pdb,0
s2648,4BR1A_K193A,WT,s2648/4BR1A/4BR1A_relaxed.pdb,0
s2648,4BR1A_K193A,Mut,s2648/4BR1A/4BR1A_K193A_relaxed.pdb,0
s2648,4LYZA_F3Y,WT,s2648/4LYZA/4LYZA_relaxed.pdb,0
s2648,4LYZA_F3Y,Mut,s2648/4LYZA/4LYZA_F3Y_relaxed.pdb,0
s2648,4LYZA_M12L,WT,s2648/4LYZA/4LYZA_relaxed.pdb,0
s2648,4LYZA_M12L,Mut,s2648/4LYZA/4LYZA_M12L_relaxed.pdb,0
s2648,4LYZA_M12F,WT,s2648/4LYZA/4LYZA_relaxed.pdb,0
s2648,4LYZA_M12F,Mut,s2648/4LYZA/4LYZA_M12F_relaxed.pdb,0
s2648,4LYZA_H15L,WT,s2648/4LYZA/4LYZA_relaxed.pdb,0
s2648,4LYZA_H15L,Mut,s2648/4LYZA/4LYZA_H15L_relaxed.pdb,0
s2648,4LYZA_N19K,WT,s2648/4LYZA/4LYZA_relaxed.pdb,0
s2648,4LYZA_N19K,Mut,s2648/4LYZA/4LYZA_N19K_relaxed.pdb,0
s2648,4LYZA_R21Q,WT,s2648/4LYZA/4LYZA_relaxed.pdb,0
s2648,4LYZA_R21Q,Mut,s2648/4LYZA/4LYZA_R21Q_relaxed.pdb,0
s2648,4LYZA_A31I,WT,s2648/4LYZA/4LYZA_relaxed.pdb,0
s2648,4LYZA_A31I,Mut,s2648/4LYZA/4LYZA_A31I_relaxed.pdb,0
s2648,4LYZA_A31V,WT,s2648/4LYZA/4LYZA_relaxed.pdb,0
s2648,4LYZA_A31V,Mut,s2648/4LYZA/4LYZA_A31V_relaxed.pdb,0
s2648,4LYZA_A31L,WT,s2648/4LYZA/4LYZA_relaxed.pdb,0
s2648,4LYZA_A31L,Mut,s2648/4LYZA/4LYZA_A31L_relaxed.pdb,0
s2648,4LYZA_F34Y,WT,s2648/4LYZA/4LYZA_relaxed.pdb,0
s2648,4LYZA_F34Y,Mut,s2648/4LYZA/4LYZA_F34Y_relaxed.pdb,0
s2648,4LYZA_E35A,WT,s2648/4LYZA/4LYZA_relaxed.pdb,0
s2648,4LYZA_E35A,Mut,s2648/4LYZA/4LYZA_E35A_relaxed.pdb,0
s2648,4LYZA_E35Q,WT,s2648/4LYZA/4LYZA_relaxed.pdb,0
s2648,4LYZA_E35Q,Mut,s2648/4LYZA/4LYZA_E35Q_relaxed.pdb,0
s2648,4LYZA_E35H,WT,s2648/4LYZA/4LYZA_relaxed.pdb,0
s2648,4LYZA_E35H,Mut,s2648/4LYZA/4LYZA_E35H_relaxed.pdb,0
s2648,4LYZA_T40S,WT,s2648/4LYZA/4LYZA_relaxed.pdb,0
s2648,4LYZA_T40S,Mut,s2648/4LYZA/4LYZA_T40S_relaxed.pdb,0
s2648,4LYZA_T40I,WT,s2648/4LYZA/4LYZA_relaxed.pdb,0
s2648,4LYZA_T40I,Mut,s2648/4LYZA/4LYZA_T40I_relaxed.pdb,0
s2648,4LYZA_N46D,WT,s2648/4LYZA/4LYZA_relaxed.pdb,0
s2648,4LYZA_N46D,Mut,s2648/4LYZA/4LYZA_N46D_relaxed.pdb,0
s2648,4LYZA_G49A,WT,s2648/4LYZA/4LYZA_relaxed.pdb,0
s2648,4LYZA_G49A,Mut,s2648/4LYZA/4LYZA_G49A_relaxed.pdb,0
s2648,4LYZA_G49N,WT,s2648/4LYZA/4LYZA_relaxed.pdb,0
s2648,4LYZA_G49N,Mut,s2648/4LYZA/4LYZA_G49N_relaxed.pdb,0
s2648,4LYZA_I55A,WT,s2648/4LYZA/4LYZA_relaxed.pdb,0
s2648,4LYZA_I55A,Mut,s2648/4LYZA/4LYZA_I55A_relaxed.pdb,0
s2648,4LYZA_I55L,WT,s2648/4LYZA/4LYZA_relaxed.pdb,0
s2648,4LYZA_I55L,Mut,s2648/4LYZA/4LYZA_I55L_relaxed.pdb,0
s2648,4LYZA_I55T,WT,s2648/4LYZA/4LYZA_relaxed.pdb,0
s2648,4LYZA_I55T,Mut,s2648/4LYZA/4LYZA_I55T_relaxed.pdb,0
s2648,4LYZA_I55F,WT,s2648/4LYZA/4LYZA_relaxed.pdb,0
s2648,4LYZA_I55F,Mut,s2648/4LYZA/4LYZA_I55F_relaxed.pdb,0
s2648,4LYZA_I55M,WT,s2648/4LYZA/4LYZA_relaxed.pdb,0
s2648,4LYZA_I55M,Mut,s2648/4LYZA/4LYZA_I55M_relaxed.pdb,0
s2648,4LYZA_I55V,WT,s2648/4LYZA/4LYZA_relaxed.pdb,0
s2648,4LYZA_I55V,Mut,s2648/4LYZA/4LYZA_I55V_relaxed.pdb,0
s2648,4LYZA_I58M,WT,s2648/4LYZA/4LYZA_relaxed.pdb,0
s2648,4LYZA_I58M,Mut,s2648/4LYZA/4LYZA_I58M_relaxed.pdb,0
s2648,4LYZA_G67A,WT,s2648/4LYZA/4LYZA_relaxed.pdb,0
s2648,4LYZA_G67A,Mut,s2648/4LYZA/4LYZA_G67A_relaxed.pdb,0
s2648,4LYZA_R68K,WT,s2648/4LYZA/4LYZA_relaxed.pdb,0
s2648,4LYZA_R68K,Mut,s2648/4LYZA/4LYZA_R68K_relaxed.pdb,0
s2648,4LYZA_G71A,WT,s2648/4LYZA/4LYZA_relaxed.pdb,0
s2648,4LYZA_G71A,Mut,s2648/4LYZA/4LYZA_G71A_relaxed.pdb,0
s2648,4LYZA_R73K,WT,s2648/4LYZA/4LYZA_relaxed.pdb,0
s2648,4LYZA_R73K,Mut,s2648/4LYZA/4LYZA_R73K_relaxed.pdb,0
s2648,4LYZA_N77H,WT,s2648/4LYZA/4LYZA_relaxed.pdb,0
s2648,4LYZA_N77H,Mut,s2648/4LYZA/4LYZA_N77H_relaxed.pdb,0
s2648,4LYZA_I78M,WT,s2648/4LYZA/4LYZA_relaxed.pdb,0
s2648,4LYZA_I78M,Mut,s2648/4LYZA/4LYZA_I78M_relaxed.pdb,0
s2648,4LYZA_S91D,WT,s2648/4LYZA/4LYZA_relaxed.pdb,0
s2648,4LYZA_S91D,Mut,s2648/4LYZA/4LYZA_S91D_relaxed.pdb,0
s2648,4LYZA_S91V,WT,s2648/4LYZA/4LYZA_relaxed.pdb,0
s2648,4LYZA_S91V,Mut,s2648/4LYZA/4LYZA_S91V_relaxed.pdb,0
s2648,4LYZA_S91A,WT,s2648/4LYZA/4LYZA_relaxed.pdb,0
s2648,4LYZA_S91A,Mut,s2648/4LYZA/4LYZA_S91A_relaxed.pdb,0
s2648,4LYZA_S91T,WT,s2648/4LYZA/4LYZA_relaxed.pdb,0
s2648,4LYZA_S91T,Mut,s2648/4LYZA/4LYZA_S91T_relaxed.pdb,0
s2648,4LYZA_S91Y,WT,s2648/4LYZA/4LYZA_relaxed.pdb,0
s2648,4LYZA_S91Y,Mut,s2648/4LYZA/4LYZA_S91Y_relaxed.pdb,0
s2648,4LYZA_C94A,WT,s2648/4LYZA/4LYZA_relaxed.pdb,0
s2648,4LYZA_C94A,Mut,s2648/4LYZA/4LYZA_C94A_relaxed.pdb,0
s2648,4LYZA_I98M,WT,s2648/4LYZA/4LYZA_relaxed.pdb,0
s2648,4LYZA_I98M,Mut,s2648/4LYZA/4LYZA_I98M_relaxed.pdb,0
s2648,4LYZA_D101A,WT,s2648/4LYZA/4LYZA_relaxed.pdb,0
s2648,4LYZA_D101A,Mut,s2648/4LYZA/4LYZA_D101A_relaxed.pdb,0
s2648,4LYZA_D101F,WT,s2648/4LYZA/4LYZA_relaxed.pdb,0
s2648,4LYZA_D101F,Mut,s2648/4LYZA/4LYZA_D101F_relaxed.pdb,0
s2648,4LYZA_D101K,WT,s2648/4LYZA/4LYZA_relaxed.pdb,0
s2648,4LYZA_D101K,Mut,s2648/4LYZA/4LYZA_D101K_relaxed.pdb,0
s2648,4LYZA_D101Q,WT,s2648/4LYZA/4LYZA_relaxed.pdb,0
s2648,4LYZA_D101Q,Mut,s2648/4LYZA/4LYZA_D101Q_relaxed.pdb,0
s2648,4LYZA_D101S,WT,s2648/4LYZA/4LYZA_relaxed.pdb,0
s2648,4LYZA_D101S,Mut,s2648/4LYZA/4LYZA_D101S_relaxed.pdb,0
s2648,4LYZA_D101E,WT,s2648/4LYZA/4LYZA_relaxed.pdb,0
s2648,4LYZA_D101E,Mut,s2648/4LYZA/4LYZA_D101E_relaxed.pdb,0
s2648,4LYZA_D101G,WT,s2648/4LYZA/4LYZA_relaxed.pdb,0
s2648,4LYZA_D101G,Mut,s2648/4LYZA/4LYZA_D101G_relaxed.pdb,0
s2648,4LYZA_D101N,WT,s2648/4LYZA/4LYZA_relaxed.pdb,0
s2648,4LYZA_D101N,Mut,s2648/4LYZA/4LYZA_D101N_relaxed.pdb,0
s2648,4LYZA_D101R,WT,s2648/4LYZA/4LYZA_relaxed.pdb,0
s2648,4LYZA_D101R,Mut,s2648/4LYZA/4LYZA_D101R_relaxed.pdb,0
s2648,4LYZA_G102R,WT,s2648/4LYZA/4LYZA_relaxed.pdb,0
s2648,4LYZA_G102R,Mut,s2648/4LYZA/4LYZA_G102R_relaxed.pdb,0
s2648,4LYZA_G102A,WT,s2648/4LYZA/4LYZA_relaxed.pdb,0
s2648,4LYZA_G102A,Mut,s2648/4LYZA/4LYZA_G102A_relaxed.pdb,0
s2648,4LYZA_G102V,WT,s2648/4LYZA/4LYZA_relaxed.pdb,0
s2648,4LYZA_G102V,Mut,s2648/4LYZA/4LYZA_G102V_relaxed.pdb,0
s2648,4LYZA_N103D,WT,s2648/4LYZA/4LYZA_relaxed.pdb,0
s2648,4LYZA_N103D,Mut,s2648/4LYZA/4LYZA_N103D_relaxed.pdb,0
s2648,4LYZA_M105T,WT,s2648/4LYZA/4LYZA_relaxed.pdb,0
s2648,4LYZA_M105T,Mut,s2648/4LYZA/4LYZA_M105T_relaxed.pdb,0
s2648,4LYZA_W108Q,WT,s2648/4LYZA/4LYZA_relaxed.pdb,0
s2648,4LYZA_W108Q,Mut,s2648/4LYZA/4LYZA_W108Q_relaxed.pdb,0
s2648,4LYZA_W108Y,WT,s2648/4LYZA/4LYZA_relaxed.pdb,0
s2648,4LYZA_W108Y,Mut,s2648/4LYZA/4LYZA_W108Y_relaxed.pdb,0
s2648,4LYZA_R114H,WT,s2648/4LYZA/4LYZA_relaxed.pdb,0
s2648,4LYZA_R114H,Mut,s2648/4LYZA/4LYZA_R114H_relaxed.pdb,0
s2648,4LYZA_G117A,WT,s2648/4LYZA/4LYZA_relaxed.pdb,0
s2648,4LYZA_G117A,Mut,s2648/4LYZA/4LYZA_G117A_relaxed.pdb,0
s2648,4LYZA_Q121H,WT,s2648/4LYZA/4LYZA_relaxed.pdb,0
s2648,4LYZA_Q121H,Mut,s2648/4LYZA/4LYZA_Q121H_relaxed.pdb,0
s2648,4REXA_A180R,WT,s2648/4REXA/4REXA_relaxed.pdb,0
s2648,4REXA_A180R,Mut,s2648/4REXA/4REXA_A180R_relaxed.pdb,0
s2648,4REXA_L190Y,WT,s2648/4REXA/4REXA_relaxed.pdb,0
s2648,4REXA_L190Y,Mut,s2648/4REXA/4REXA_L190Y_relaxed.pdb,0
s2648,4REXA_D194T,WT,s2648/4REXA/4REXA_relaxed.pdb,0
s2648,4REXA_D194T,Mut,s2648/4REXA/4REXA_D194T_relaxed.pdb,0
s2648,4V2FA_R128E,WT,s2648/4V2FA/4V2FA_relaxed.pdb,0
s2648,4V2FA_R128E,Mut,s2648/4V2FA/4V2FA_R128E_relaxed.pdb,0
s2648,5CROA_Q16L,WT,s2648/5CROA/5CROA_relaxed.pdb,0
s2648,5CROA_Q16L,Mut,s2648/5CROA/5CROA_Q16L_relaxed.pdb,0
s2648,5CROA_Y26C,WT,s2648/5CROA/5CROA_relaxed.pdb,0
s2648,5CROA_Y26C,Mut,s2648/5CROA/5CROA_Y26C_relaxed.pdb,0
s2648,5CROA_Y26F,WT,s2648/5CROA/5CROA_relaxed.pdb,0
s2648,5CROA_Y26F,Mut,s2648/5CROA/5CROA_Y26F_relaxed.pdb,0
s2648,5CROA_Y26L,WT,s2648/5CROA/5CROA_relaxed.pdb,0
s2648,5CROA_Y26L,Mut,s2648/5CROA/5CROA_Y26L_relaxed.pdb,0
s2648,5CROA_Y26V,WT,s2648/5CROA/5CROA_relaxed.pdb,0
s2648,5CROA_Y26V,Mut,s2648/5CROA/5CROA_Y26V_relaxed.pdb,0
s2648,5CROA_Y26D,WT,s2648/5CROA/5CROA_relaxed.pdb,0
s2648,5CROA_Y26D,Mut,s2648/5CROA/5CROA_Y26D_relaxed.pdb,0
s2648,5CROA_Y26H,WT,s2648/5CROA/5CROA_relaxed.pdb,0
s2648,5CROA_Y26H,Mut,s2648/5CROA/5CROA_Y26H_relaxed.pdb,0
s2648,5CROA_Y26Q,WT,s2648/5CROA/5CROA_relaxed.pdb,0
s2648,5CROA_Y26Q,Mut,s2648/5CROA/5CROA_Y26Q_relaxed.pdb,0
s2648,5CROA_Y26W,WT,s2648/5CROA/5CROA_relaxed.pdb,0
s2648,5CROA_Y26W,Mut,s2648/5CROA/5CROA_Y26W_relaxed.pdb,0
s2648,5CROA_A36S,WT,s2648/5CROA/5CROA_relaxed.pdb,0
s2648,5CROA_A36S,Mut,s2648/5CROA/5CROA_A36S_relaxed.pdb,0
s2648,5DFRA_I2V,WT,s2648/5DFRA/5DFRA_relaxed.pdb,0
s2648,5DFRA_I2V,Mut,s2648/5DFRA/5DFRA_I2V_relaxed.pdb,0
s2648,5DFRA_G15A,WT,s2648/5DFRA/5DFRA_relaxed.pdb,0
s2648,5DFRA_G15A,Mut,s2648/5DFRA/5DFRA_G15A_relaxed.pdb,0
s2648,5DFRA_W22L,WT,s2648/5DFRA/5DFRA_relaxed.pdb,0
s2648,5DFRA_W22L,Mut,s2648/5DFRA/5DFRA_W22L_relaxed.pdb,0
s2648,5DFRA_L24V,WT,s2648/5DFRA/5DFRA_relaxed.pdb,0
s2648,5DFRA_L24V,Mut,s2648/5DFRA/5DFRA_L24V_relaxed.pdb,0
s2648,5DFRA_D27N,WT,s2648/5DFRA/5DFRA_relaxed.pdb,0
s2648,5DFRA_D27N,Mut,s2648/5DFRA/5DFRA_D27N_relaxed.pdb,0
s2648,5DFRA_L28R,WT,s2648/5DFRA/5DFRA_relaxed.pdb,0
s2648,5DFRA_L28R,Mut,s2648/5DFRA/5DFRA_L28R_relaxed.pdb,0
s2648,5DFRA_W30E,WT,s2648/5DFRA/5DFRA_relaxed.pdb,0
s2648,5DFRA_W30E,Mut,s2648/5DFRA/5DFRA_W30E_relaxed.pdb,0
s2648,5DFRA_W30M,WT,s2648/5DFRA/5DFRA_relaxed.pdb,0
s2648,5DFRA_W30M,Mut,s2648/5DFRA/5DFRA_W30M_relaxed.pdb,0
s2648,5DFRA_W30R,WT,s2648/5DFRA/5DFRA_relaxed.pdb,0
s2648,5DFRA_W30R,Mut,s2648/5DFRA/5DFRA_W30R_relaxed.pdb,0
s2648,5DFRA_W30Y,WT,s2648/5DFRA/5DFRA_relaxed.pdb,0
s2648,5DFRA_W30Y,Mut,s2648/5DFRA/5DFRA_W30Y_relaxed.pdb,0
s2648,5DFRA_W30A,WT,s2648/5DFRA/5DFRA_relaxed.pdb,0
s2648,5DFRA_W30A,Mut,s2648/5DFRA/5DFRA_W30A_relaxed.pdb,0
s2648,5DFRA_W30H,WT,s2648/5DFRA/5DFRA_relaxed.pdb,0
s2648,5DFRA_W30H,Mut,s2648/5DFRA/5DFRA_W30H_relaxed.pdb,0
s2648,5DFRA_W30N,WT,s2648/5DFRA/5DFRA_relaxed.pdb,0
s2648,5DFRA_W30N,Mut,s2648/5DFRA/5DFRA_W30N_relaxed.pdb,0
s2648,5DFRA_W30S,WT,s2648/5DFRA/5DFRA_relaxed.pdb,0
s2648,5DFRA_W30S,Mut,s2648/5DFRA/5DFRA_W30S_relaxed.pdb,0
s2648,5DFRA_F31V,WT,s2648/5DFRA/5DFRA_relaxed.pdb,0
s2648,5DFRA_F31V,Mut,s2648/5DFRA/5DFRA_F31V_relaxed.pdb,0
s2648,5DFRA_F31A,WT,s2648/5DFRA/5DFRA_relaxed.pdb,0
s2648,5DFRA_F31A,Mut,s2648/5DFRA/5DFRA_F31A_relaxed.pdb,0
s2648,5DFRA_T35A,WT,s2648/5DFRA/5DFRA_relaxed.pdb,0
s2648,5DFRA_T35A,Mut,s2648/5DFRA/5DFRA_T35A_relaxed.pdb,0
s2648,5DFRA_V40A,WT,s2648/5DFRA/5DFRA_relaxed.pdb,0
s2648,5DFRA_V40A,Mut,s2648/5DFRA/5DFRA_V40A_relaxed.pdb,0
s2648,5DFRA_V40H,WT,s2648/5DFRA/5DFRA_relaxed.pdb,0
s2648,5DFRA_V40H,Mut,s2648/5DFRA/5DFRA_V40H_relaxed.pdb,0
s2648,5DFRA_V40L,WT,s2648/5DFRA/5DFRA_relaxed.pdb,0
s2648,5DFRA_V40L,Mut,s2648/5DFRA/5DFRA_V40L_relaxed.pdb,0
s2648,5DFRA_V40N,WT,s2648/5DFRA/5DFRA_relaxed.pdb,0
s2648,5DFRA_V40N,Mut,s2648/5DFRA/5DFRA_V40N_relaxed.pdb,0
s2648,5DFRA_V40S,WT,s2648/5DFRA/5DFRA_relaxed.pdb,0
s2648,5DFRA_V40S,Mut,s2648/5DFRA/5DFRA_V40S_relaxed.pdb,0
s2648,5DFRA_V40F,WT,s2648/5DFRA/5DFRA_relaxed.pdb,0
s2648,5DFRA_V40F,Mut,s2648/5DFRA/5DFRA_V40F_relaxed.pdb,0
s2648,5DFRA_V40I,WT,s2648/5DFRA/5DFRA_relaxed.pdb,0
s2648,5DFRA_V40I,Mut,s2648/5DFRA/5DFRA_V40I_relaxed.pdb,0
s2648,5DFRA_V40M,WT,s2648/5DFRA/5DFRA_relaxed.pdb,0
s2648,5DFRA_V40M,Mut,s2648/5DFRA/5DFRA_V40M_relaxed.pdb,0
s2648,5DFRA_V40R,WT,s2648/5DFRA/5DFRA_relaxed.pdb,0
s2648,5DFRA_V40R,Mut,s2648/5DFRA/5DFRA_V40R_relaxed.pdb,0
s2648,5DFRA_G43A,WT,s2648/5DFRA/5DFRA_relaxed.pdb,0
s2648,5DFRA_G43A,Mut,s2648/5DFRA/5DFRA_G43A_relaxed.pdb,0
s2648,5DFRA_R44A,WT,s2648/5DFRA/5DFRA_relaxed.pdb,0
s2648,5DFRA_R44A,Mut,s2648/5DFRA/5DFRA_R44A_relaxed.pdb,0
s2648,5DFRA_R44L,WT,s2648/5DFRA/5DFRA_relaxed.pdb,0
s2648,5DFRA_R44L,Mut,s2648/5DFRA/5DFRA_R44L_relaxed.pdb,0
s2648,5DFRA_L54V,WT,s2648/5DFRA/5DFRA_relaxed.pdb,0
s2648,5DFRA_L54V,Mut,s2648/5DFRA/5DFRA_L54V_relaxed.pdb,0
s2648,5DFRA_N59E,WT,s2648/5DFRA/5DFRA_relaxed.pdb,0
s2648,5DFRA_N59E,Mut,s2648/5DFRA/5DFRA_N59E_relaxed.pdb,0
s2648,5DFRA_N59H,WT,s2648/5DFRA/5DFRA_relaxed.pdb,0
s2648,5DFRA_N59H,Mut,s2648/5DFRA/5DFRA_N59H_relaxed.pdb,0
s2648,5DFRA_N59K,WT,s2648/5DFRA/5DFRA_relaxed.pdb,0
s2648,5DFRA_N59K,Mut,s2648/5DFRA/5DFRA_N59K_relaxed.pdb,0
s2648,5DFRA_N59M,WT,s2648/5DFRA/5DFRA_relaxed.pdb,0
s2648,5DFRA_N59M,Mut,s2648/5DFRA/5DFRA_N59M_relaxed.pdb,0
s2648,5DFRA_N59S,WT,s2648/5DFRA/5DFRA_relaxed.pdb,0
s2648,5DFRA_N59S,Mut,s2648/5DFRA/5DFRA_N59S_relaxed.pdb,0
s2648,5DFRA_N59V,WT,s2648/5DFRA/5DFRA_relaxed.pdb,0
s2648,5DFRA_N59V,Mut,s2648/5DFRA/5DFRA_N59V_relaxed.pdb,0
s2648,5DFRA_N59C,WT,s2648/5DFRA/5DFRA_relaxed.pdb,0
s2648,5DFRA_N59C,Mut,s2648/5DFRA/5DFRA_N59C_relaxed.pdb,0
s2648,5DFRA_N59G,WT,s2648/5DFRA/5DFRA_relaxed.pdb,0
s2648,5DFRA_N59G,Mut,s2648/5DFRA/5DFRA_N59G_relaxed.pdb,0
s2648,5DFRA_N59I,WT,s2648/5DFRA/5DFRA_relaxed.pdb,0
s2648,5DFRA_N59I,Mut,s2648/5DFRA/5DFRA_N59I_relaxed.pdb,0
s2648,5DFRA_N59L,WT,s2648/5DFRA/5DFRA_relaxed.pdb,0
s2648,5DFRA_N59L,Mut,s2648/5DFRA/5DFRA_N59L_relaxed.pdb,0
s2648,5DFRA_N59Q,WT,s2648/5DFRA/5DFRA_relaxed.pdb,0
s2648,5DFRA_N59Q,Mut,s2648/5DFRA/5DFRA_N59Q_relaxed.pdb,0
s2648,5DFRA_N59T,WT,s2648/5DFRA/5DFRA_relaxed.pdb,0
s2648,5DFRA_N59T,Mut,s2648/5DFRA/5DFRA_N59T_relaxed.pdb,0
s2648,5DFRA_N59W,WT,s2648/5DFRA/5DFRA_relaxed.pdb,0
s2648,5DFRA_N59W,Mut,s2648/5DFRA/5DFRA_N59W_relaxed.pdb,0
s2648,5DFRA_I61L,WT,s2648/5DFRA/5DFRA_relaxed.pdb,0
s2648,5DFRA_I61L,Mut,s2648/5DFRA/5DFRA_I61L_relaxed.pdb,0
s2648,5DFRA_I61V,WT,s2648/5DFRA/5DFRA_relaxed.pdb,0
s2648,5DFRA_I61V,Mut,s2648/5DFRA/5DFRA_I61V_relaxed.pdb,0
s2648,5DFRA_G67A,WT,s2648/5DFRA/5DFRA_relaxed.pdb,0
s2648,5DFRA_G67A,Mut,s2648/5DFRA/5DFRA_G67A_relaxed.pdb,0
s2648,5DFRA_G67D,WT,s2648/5DFRA/5DFRA_relaxed.pdb,0
s2648,5DFRA_G67D,Mut,s2648/5DFRA/5DFRA_G67D_relaxed.pdb,0
s2648,5DFRA_G67S,WT,s2648/5DFRA/5DFRA_relaxed.pdb,0
s2648,5DFRA_G67S,Mut,s2648/5DFRA/5DFRA_G67S_relaxed.pdb,0
s2648,5DFRA_G67V,WT,s2648/5DFRA/5DFRA_relaxed.pdb,0
s2648,5DFRA_G67V,Mut,s2648/5DFRA/5DFRA_G67V_relaxed.pdb,0
s2648,5DFRA_G67C,WT,s2648/5DFRA/5DFRA_relaxed.pdb,0
s2648,5DFRA_G67C,Mut,s2648/5DFRA/5DFRA_G67C_relaxed.pdb,0
s2648,5DFRA_G67L,WT,s2648/5DFRA/5DFRA_relaxed.pdb,0
s2648,5DFRA_G67L,Mut,s2648/5DFRA/5DFRA_G67L_relaxed.pdb,0
s2648,5DFRA_G67T,WT,s2648/5DFRA/5DFRA_relaxed.pdb,0
s2648,5DFRA_G67T,Mut,s2648/5DFRA/5DFRA_G67T_relaxed.pdb,0
s2648,5DFRA_W74F,WT,s2648/5DFRA/5DFRA_relaxed.pdb,0
s2648,5DFRA_W74F,Mut,s2648/5DFRA/5DFRA_W74F_relaxed.pdb,0
s2648,5DFRA_V75A,WT,s2648/5DFRA/5DFRA_relaxed.pdb,0
s2648,5DFRA_V75A,Mut,s2648/5DFRA/5DFRA_V75A_relaxed.pdb,0
s2648,5DFRA_V75H,WT,s2648/5DFRA/5DFRA_relaxed.pdb,0
s2648,5DFRA_V75H,Mut,s2648/5DFRA/5DFRA_V75H_relaxed.pdb,0
s2648,5DFRA_V75R,WT,s2648/5DFRA/5DFRA_relaxed.pdb,0
s2648,5DFRA_V75R,Mut,s2648/5DFRA/5DFRA_V75R_relaxed.pdb,0
s2648,5DFRA_V75Y,WT,s2648/5DFRA/5DFRA_relaxed.pdb,0
s2648,5DFRA_V75Y,Mut,s2648/5DFRA/5DFRA_V75Y_relaxed.pdb,0
s2648,5DFRA_V75C,WT,s2648/5DFRA/5DFRA_relaxed.pdb,0
s2648,5DFRA_V75C,Mut,s2648/5DFRA/5DFRA_V75C_relaxed.pdb,0
s2648,5DFRA_V75I,WT,s2648/5DFRA/5DFRA_relaxed.pdb,0
s2648,5DFRA_V75I,Mut,s2648/5DFRA/5DFRA_V75I_relaxed.pdb,0
s2648,5DFRA_V75S,WT,s2648/5DFRA/5DFRA_relaxed.pdb,0
s2648,5DFRA_V75S,Mut,s2648/5DFRA/5DFRA_V75S_relaxed.pdb,0
s2648,5DFRA_C85S,WT,s2648/5DFRA/5DFRA_relaxed.pdb,0
s2648,5DFRA_C85S,Mut,s2648/5DFRA/5DFRA_C85S_relaxed.pdb,0
s2648,5DFRA_V88A,WT,s2648/5DFRA/5DFRA_relaxed.pdb,0
s2648,5DFRA_V88A,Mut,s2648/5DFRA/5DFRA_V88A_relaxed.pdb,0
s2648,5DFRA_V88I,WT,s2648/5DFRA/5DFRA_relaxed.pdb,0
s2648,5DFRA_V88I,Mut,s2648/5DFRA/5DFRA_V88I_relaxed.pdb,0
s2648,5DFRA_I91L,WT,s2648/5DFRA/5DFRA_relaxed.pdb,0
s2648,5DFRA_I91L,Mut,s2648/5DFRA/5DFRA_I91L_relaxed.pdb,0
s2648,5DFRA_I91V,WT,s2648/5DFRA/5DFRA_relaxed.pdb,0
s2648,5DFRA_I91V,Mut,s2648/5DFRA/5DFRA_I91V_relaxed.pdb,0
s2648,5DFRA_I94L,WT,s2648/5DFRA/5DFRA_relaxed.pdb,0
s2648,5DFRA_I94L,Mut,s2648/5DFRA/5DFRA_I94L_relaxed.pdb,0
s2648,5DFRA_I94V,WT,s2648/5DFRA/5DFRA_relaxed.pdb,0
s2648,5DFRA_I94V,Mut,s2648/5DFRA/5DFRA_I94V_relaxed.pdb,0
s2648,5DFRA_G95A,WT,s2648/5DFRA/5DFRA_relaxed.pdb,0
s2648,5DFRA_G95A,Mut,s2648/5DFRA/5DFRA_G95A_relaxed.pdb,0
s2648,5DFRA_L112V,WT,s2648/5DFRA/5DFRA_relaxed.pdb,0
s2648,5DFRA_L112V,Mut,s2648/5DFRA/5DFRA_L112V_relaxed.pdb,0
s2648,5DFRA_L112I,WT,s2648/5DFRA/5DFRA_relaxed.pdb,0
s2648,5DFRA_L112I,Mut,s2648/5DFRA/5DFRA_L112I_relaxed.pdb,0
s2648,5DFRA_T113V,WT,s2648/5DFRA/5DFRA_relaxed.pdb,0
s2648,5DFRA_T113V,Mut,s2648/5DFRA/5DFRA_T113V_relaxed.pdb,0
s2648,5DFRA_G121A,WT,s2648/5DFRA/5DFRA_relaxed.pdb,0
s2648,5DFRA_G121A,Mut,s2648/5DFRA/5DFRA_G121A_relaxed.pdb,0
s2648,5DFRA_G121D,WT,s2648/5DFRA/5DFRA_relaxed.pdb,0
s2648,5DFRA_G121D,Mut,s2648/5DFRA/5DFRA_G121D_relaxed.pdb,0
s2648,5DFRA_G121L,WT,s2648/5DFRA/5DFRA_relaxed.pdb,0
s2648,5DFRA_G121L,Mut,s2648/5DFRA/5DFRA_G121L_relaxed.pdb,0
s2648,5DFRA_G121V,WT,s2648/5DFRA/5DFRA_relaxed.pdb,0
s2648,5DFRA_G121V,Mut,s2648/5DFRA/5DFRA_G121V_relaxed.pdb,0
s2648,5DFRA_G121C,WT,s2648/5DFRA/5DFRA_relaxed.pdb,0
s2648,5DFRA_G121C,Mut,s2648/5DFRA/5DFRA_G121C_relaxed.pdb,0
s2648,5DFRA_G121H,WT,s2648/5DFRA/5DFRA_relaxed.pdb,0
s2648,5DFRA_G121H,Mut,s2648/5DFRA/5DFRA_G121H_relaxed.pdb,0
s2648,5DFRA_G121S,WT,s2648/5DFRA/5DFRA_relaxed.pdb,0
s2648,5DFRA_G121S,Mut,s2648/5DFRA/5DFRA_G121S_relaxed.pdb,0
s2648,5DFRA_G121Y,WT,s2648/5DFRA/5DFRA_relaxed.pdb,0
s2648,5DFRA_G121Y,Mut,s2648/5DFRA/5DFRA_G121Y_relaxed.pdb,0
s2648,5DFRA_D122A,WT,s2648/5DFRA/5DFRA_relaxed.pdb,0
s2648,5DFRA_D122A,Mut,s2648/5DFRA/5DFRA_D122A_relaxed.pdb,0
s2648,5DFRA_E139Q,WT,s2648/5DFRA/5DFRA_relaxed.pdb,0
s2648,5DFRA_E139Q,Mut,s2648/5DFRA/5DFRA_E139Q_relaxed.pdb,0
s2648,5DFRA_E139K,WT,s2648/5DFRA/5DFRA_relaxed.pdb,0
s2648,5DFRA_E139K,Mut,s2648/5DFRA/5DFRA_E139K_relaxed.pdb,0
s2648,5DFRA_S148E,WT,s2648/5DFRA/5DFRA_relaxed.pdb,0
s2648,5DFRA_S148E,Mut,s2648/5DFRA/5DFRA_S148E_relaxed.pdb,0
s2648,5DFRA_S148N,WT,s2648/5DFRA/5DFRA_relaxed.pdb,0
s2648,5DFRA_S148N,Mut,s2648/5DFRA/5DFRA_S148N_relaxed.pdb,0
s2648,5DFRA_S148T,WT,s2648/5DFRA/5DFRA_relaxed.pdb,0
s2648,5DFRA_S148T,Mut,s2648/5DFRA/5DFRA_S148T_relaxed.pdb,0
s2648,5DFRA_S148A,WT,s2648/5DFRA/5DFRA_relaxed.pdb,0
s2648,5DFRA_S148A,Mut,s2648/5DFRA/5DFRA_S148A_relaxed.pdb,0
s2648,5DFRA_S148K,WT,s2648/5DFRA/5DFRA_relaxed.pdb,0
s2648,5DFRA_S148K,Mut,s2648/5DFRA/5DFRA_S148K_relaxed.pdb,0
s2648,5DFRA_S148R,WT,s2648/5DFRA/5DFRA_relaxed.pdb,0
s2648,5DFRA_S148R,Mut,s2648/5DFRA/5DFRA_S148R_relaxed.pdb,0
s2648,5DFRA_S148V,WT,s2648/5DFRA/5DFRA_relaxed.pdb,0
s2648,5DFRA_S148V,Mut,s2648/5DFRA/5DFRA_S148V_relaxed.pdb,0
s2648,5DFRA_C152E,WT,s2648/5DFRA/5DFRA_relaxed.pdb,0
s2648,5DFRA_C152E,Mut,s2648/5DFRA/5DFRA_C152E_relaxed.pdb,0
s2648,5DFRA_I155D,WT,s2648/5DFRA/5DFRA_relaxed.pdb,0
s2648,5DFRA_I155D,Mut,s2648/5DFRA/5DFRA_I155D_relaxed.pdb,0
s2648,5DFRA_I155K,WT,s2648/5DFRA/5DFRA_relaxed.pdb,0
s2648,5DFRA_I155K,Mut,s2648/5DFRA/5DFRA_I155K_relaxed.pdb,0
s2648,5DFRA_I155Q,WT,s2648/5DFRA/5DFRA_relaxed.pdb,0
s2648,5DFRA_I155Q,Mut,s2648/5DFRA/5DFRA_I155Q_relaxed.pdb,0
s2648,5DFRA_I155S,WT,s2648/5DFRA/5DFRA_relaxed.pdb,0
s2648,5DFRA_I155S,Mut,s2648/5DFRA/5DFRA_I155S_relaxed.pdb,0
s2648,5DFRA_I155V,WT,s2648/5DFRA/5DFRA_relaxed.pdb,0
s2648,5DFRA_I155V,Mut,s2648/5DFRA/5DFRA_I155V_relaxed.pdb,0
s2648,5DFRA_I155Y,WT,s2648/5DFRA/5DFRA_relaxed.pdb,0
s2648,5DFRA_I155Y,Mut,s2648/5DFRA/5DFRA_I155Y_relaxed.pdb,0
s2648,5DFRA_I155A,WT,s2648/5DFRA/5DFRA_relaxed.pdb,0
s2648,5DFRA_I155A,Mut,s2648/5DFRA/5DFRA_I155A_relaxed.pdb,0
s2648,5DFRA_I155E,WT,s2648/5DFRA/5DFRA_relaxed.pdb,0
s2648,5DFRA_I155E,Mut,s2648/5DFRA/5DFRA_I155E_relaxed.pdb,0
s2648,5DFRA_I155L,WT,s2648/5DFRA/5DFRA_relaxed.pdb,0
s2648,5DFRA_I155L,Mut,s2648/5DFRA/5DFRA_I155L_relaxed.pdb,0
s2648,5DFRA_I155R,WT,s2648/5DFRA/5DFRA_relaxed.pdb,0
s2648,5DFRA_I155R,Mut,s2648/5DFRA/5DFRA_I155R_relaxed.pdb,0
s2648,5DFRA_I155T,WT,s2648/5DFRA/5DFRA_relaxed.pdb,0
s2648,5DFRA_I155T,Mut,s2648/5DFRA/5DFRA_I155T_relaxed.pdb,0
s2648,5DFRA_I155W,WT,s2648/5DFRA/5DFRA_relaxed.pdb,0
s2648,5DFRA_I155W,Mut,s2648/5DFRA/5DFRA_I155W_relaxed.pdb,0
s2648,5PTIA_F4L,WT,s2648/5PTIA/5PTIA_relaxed.pdb,0
s2648,5PTIA_F4L,Mut,s2648/5PTIA/5PTIA_F4L_relaxed.pdb,0
s2648,5PTIA_Y10L,WT,s2648/5PTIA/5PTIA_relaxed.pdb,0
s2648,5PTIA_Y10L,Mut,s2648/5PTIA/5PTIA_Y10L_relaxed.pdb,0
s2648,5PTIA_G12V,WT,s2648/5PTIA/5PTIA_relaxed.pdb,0
s2648,5PTIA_G12V,Mut,s2648/5PTIA/5PTIA_G12V_relaxed.pdb,0
s2648,5PTIA_G12D,WT,s2648/5PTIA/5PTIA_relaxed.pdb,0
s2648,5PTIA_G12D,Mut,s2648/5PTIA/5PTIA_G12D_relaxed.pdb,0
s2648,5PTIA_A16V,WT,s2648/5PTIA/5PTIA_relaxed.pdb,0
s2648,5PTIA_A16V,Mut,s2648/5PTIA/5PTIA_A16V_relaxed.pdb,0
s2648,5PTIA_A16T,WT,s2648/5PTIA/5PTIA_relaxed.pdb,0
s2648,5PTIA_A16T,Mut,s2648/5PTIA/5PTIA_A16T_relaxed.pdb,0
s2648,5PTIA_Y21L,WT,s2648/5PTIA/5PTIA_relaxed.pdb,0
s2648,5PTIA_Y21L,Mut,s2648/5PTIA/5PTIA_Y21L_relaxed.pdb,0
s2648,5PTIA_Y21A,WT,s2648/5PTIA/5PTIA_relaxed.pdb,0
s2648,5PTIA_Y21A,Mut,s2648/5PTIA/5PTIA_Y21A_relaxed.pdb,0
s2648,5PTIA_F22A,WT,s2648/5PTIA/5PTIA_relaxed.pdb,0
s2648,5PTIA_F22A,Mut,s2648/5PTIA/5PTIA_F22A_relaxed.pdb,0
s2648,5PTIA_F33I,WT,s2648/5PTIA/5PTIA_relaxed.pdb,0
s2648,5PTIA_F33I,Mut,s2648/5PTIA/5PTIA_F33I_relaxed.pdb,0
s2648,5PTIA_F33L,WT,s2648/5PTIA/5PTIA_relaxed.pdb,0
s2648,5PTIA_F33L,Mut,s2648/5PTIA/5PTIA_F33L_relaxed.pdb,0
s2648,5PTIA_Y35A,WT,s2648/5PTIA/5PTIA_relaxed.pdb,0
s2648,5PTIA_Y35A,Mut,s2648/5PTIA/5PTIA_Y35A_relaxed.pdb,0
s2648,5PTIA_Y35F,WT,s2648/5PTIA/5PTIA_relaxed.pdb,0
s2648,5PTIA_Y35F,Mut,s2648/5PTIA/5PTIA_Y35F_relaxed.pdb,0
s2648,5PTIA_Y35N,WT,s2648/5PTIA/5PTIA_relaxed.pdb,0
s2648,5PTIA_Y35N,Mut,s2648/5PTIA/5PTIA_Y35N_relaxed.pdb,0
s2648,5PTIA_Y35D,WT,s2648/5PTIA/5PTIA_relaxed.pdb,0
s2648,5PTIA_Y35D,Mut,s2648/5PTIA/5PTIA_Y35D_relaxed.pdb,0
s2648,5PTIA_Y35G,WT,s2648/5PTIA/5PTIA_relaxed.pdb,0
s2648,5PTIA_Y35G,Mut,s2648/5PTIA/5PTIA_Y35G_relaxed.pdb,0
s2648,5PTIA_G36S,WT,s2648/5PTIA/5PTIA_relaxed.pdb,0
s2648,5PTIA_G36S,Mut,s2648/5PTIA/5PTIA_G36S_relaxed.pdb,0
s2648,5PTIA_G36D,WT,s2648/5PTIA/5PTIA_relaxed.pdb,0
s2648,5PTIA_G36D,Mut,s2648/5PTIA/5PTIA_G36D_relaxed.pdb,0
s2648,5PTIA_G37D,WT,s2648/5PTIA/5PTIA_relaxed.pdb,0
s2648,5PTIA_G37D,Mut,s2648/5PTIA/5PTIA_G37D_relaxed.pdb,0
s2648,5PTIA_G37A,WT,s2648/5PTIA/5PTIA_relaxed.pdb,0
s2648,5PTIA_G37A,Mut,s2648/5PTIA/5PTIA_G37A_relaxed.pdb,0
s2648,5PTIA_N44G,WT,s2648/5PTIA/5PTIA_relaxed.pdb,0
s2648,5PTIA_N44G,Mut,s2648/5PTIA/5PTIA_N44G_relaxed.pdb,0
s2648,1E65A_V5A,WT,s2648/1E65A/1E65A_relaxed.pdb,0
s2648,1E65A_V5A,Mut,s2648/1E65A/1E65A_V5A_relaxed.pdb,0
s2648,1E65A_I7A,WT,s2648/1E65A/1E65A_relaxed.pdb,0
s2648,1E65A_I7A,Mut,s2648/1E65A/1E65A_I7A_relaxed.pdb,0
s2648,1E65A_I7S,WT,s2648/1E65A/1E65A_relaxed.pdb,0
s2648,1E65A_I7S,Mut,s2648/1E65A/1E65A_I7S_relaxed.pdb,0
s2648,1E65A_I20A,WT,s2648/1E65A/1E65A_relaxed.pdb,0
s2648,1E65A_I20A,Mut,s2648/1E65A/1E65A_I20A_relaxed.pdb,0
s2648,1E65A_I20V,WT,s2648/1E65A/1E65A_relaxed.pdb,0
s2648,1E65A_I20V,Mut,s2648/1E65A/1E65A_I20V_relaxed.pdb,0
s2648,1E65A_I20T,WT,s2648/1E65A/1E65A_relaxed.pdb,0
s2648,1E65A_I20T,Mut,s2648/1E65A/1E65A_I20T_relaxed.pdb,0
s2648,1E65A_V22T,WT,s2648/1E65A/1E65A_relaxed.pdb,0
s2648,1E65A_V22T,Mut,s2648/1E65A/1E65A_V22T_relaxed.pdb,0
s2648,1E65A_V22A,WT,s2648/1E65A/1E65A_relaxed.pdb,0
s2648,1E65A_V22A,Mut,s2648/1E65A/1E65A_V22A_relaxed.pdb,0
s2648,1E65A_V31T,WT,s2648/1E65A/1E65A_relaxed.pdb,0
s2648,1E65A_V31T,Mut,s2648/1E65A/1E65A_V31T_relaxed.pdb,0
s2648,1E65A_H46G,WT,s2648/1E65A/1E65A_relaxed.pdb,0
s2648,1E65A_H46G,Mut,s2648/1E65A/1E65A_H46G_relaxed.pdb,0
s2648,1E65A_L50V,WT,s2648/1E65A/1E65A_relaxed.pdb,0
s2648,1E65A_L50V,Mut,s2648/1E65A/1E65A_L50V_relaxed.pdb,0
s2648,1E65A_L50T,WT,s2648/1E65A/1E65A_relaxed.pdb,0
s2648,1E65A_L50T,Mut,s2648/1E65A/1E65A_L50T_relaxed.pdb,0
s2648,1E65A_V60G,WT,s2648/1E65A/1E65A_relaxed.pdb,0
s2648,1E65A_V60G,Mut,s2648/1E65A/1E65A_V60G_relaxed.pdb,0
s2648,1E65A_I81A,WT,s2648/1E65A/1E65A_relaxed.pdb,0
s2648,1E65A_I81A,Mut,s2648/1E65A/1E65A_I81A_relaxed.pdb,0
s2648,1E65A_I81V,WT,s2648/1E65A/1E65A_relaxed.pdb,0
s2648,1E65A_I81V,Mut,s2648/1E65A/1E65A_I81V_relaxed.pdb,0
s2648,1E65A_I81T,WT,s2648/1E65A/1E65A_relaxed.pdb,0
s2648,1E65A_I81T,Mut,s2648/1E65A/1E65A_I81T_relaxed.pdb,0
s2648,1E65A_A82G,WT,s2648/1E65A/1E65A_relaxed.pdb,0
s2648,1E65A_A82G,Mut,s2648/1E65A/1E65A_A82G_relaxed.pdb,0
s2648,1E65A_V95T,WT,s2648/1E65A/1E65A_relaxed.pdb,0
s2648,1E65A_V95T,Mut,s2648/1E65A/1E65A_V95T_relaxed.pdb,0
s2648,1E65A_F110S,WT,s2648/1E65A/1E65A_relaxed.pdb,0
s2648,1E65A_F110S,Mut,s2648/1E65A/1E65A_F110S_relaxed.pdb,0
s2648,1E65A_H117G,WT,s2648/1E65A/1E65A_relaxed.pdb,0
s2648,1E65A_H117G,Mut,s2648/1E65A/1E65A_H117G_relaxed.pdb,0
test,1amqA_C191Y,WT,test/1amqA/1amqA_relaxed.pdb,0
test,1amqA_C191Y,Mut,test/1amqA/1amqA_C191Y_relaxed.pdb,0
test,1amqA_C191F,WT,test/1amqA/1amqA_relaxed.pdb,0
test,1amqA_C191F,Mut,test/1amqA/1amqA_C191F_relaxed.pdb,0
test,1amqA_C191W,WT,test/1amqA/1amqA_relaxed.pdb,0
test,1amqA_C191W,Mut,test/1amqA/1amqA_C191W_relaxed.pdb,0
test,1amqA_C191S,WT,test/1amqA/1amqA_relaxed.pdb,0
test,1amqA_C191S,Mut,test/1amqA/1amqA_C191S_relaxed.pdb,0
test,1bniA_F7L,WT,test/1bniA/1bniA_relaxed.pdb,0
test,1bniA_F7L,Mut,test/1bniA/1bniA_F7L_relaxed.pdb,0
test,1bniA_L14A,WT,test/1bniA/1bniA_relaxed.pdb,0
test,1bniA_L14A,Mut,test/1bniA/1bniA_L14A_relaxed.pdb,0
test,1bniA_T26A,WT,test/1bniA/1bniA_relaxed.pdb,0
test,1bniA_T26A,Mut,test/1bniA/1bniA_T26A_relaxed.pdb,0
test,1bniA_I51V,WT,test/1bniA/1bniA_relaxed.pdb,0
test,1bniA_I51V,Mut,test/1bniA/1bniA_I51V_relaxed.pdb,0
test,1bniA_I76A,WT,test/1bniA/1bniA_relaxed.pdb,0
test,1bniA_I76A,Mut,test/1bniA/1bniA_I76A_relaxed.pdb,0
test,1bniA_I76V,WT,test/1bniA/1bniA_relaxed.pdb,0
test,1bniA_I76V,Mut,test/1bniA/1bniA_I76V_relaxed.pdb,0
test,1bniA_Y78F,WT,test/1bniA/1bniA_relaxed.pdb,0
test,1bniA_Y78F,Mut,test/1bniA/1bniA_Y78F_relaxed.pdb,0
test,1bniA_I88A,WT,test/1bniA/1bniA_relaxed.pdb,0
test,1bniA_I88A,Mut,test/1bniA/1bniA_I88A_relaxed.pdb,0
test,1bniA_I88V,WT,test/1bniA/1bniA_relaxed.pdb,0
test,1bniA_I88V,Mut,test/1bniA/1bniA_I88V_relaxed.pdb,0
test,1bniA_L89V,WT,test/1bniA/1bniA_relaxed.pdb,0
test,1bniA_L89V,Mut,test/1bniA/1bniA_L89V_relaxed.pdb,0
test,1bniA_S91A,WT,test/1bniA/1bniA_relaxed.pdb,0
test,1bniA_S91A,Mut,test/1bniA/1bniA_S91A_relaxed.pdb,0
test,1bniA_I96A,WT,test/1bniA/1bniA_relaxed.pdb,0
test,1bniA_I96A,Mut,test/1bniA/1bniA_I96A_relaxed.pdb,0
test,1bniA_I96V,WT,test/1bniA/1bniA_relaxed.pdb,0
test,1bniA_I96V,Mut,test/1bniA/1bniA_I96V_relaxed.pdb,0
test,1ceyA_D12A,WT,test/1ceyA/1ceyA_relaxed.pdb,0
test,1ceyA_D12A,Mut,test/1ceyA/1ceyA_D12A_relaxed.pdb,0
test,1ceyA_D13A,WT,test/1ceyA/1ceyA_relaxed.pdb,0
test,1ceyA_D13A,Mut,test/1ceyA/1ceyA_D13A_relaxed.pdb,0
test,1ceyA_D57A,WT,test/1ceyA/1ceyA_relaxed.pdb,0
test,1ceyA_D57A,Mut,test/1ceyA/1ceyA_D57A_relaxed.pdb,0
test,1ey0A_T22C,WT,test/1ey0A/1ey0A_relaxed.pdb,0
test,1ey0A_T22C,Mut,test/1ey0A/1ey0A_T22C_relaxed.pdb,0
test,1ey0A_T22V,WT,test/1ey0A/1ey0A_relaxed.pdb,0
test,1ey0A_T22V,Mut,test/1ey0A/1ey0A_T22V_relaxed.pdb,0
test,1ey0A_V23L,WT,test/1ey0A/1ey0A_relaxed.pdb,0
test,1ey0A_V23L,Mut,test/1ey0A/1ey0A_V23L_relaxed.pdb,0
test,1ey0A_L25I,WT,test/1ey0A/1ey0A_relaxed.pdb,0
test,1ey0A_L25I,Mut,test/1ey0A/1ey0A_L25I_relaxed.pdb,0
test,1ey0A_T33V,WT,test/1ey0A/1ey0A_relaxed.pdb,0
test,1ey0A_T33V,Mut,test/1ey0A/1ey0A_T33V_relaxed.pdb,0
test,1ey0A_T41C,WT,test/1ey0A/1ey0A_relaxed.pdb,0
test,1ey0A_T41C,Mut,test/1ey0A/1ey0A_T41C_relaxed.pdb,0
test,1ey0A_T41I,WT,test/1ey0A/1ey0A_relaxed.pdb,0
test,1ey0A_T41I,Mut,test/1ey0A/1ey0A_T41I_relaxed.pdb,0
test,1ey0A_T41S,WT,test/1ey0A/1ey0A_relaxed.pdb,0
test,1ey0A_T41S,Mut,test/1ey0A/1ey0A_T41S_relaxed.pdb,0
test,1ey0A_T41V,WT,test/1ey0A/1ey0A_relaxed.pdb,0
test,1ey0A_T41V,Mut,test/1ey0A/1ey0A_T41V_relaxed.pdb,0
test,1ey0A_T44V,WT,test/1ey0A/1ey0A_relaxed.pdb,0
test,1ey0A_T44V,Mut,test/1ey0A/1ey0A_T44V_relaxed.pdb,0
test,1ey0A_S59A,WT,test/1ey0A/1ey0A_relaxed.pdb,0
test,1ey0A_S59A,Mut,test/1ey0A/1ey0A_S59A_relaxed.pdb,0
test,1ey0A_T62S,WT,test/1ey0A/1ey0A_relaxed.pdb,0
test,1ey0A_T62S,Mut,test/1ey0A/1ey0A_T62S_relaxed.pdb,0
test,1ey0A_T62V,WT,test/1ey0A/1ey0A_relaxed.pdb,0
test,1ey0A_T62V,Mut,test/1ey0A/1ey0A_T62V_relaxed.pdb,0
test,1ey0A_V66I,WT,test/1ey0A/1ey0A_relaxed.pdb,0
test,1ey0A_V66I,Mut,test/1ey0A/1ey0A_V66I_relaxed.pdb,0
test,1ey0A_V66L,WT,test/1ey0A/1ey0A_relaxed.pdb,0
test,1ey0A_V66L,Mut,test/1ey0A/1ey0A_V66L_relaxed.pdb,0
test,1ey0A_V66K,WT,test/1ey0A/1ey0A_relaxed.pdb,0
test,1ey0A_V66K,Mut,test/1ey0A/1ey0A_V66K_relaxed.pdb,0
test,1ey0A_I72L,WT,test/1ey0A/1ey0A_relaxed.pdb,0
test,1ey0A_I72L,Mut,test/1ey0A/1ey0A_I72L_relaxed.pdb,0
test,1ey0A_I72V,WT,test/1ey0A/1ey0A_relaxed.pdb,0
test,1ey0A_I72V,Mut,test/1ey0A/1ey0A_I72V_relaxed.pdb,0
test,1ey0A_T82S,WT,test/1ey0A/1ey0A_relaxed.pdb,0
test,1ey0A_T82S,Mut,test/1ey0A/1ey0A_T82S_relaxed.pdb,0
test,1ey0A_I92V,WT,test/1ey0A/1ey0A_relaxed.pdb,0
test,1ey0A_I92V,Mut,test/1ey0A/1ey0A_I92V_relaxed.pdb,0
test,1ey0A_K116G,WT,test/1ey0A/1ey0A_relaxed.pdb,0
test,1ey0A_K116G,Mut,test/1ey0A/1ey0A_K116G_relaxed.pdb,0
test,1ey0A_P117A,WT,test/1ey0A/1ey0A_relaxed.pdb,0
test,1ey0A_P117A,Mut,test/1ey0A/1ey0A_P117A_relaxed.pdb,0
test,1ey0A_P117G,WT,test/1ey0A/1ey0A_relaxed.pdb,0
test,1ey0A_P117G,Mut,test/1ey0A/1ey0A_P117G_relaxed.pdb,0
test,1ey0A_P117T,WT,test/1ey0A/1ey0A_relaxed.pdb,0
test,1ey0A_P117T,Mut,test/1ey0A/1ey0A_P117T_relaxed.pdb,0
test,1ey0A_T120C,WT,test/1ey0A/1ey0A_relaxed.pdb,0
test,1ey0A_T120C,Mut,test/1ey0A/1ey0A_T120C_relaxed.pdb,0
test,1ey0A_T120S,WT,test/1ey0A/1ey0A_relaxed.pdb,0
test,1ey0A_T120S,Mut,test/1ey0A/1ey0A_T120S_relaxed.pdb,0
test,1ey0A_T120V,WT,test/1ey0A/1ey0A_relaxed.pdb,0
test,1ey0A_T120V,Mut,test/1ey0A/1ey0A_T120V_relaxed.pdb,0
test,1ey0A_S128A,WT,test/1ey0A/1ey0A_relaxed.pdb,0
test,1ey0A_S128A,Mut,test/1ey0A/1ey0A_S128A_relaxed.pdb,0
test,1ihbA_F71N,WT,test/1ihbA/1ihbA_relaxed.pdb,0
test,1ihbA_F71N,Mut,test/1ihbA/1ihbA_F71N_relaxed.pdb,0
test,1ihbA_F82Q,WT,test/1ihbA/1ihbA_relaxed.pdb,0
test,1ihbA_F82Q,Mut,test/1ihbA/1ihbA_F82Q_relaxed.pdb,0
test,1ihbA_F92N,WT,test/1ihbA/1ihbA_relaxed.pdb,0
test,1ihbA_F92N,Mut,test/1ihbA/1ihbA_F92N_relaxed.pdb,0
test,1iobA_T9G,WT,test/1iobA/1iobA_relaxed.pdb,0
test,1iobA_T9G,Mut,test/1iobA/1iobA_T9G_relaxed.pdb,0
test,1l63A_M6A,WT,test/1l63A/1l63A_relaxed.pdb,0
test,1l63A_M6A,Mut,test/1l63A/1l63A_M6A_relaxed.pdb,0
test,1l63A_M6L,WT,test/1l63A/1l63A_relaxed.pdb,0
test,1l63A_M6L,Mut,test/1l63A/1l63A_M6L_relaxed.pdb,0
test,1l63A_E11H,WT,test/1l63A/1l63A_relaxed.pdb,0
test,1l63A_E11H,Mut,test/1l63A/1l63A_E11H_relaxed.pdb,0
test,1l63A_E11N,WT,test/1l63A/1l63A_relaxed.pdb,0
test,1l63A_E11N,Mut,test/1l63A/1l63A_E11N_relaxed.pdb,0
test,1l63A_I17A,WT,test/1l63A/1l63A_relaxed.pdb,0
test,1l63A_I17A,Mut,test/1l63A/1l63A_I17A_relaxed.pdb,0
test,1l63A_D20A,WT,test/1l63A/1l63A_relaxed.pdb,0
test,1l63A_D20A,Mut,test/1l63A/1l63A_D20A_relaxed.pdb,0
test,1l63A_D20N,WT,test/1l63A/1l63A_relaxed.pdb,0
test,1l63A_D20N,Mut,test/1l63A/1l63A_D20N_relaxed.pdb,0
test,1l63A_D20S,WT,test/1l63A/1l63A_relaxed.pdb,0
test,1l63A_D20S,Mut,test/1l63A/1l63A_D20S_relaxed.pdb,0
test,1l63A_I27A,WT,test/1l63A/1l63A_relaxed.pdb,0
test,1l63A_I27A,Mut,test/1l63A/1l63A_I27A_relaxed.pdb,0
test,1l63A_I27M,WT,test/1l63A/1l63A_relaxed.pdb,0
test,1l63A_I27M,Mut,test/1l63A/1l63A_I27M_relaxed.pdb,0
test,1l63A_I29A,WT,test/1l63A/1l63A_relaxed.pdb,0
test,1l63A_I29A,Mut,test/1l63A/1l63A_I29A_relaxed.pdb,0
test,1l63A_S38N,WT,test/1l63A/1l63A_relaxed.pdb,0
test,1l63A_S38N,Mut,test/1l63A/1l63A_S38N_relaxed.pdb,0
test,1l63A_A41S,WT,test/1l63A/1l63A_relaxed.pdb,0
test,1l63A_A41S,Mut,test/1l63A/1l63A_A41S_relaxed.pdb,0
test,1l63A_A42V,WT,test/1l63A/1l63A_relaxed.pdb,0
test,1l63A_A42V,Mut,test/1l63A/1l63A_A42V_relaxed.pdb,0
test,1l63A_A42S,WT,test/1l63A/1l63A_relaxed.pdb,0
test,1l63A_A42S,Mut,test/1l63A/1l63A_A42S_relaxed.pdb,0
test,1l63A_K43A,WT,test/1l63A/1l63A_relaxed.pdb,0
test,1l63A_K43A,Mut,test/1l63A/1l63A_K43A_relaxed.pdb,0
test,1l63A_S44A,WT,test/1l63A/1l63A_relaxed.pdb,0
test,1l63A_S44A,Mut,test/1l63A/1l63A_S44A_relaxed.pdb,0
test,1l63A_S44I,WT,test/1l63A/1l63A_relaxed.pdb,0
test,1l63A_S44I,Mut,test/1l63A/1l63A_S44I_relaxed.pdb,0
test,1l63A_S44L,WT,test/1l63A/1l63A_relaxed.pdb,0
test,1l63A_S44L,Mut,test/1l63A/1l63A_S44L_relaxed.pdb,0
test,1l63A_S44K,WT,test/1l63A/1l63A_relaxed.pdb,0
test,1l63A_S44K,Mut,test/1l63A/1l63A_S44K_relaxed.pdb,0
test,1l63A_S44E,WT,test/1l63A/1l63A_relaxed.pdb,0
test,1l63A_S44E,Mut,test/1l63A/1l63A_S44E_relaxed.pdb,0
test,1l63A_S44G,WT,test/1l63A/1l63A_relaxed.pdb,0
test,1l63A_S44G,Mut,test/1l63A/1l63A_S44G_relaxed.pdb,0
test,1l63A_S44R,WT,test/1l63A/1l63A_relaxed.pdb,0
test,1l63A_S44R,Mut,test/1l63A/1l63A_S44R_relaxed.pdb,0
test,1l63A_S44N,WT,test/1l63A/1l63A_relaxed.pdb,0
test,1l63A_S44N,Mut,test/1l63A/1l63A_S44N_relaxed.pdb,0
test,1l63A_S44F,WT,test/1l63A/1l63A_relaxed.pdb,0
test,1l63A_S44F,Mut,test/1l63A/1l63A_S44F_relaxed.pdb,0
test,1l63A_S44P,WT,test/1l63A/1l63A_relaxed.pdb,0
test,1l63A_S44P,Mut,test/1l63A/1l63A_S44P_relaxed.pdb,0
test,1l63A_S44T,WT,test/1l63A/1l63A_relaxed.pdb,0
test,1l63A_S44T,Mut,test/1l63A/1l63A_S44T_relaxed.pdb,0
test,1l63A_S44V,WT,test/1l63A/1l63A_relaxed.pdb,0
test,1l63A_S44V,Mut,test/1l63A/1l63A_S44V_relaxed.pdb,0
test,1l63A_L46A,WT,test/1l63A/1l63A_relaxed.pdb,0
test,1l63A_L46A,Mut,test/1l63A/1l63A_L46A_relaxed.pdb,0
test,1l63A_D47A,WT,test/1l63A/1l63A_relaxed.pdb,0
test,1l63A_D47A,Mut,test/1l63A/1l63A_D47A_relaxed.pdb,0
test,1l63A_A49S,WT,test/1l63A/1l63A_relaxed.pdb,0
test,1l63A_A49S,Mut,test/1l63A/1l63A_A49S_relaxed.pdb,0
test,1l63A_I50A,WT,test/1l63A/1l63A_relaxed.pdb,0
test,1l63A_I50A,Mut,test/1l63A/1l63A_I50A_relaxed.pdb,0
test,1l63A_I50M,WT,test/1l63A/1l63A_relaxed.pdb,0
test,1l63A_I50M,Mut,test/1l63A/1l63A_I50M_relaxed.pdb,0
test,1l63A_I58A,WT,test/1l63A/1l63A_relaxed.pdb,0
test,1l63A_I58A,Mut,test/1l63A/1l63A_I58A_relaxed.pdb,0
test,1l63A_I58T,WT,test/1l63A/1l63A_relaxed.pdb,0
test,1l63A_I58T,Mut,test/1l63A/1l63A_I58T_relaxed.pdb,0
test,1l63A_T59A,WT,test/1l63A/1l63A_relaxed.pdb,0
test,1l63A_T59A,Mut,test/1l63A/1l63A_T59A_relaxed.pdb,0
test,1l63A_T59D,WT,test/1l63A/1l63A_relaxed.pdb,0
test,1l63A_T59D,Mut,test/1l63A/1l63A_T59D_relaxed.pdb,0
test,1l63A_T59G,WT,test/1l63A/1l63A_relaxed.pdb,0
test,1l63A_T59G,Mut,test/1l63A/1l63A_T59G_relaxed.pdb,0
test,1l63A_T59N,WT,test/1l63A/1l63A_relaxed.pdb,0
test,1l63A_T59N,Mut,test/1l63A/1l63A_T59N_relaxed.pdb,0
test,1l63A_T59S,WT,test/1l63A/1l63A_relaxed.pdb,0
test,1l63A_T59S,Mut,test/1l63A/1l63A_T59S_relaxed.pdb,0
test,1l63A_T59V,WT,test/1l63A/1l63A_relaxed.pdb,0
test,1l63A_T59V,Mut,test/1l63A/1l63A_T59V_relaxed.pdb,0
test,1l63A_L66M,WT,test/1l63A/1l63A_relaxed.pdb,0
test,1l63A_L66M,Mut,test/1l63A/1l63A_L66M_relaxed.pdb,0
test,1l63A_F67A,WT,test/1l63A/1l63A_relaxed.pdb,0
test,1l63A_F67A,Mut,test/1l63A/1l63A_F67A_relaxed.pdb,0
test,1l63A_D72P,WT,test/1l63A/1l63A_relaxed.pdb,0
test,1l63A_D72P,Mut,test/1l63A/1l63A_D72P_relaxed.pdb,0
test,1l63A_A73S,WT,test/1l63A/1l63A_relaxed.pdb,0
test,1l63A_A73S,Mut,test/1l63A/1l63A_A73S_relaxed.pdb,0
test,1l63A_V75T,WT,test/1l63A/1l63A_relaxed.pdb,0
test,1l63A_V75T,Mut,test/1l63A/1l63A_V75T_relaxed.pdb,0
test,1l63A_I78A,WT,test/1l63A/1l63A_relaxed.pdb,0
test,1l63A_I78A,Mut,test/1l63A/1l63A_I78A_relaxed.pdb,0
test,1l63A_I78M,WT,test/1l63A/1l63A_relaxed.pdb,0
test,1l63A_I78M,Mut,test/1l63A/1l63A_I78M_relaxed.pdb,0
test,1l63A_I78V,WT,test/1l63A/1l63A_relaxed.pdb,0
test,1l63A_I78V,Mut,test/1l63A/1l63A_I78V_relaxed.pdb,0
test,1l63A_A82S,WT,test/1l63A/1l63A_relaxed.pdb,0
test,1l63A_A82S,Mut,test/1l63A/1l63A_A82S_relaxed.pdb,0
test,1l63A_L84A,WT,test/1l63A/1l63A_relaxed.pdb,0
test,1l63A_L84A,Mut,test/1l63A/1l63A_L84A_relaxed.pdb,0
test,1l63A_L84M,WT,test/1l63A/1l63A_relaxed.pdb,0
test,1l63A_L84M,Mut,test/1l63A/1l63A_L84M_relaxed.pdb,0
test,1l63A_V87A,WT,test/1l63A/1l63A_relaxed.pdb,0
test,1l63A_V87A,Mut,test/1l63A/1l63A_V87A_relaxed.pdb,0
test,1l63A_V87M,WT,test/1l63A/1l63A_relaxed.pdb,0
test,1l63A_V87M,Mut,test/1l63A/1l63A_V87M_relaxed.pdb,0
test,1l63A_V87I,WT,test/1l63A/1l63A_relaxed.pdb,0
test,1l63A_V87I,Mut,test/1l63A/1l63A_V87I_relaxed.pdb,0
test,1l63A_V87T,WT,test/1l63A/1l63A_relaxed.pdb,0
test,1l63A_V87T,Mut,test/1l63A/1l63A_V87T_relaxed.pdb,0
test,1l63A_L91A,WT,test/1l63A/1l63A_relaxed.pdb,0
test,1l63A_L91A,Mut,test/1l63A/1l63A_L91A_relaxed.pdb,0
test,1l63A_L91M,WT,test/1l63A/1l63A_relaxed.pdb,0
test,1l63A_L91M,Mut,test/1l63A/1l63A_L91M_relaxed.pdb,0
test,1l63A_D92N,WT,test/1l63A/1l63A_relaxed.pdb,0
test,1l63A_D92N,Mut,test/1l63A/1l63A_D92N_relaxed.pdb,0
test,1l63A_A93S,WT,test/1l63A/1l63A_relaxed.pdb,0
test,1l63A_A93S,Mut,test/1l63A/1l63A_A93S_relaxed.pdb,0
test,1l63A_A98C,WT,test/1l63A/1l63A_relaxed.pdb,0
test,1l63A_A98C,Mut,test/1l63A/1l63A_A98C_relaxed.pdb,0
test,1l63A_A98L,WT,test/1l63A/1l63A_relaxed.pdb,0
test,1l63A_A98L,Mut,test/1l63A/1l63A_A98L_relaxed.pdb,0
test,1l63A_A98S,WT,test/1l63A/1l63A_relaxed.pdb,0
test,1l63A_A98S,Mut,test/1l63A/1l63A_A98S_relaxed.pdb,0
test,1l63A_A98V,WT,test/1l63A/1l63A_relaxed.pdb,0
test,1l63A_A98V,Mut,test/1l63A/1l63A_A98V_relaxed.pdb,0
test,1l63A_L99A,WT,test/1l63A/1l63A_relaxed.pdb,0
test,1l63A_L99A,Mut,test/1l63A/1l63A_L99A_relaxed.pdb,0
test,1l63A_L99F,WT,test/1l63A/1l63A_relaxed.pdb,0
test,1l63A_L99F,Mut,test/1l63A/1l63A_L99F_relaxed.pdb,0
test,1l63A_L99I,WT,test/1l63A/1l63A_relaxed.pdb,0
test,1l63A_L99I,Mut,test/1l63A/1l63A_L99I_relaxed.pdb,0
test,1l63A_L99M,WT,test/1l63A/1l63A_relaxed.pdb,0
test,1l63A_L99M,Mut,test/1l63A/1l63A_L99M_relaxed.pdb,0
test,1l63A_L99V,WT,test/1l63A/1l63A_relaxed.pdb,0
test,1l63A_L99V,Mut,test/1l63A/1l63A_L99V_relaxed.pdb,0
test,1l63A_I100A,WT,test/1l63A/1l63A_relaxed.pdb,0
test,1l63A_I100A,Mut,test/1l63A/1l63A_I100A_relaxed.pdb,0
test,1l63A_I100M,WT,test/1l63A/1l63A_relaxed.pdb,0
test,1l63A_I100M,Mut,test/1l63A/1l63A_I100M_relaxed.pdb,0
test,1l63A_I100V,WT,test/1l63A/1l63A_relaxed.pdb,0
test,1l63A_I100V,Mut,test/1l63A/1l63A_I100V_relaxed.pdb,0
test,1l63A_N101A,WT,test/1l63A/1l63A_relaxed.pdb,0
test,1l63A_N101A,Mut,test/1l63A/1l63A_N101A_relaxed.pdb,0
test,1l63A_M102L,WT,test/1l63A/1l63A_relaxed.pdb,0
test,1l63A_M102L,Mut,test/1l63A/1l63A_M102L_relaxed.pdb,0
test,1l63A_V103A,WT,test/1l63A/1l63A_relaxed.pdb,0
test,1l63A_V103A,Mut,test/1l63A/1l63A_V103A_relaxed.pdb,0
test,1l63A_V103I,WT,test/1l63A/1l63A_relaxed.pdb,0
test,1l63A_V103I,Mut,test/1l63A/1l63A_V103I_relaxed.pdb,0
test,1l63A_V103M,WT,test/1l63A/1l63A_relaxed.pdb,0
test,1l63A_V103M,Mut,test/1l63A/1l63A_V103M_relaxed.pdb,0
test,1l63A_F104M,WT,test/1l63A/1l63A_relaxed.pdb,0
test,1l63A_F104M,Mut,test/1l63A/1l63A_F104M_relaxed.pdb,0
test,1l63A_Q105M,WT,test/1l63A/1l63A_relaxed.pdb,0
test,1l63A_Q105M,Mut,test/1l63A/1l63A_Q105M_relaxed.pdb,0
test,1l63A_M106I,WT,test/1l63A/1l63A_relaxed.pdb,0
test,1l63A_M106I,Mut,test/1l63A/1l63A_M106I_relaxed.pdb,0
test,1l63A_M106L,WT,test/1l63A/1l63A_relaxed.pdb,0
test,1l63A_M106L,Mut,test/1l63A/1l63A_M106L_relaxed.pdb,0
test,1l63A_M106K,WT,test/1l63A/1l63A_relaxed.pdb,0
test,1l63A_M106K,Mut,test/1l63A/1l63A_M106K_relaxed.pdb,0
test,1l63A_T109D,WT,test/1l63A/1l63A_relaxed.pdb,0
test,1l63A_T109D,Mut,test/1l63A/1l63A_T109D_relaxed.pdb,0
test,1l63A_T109N,WT,test/1l63A/1l63A_relaxed.pdb,0
test,1l63A_T109N,Mut,test/1l63A/1l63A_T109N_relaxed.pdb,0
test,1l63A_V111A,WT,test/1l63A/1l63A_relaxed.pdb,0
test,1l63A_V111A,Mut,test/1l63A/1l63A_V111A_relaxed.pdb,0
test,1l63A_V111I,WT,test/1l63A/1l63A_relaxed.pdb,0
test,1l63A_V111I,Mut,test/1l63A/1l63A_V111I_relaxed.pdb,0
test,1l63A_V111M,WT,test/1l63A/1l63A_relaxed.pdb,0
test,1l63A_V111M,Mut,test/1l63A/1l63A_V111M_relaxed.pdb,0
test,1l63A_S117F,WT,test/1l63A/1l63A_relaxed.pdb,0
test,1l63A_S117F,Mut,test/1l63A/1l63A_S117F_relaxed.pdb,0
test,1l63A_L118A,WT,test/1l63A/1l63A_relaxed.pdb,0
test,1l63A_L118A,Mut,test/1l63A/1l63A_L118A_relaxed.pdb,0
test,1l63A_L118M,WT,test/1l63A/1l63A_relaxed.pdb,0
test,1l63A_L118M,Mut,test/1l63A/1l63A_L118M_relaxed.pdb,0
test,1l63A_M120L,WT,test/1l63A/1l63A_relaxed.pdb,0
test,1l63A_M120L,Mut,test/1l63A/1l63A_M120L_relaxed.pdb,0
test,1l63A_M120K,WT,test/1l63A/1l63A_relaxed.pdb,0
test,1l63A_M120K,Mut,test/1l63A/1l63A_M120K_relaxed.pdb,0
test,1l63A_M120Y,WT,test/1l63A/1l63A_relaxed.pdb,0
test,1l63A_M120Y,Mut,test/1l63A/1l63A_M120Y_relaxed.pdb,0
test,1l63A_L121M,WT,test/1l63A/1l63A_relaxed.pdb,0
test,1l63A_L121M,Mut,test/1l63A/1l63A_L121M_relaxed.pdb,0
test,1l63A_A129F,WT,test/1l63A/1l63A_relaxed.pdb,0
test,1l63A_A129F,Mut,test/1l63A/1l63A_A129F_relaxed.pdb,0
test,1l63A_A129W,WT,test/1l63A/1l63A_relaxed.pdb,0
test,1l63A_A129W,Mut,test/1l63A/1l63A_A129W_relaxed.pdb,0
test,1l63A_A130S,WT,test/1l63A/1l63A_relaxed.pdb,0
test,1l63A_A130S,Mut,test/1l63A/1l63A_A130S_relaxed.pdb,0
test,1l63A_L133F,WT,test/1l63A/1l63A_relaxed.pdb,0
test,1l63A_L133F,Mut,test/1l63A/1l63A_L133F_relaxed.pdb,0
test,1l63A_L133M,WT,test/1l63A/1l63A_relaxed.pdb,0
test,1l63A_L133M,Mut,test/1l63A/1l63A_L133M_relaxed.pdb,0
test,1l63A_A134S,WT,test/1l63A/1l63A_relaxed.pdb,0
test,1l63A_A134S,Mut,test/1l63A/1l63A_A134S_relaxed.pdb,0
test,1l63A_N144E,WT,test/1l63A/1l63A_relaxed.pdb,0
test,1l63A_N144E,Mut,test/1l63A/1l63A_N144E_relaxed.pdb,0
test,1l63A_V149A,WT,test/1l63A/1l63A_relaxed.pdb,0
test,1l63A_V149A,Mut,test/1l63A/1l63A_V149A_relaxed.pdb,0
test,1l63A_V149C,WT,test/1l63A/1l63A_relaxed.pdb,0
test,1l63A_V149C,Mut,test/1l63A/1l63A_V149C_relaxed.pdb,0
test,1l63A_V149G,WT,test/1l63A/1l63A_relaxed.pdb,0
test,1l63A_V149G,Mut,test/1l63A/1l63A_V149G_relaxed.pdb,0
test,1l63A_V149I,WT,test/1l63A/1l63A_relaxed.pdb,0
test,1l63A_V149I,Mut,test/1l63A/1l63A_V149I_relaxed.pdb,0
test,1l63A_V149M,WT,test/1l63A/1l63A_relaxed.pdb,0
test,1l63A_V149M,Mut,test/1l63A/1l63A_V149M_relaxed.pdb,0
test,1l63A_V149T,WT,test/1l63A/1l63A_relaxed.pdb,0
test,1l63A_V149T,Mut,test/1l63A/1l63A_V149T_relaxed.pdb,0
test,1l63A_V149S,WT,test/1l63A/1l63A_relaxed.pdb,0
test,1l63A_V149S,Mut,test/1l63A/1l63A_V149S_relaxed.pdb,0
test,1l63A_T152A,WT,test/1l63A/1l63A_relaxed.pdb,0
test,1l63A_T152A,Mut,test/1l63A/1l63A_T152A_relaxed.pdb,0
test,1l63A_T152C,WT,test/1l63A/1l63A_relaxed.pdb,0
test,1l63A_T152C,Mut,test/1l63A/1l63A_T152C_relaxed.pdb,0
test,1l63A_T152I,WT,test/1l63A/1l63A_relaxed.pdb,0
test,1l63A_T152I,Mut,test/1l63A/1l63A_T152I_relaxed.pdb,0
test,1l63A_T152S,WT,test/1l63A/1l63A_relaxed.pdb,0
test,1l63A_T152S,Mut,test/1l63A/1l63A_T152S_relaxed.pdb,0
test,1l63A_T152V,WT,test/1l63A/1l63A_relaxed.pdb,0
test,1l63A_T152V,Mut,test/1l63A/1l63A_T152V_relaxed.pdb,0
test,1l63A_F153A,WT,test/1l63A/1l63A_relaxed.pdb,0
test,1l63A_F153A,Mut,test/1l63A/1l63A_F153A_relaxed.pdb,0
test,1l63A_F153I,WT,test/1l63A/1l63A_relaxed.pdb,0
test,1l63A_F153I,Mut,test/1l63A/1l63A_F153I_relaxed.pdb,0
test,1l63A_F153L,WT,test/1l63A/1l63A_relaxed.pdb,0
test,1l63A_F153L,Mut,test/1l63A/1l63A_F153L_relaxed.pdb,0
test,1l63A_F153M,WT,test/1l63A/1l63A_relaxed.pdb,0
test,1l63A_F153M,Mut,test/1l63A/1l63A_F153M_relaxed.pdb,0
test,1l63A_F153V,WT,test/1l63A/1l63A_relaxed.pdb,0
test,1l63A_F153V,Mut,test/1l63A/1l63A_F153V_relaxed.pdb,0
test,1lz1A_V2A,WT,test/1lz1A/1lz1A_relaxed.pdb,0
test,1lz1A_V2A,Mut,test/1lz1A/1lz1A_V2A_relaxed.pdb,0
test,1lz1A_V2G,WT,test/1lz1A/1lz1A_relaxed.pdb,0
test,1lz1A_V2G,Mut,test/1lz1A/1lz1A_V2G_relaxed.pdb,0
test,1lz1A_V2S,WT,test/1lz1A/1lz1A_relaxed.pdb,0
test,1lz1A_V2S,Mut,test/1lz1A/1lz1A_V2S_relaxed.pdb,0
test,1lz1A_V2Y,WT,test/1lz1A/1lz1A_relaxed.pdb,0
test,1lz1A_V2Y,Mut,test/1lz1A/1lz1A_V2Y_relaxed.pdb,0
test,1lz1A_V2D,WT,test/1lz1A/1lz1A_relaxed.pdb,0
test,1lz1A_V2D,Mut,test/1lz1A/1lz1A_V2D_relaxed.pdb,0
test,1lz1A_V2N,WT,test/1lz1A/1lz1A_relaxed.pdb,0
test,1lz1A_V2N,Mut,test/1lz1A/1lz1A_V2N_relaxed.pdb,0
test,1lz1A_V2R,WT,test/1lz1A/1lz1A_relaxed.pdb,0
test,1lz1A_V2R,Mut,test/1lz1A/1lz1A_V2R_relaxed.pdb,0
test,1lz1A_V2L,WT,test/1lz1A/1lz1A_relaxed.pdb,0
test,1lz1A_V2L,Mut,test/1lz1A/1lz1A_V2L_relaxed.pdb,0
test,1lz1A_V2M,WT,test/1lz1A/1lz1A_relaxed.pdb,0
test,1lz1A_V2M,Mut,test/1lz1A/1lz1A_V2M_relaxed.pdb,0
test,1lz1A_V2F,WT,test/1lz1A/1lz1A_relaxed.pdb,0
test,1lz1A_V2F,Mut,test/1lz1A/1lz1A_V2F_relaxed.pdb,0
test,1lz1A_Y20F,WT,test/1lz1A/1lz1A_relaxed.pdb,0
test,1lz1A_Y20F,Mut,test/1lz1A/1lz1A_Y20F_relaxed.pdb,0
test,1lz1A_I23A,WT,test/1lz1A/1lz1A_relaxed.pdb,0
test,1lz1A_I23A,Mut,test/1lz1A/1lz1A_I23A_relaxed.pdb,0
test,1lz1A_I23V,WT,test/1lz1A/1lz1A_relaxed.pdb,0
test,1lz1A_I23V,Mut,test/1lz1A/1lz1A_I23V_relaxed.pdb,0
test,1lz1A_Y38F,WT,test/1lz1A/1lz1A_relaxed.pdb,0
test,1lz1A_Y38F,Mut,test/1lz1A/1lz1A_Y38F_relaxed.pdb,0
test,1lz1A_Y45F,WT,test/1lz1A/1lz1A_relaxed.pdb,0
test,1lz1A_Y45F,Mut,test/1lz1A/1lz1A_Y45F_relaxed.pdb,0
test,1lz1A_A47P,WT,test/1lz1A/1lz1A_relaxed.pdb,0
test,1lz1A_A47P,Mut,test/1lz1A/1lz1A_A47P_relaxed.pdb,0
test,1lz1A_Y54F,WT,test/1lz1A/1lz1A_relaxed.pdb,0
test,1lz1A_Y54F,Mut,test/1lz1A/1lz1A_Y54F_relaxed.pdb,0
test,1lz1A_I56A,WT,test/1lz1A/1lz1A_relaxed.pdb,0
test,1lz1A_I56A,Mut,test/1lz1A/1lz1A_I56A_relaxed.pdb,0
test,1lz1A_I56T,WT,test/1lz1A/1lz1A_relaxed.pdb,0
test,1lz1A_I56T,Mut,test/1lz1A/1lz1A_I56T_relaxed.pdb,0
test,1lz1A_I56V,WT,test/1lz1A/1lz1A_relaxed.pdb,0
test,1lz1A_I56V,Mut,test/1lz1A/1lz1A_I56V_relaxed.pdb,0
test,1lz1A_I59A,WT,test/1lz1A/1lz1A_relaxed.pdb,0
test,1lz1A_I59A,Mut,test/1lz1A/1lz1A_I59A_relaxed.pdb,0
test,1lz1A_I59G,WT,test/1lz1A/1lz1A_relaxed.pdb,0
test,1lz1A_I59G,Mut,test/1lz1A/1lz1A_I59G_relaxed.pdb,0
test,1lz1A_I59V,WT,test/1lz1A/1lz1A_relaxed.pdb,0
test,1lz1A_I59V,Mut,test/1lz1A/1lz1A_I59V_relaxed.pdb,0
test,1lz1A_Y63F,WT,test/1lz1A/1lz1A_relaxed.pdb,0
test,1lz1A_Y63F,Mut,test/1lz1A/1lz1A_Y63F_relaxed.pdb,0
test,1lz1A_P71G,WT,test/1lz1A/1lz1A_relaxed.pdb,0
test,1lz1A_P71G,Mut,test/1lz1A/1lz1A_P71G_relaxed.pdb,0
test,1lz1A_V74A,WT,test/1lz1A/1lz1A_relaxed.pdb,0
test,1lz1A_V74A,Mut,test/1lz1A/1lz1A_V74A_relaxed.pdb,0
test,1lz1A_V74G,WT,test/1lz1A/1lz1A_relaxed.pdb,0
test,1lz1A_V74G,Mut,test/1lz1A/1lz1A_V74G_relaxed.pdb,0
test,1lz1A_V74I,WT,test/1lz1A/1lz1A_relaxed.pdb,0
test,1lz1A_V74I,Mut,test/1lz1A/1lz1A_V74I_relaxed.pdb,0
test,1lz1A_V74L,WT,test/1lz1A/1lz1A_relaxed.pdb,0
test,1lz1A_V74L,Mut,test/1lz1A/1lz1A_V74L_relaxed.pdb,0
test,1lz1A_V74M,WT,test/1lz1A/1lz1A_relaxed.pdb,0
test,1lz1A_V74M,Mut,test/1lz1A/1lz1A_V74M_relaxed.pdb,0
test,1lz1A_V74F,WT,test/1lz1A/1lz1A_relaxed.pdb,0
test,1lz1A_V74F,Mut,test/1lz1A/1lz1A_V74F_relaxed.pdb,0
test,1lz1A_V74Y,WT,test/1lz1A/1lz1A_relaxed.pdb,0
test,1lz1A_V74Y,Mut,test/1lz1A/1lz1A_V74Y_relaxed.pdb,0
test,1lz1A_V74D,WT,test/1lz1A/1lz1A_relaxed.pdb,0
test,1lz1A_V74D,Mut,test/1lz1A/1lz1A_V74D_relaxed.pdb,0
test,1lz1A_V74N,WT,test/1lz1A/1lz1A_relaxed.pdb,0
test,1lz1A_V74N,Mut,test/1lz1A/1lz1A_V74N_relaxed.pdb,0
test,1lz1A_V74R,WT,test/1lz1A/1lz1A_relaxed.pdb,0
test,1lz1A_V74R,Mut,test/1lz1A/1lz1A_V74R_relaxed.pdb,0
test,1lz1A_V74S,WT,test/1lz1A/1lz1A_relaxed.pdb,0
test,1lz1A_V74S,Mut,test/1lz1A/1lz1A_V74S_relaxed.pdb,0
test,1lz1A_C77A,WT,test/1lz1A/1lz1A_relaxed.pdb,0
test,1lz1A_C77A,Mut,test/1lz1A/1lz1A_C77A_relaxed.pdb,0
test,1lz1A_I89A,WT,test/1lz1A/1lz1A_relaxed.pdb,0
test,1lz1A_I89A,Mut,test/1lz1A/1lz1A_I89A_relaxed.pdb,0
test,1lz1A_I89V,WT,test/1lz1A/1lz1A_relaxed.pdb,0
test,1lz1A_I89V,Mut,test/1lz1A/1lz1A_I89V_relaxed.pdb,0
test,1lz1A_D91P,WT,test/1lz1A/1lz1A_relaxed.pdb,0
test,1lz1A_D91P,Mut,test/1lz1A/1lz1A_D91P_relaxed.pdb,0
test,1lz1A_V93A,WT,test/1lz1A/1lz1A_relaxed.pdb,0
test,1lz1A_V93A,Mut,test/1lz1A/1lz1A_V93A_relaxed.pdb,0
test,1lz1A_V99A,WT,test/1lz1A/1lz1A_relaxed.pdb,0
test,1lz1A_V99A,Mut,test/1lz1A/1lz1A_V99A_relaxed.pdb,0
test,1lz1A_V100A,WT,test/1lz1A/1lz1A_relaxed.pdb,0
test,1lz1A_V100A,Mut,test/1lz1A/1lz1A_V100A_relaxed.pdb,0
test,1lz1A_P103G,WT,test/1lz1A/1lz1A_relaxed.pdb,0
test,1lz1A_P103G,Mut,test/1lz1A/1lz1A_P103G_relaxed.pdb,0
test,1lz1A_I106A,WT,test/1lz1A/1lz1A_relaxed.pdb,0
test,1lz1A_I106A,Mut,test/1lz1A/1lz1A_I106A_relaxed.pdb,0
test,1lz1A_I106V,WT,test/1lz1A/1lz1A_relaxed.pdb,0
test,1lz1A_I106V,Mut,test/1lz1A/1lz1A_I106V_relaxed.pdb,0
test,1lz1A_V110A,WT,test/1lz1A/1lz1A_relaxed.pdb,0
test,1lz1A_V110A,Mut,test/1lz1A/1lz1A_V110A_relaxed.pdb,0
test,1lz1A_V110D,WT,test/1lz1A/1lz1A_relaxed.pdb,0
test,1lz1A_V110D,Mut,test/1lz1A/1lz1A_V110D_relaxed.pdb,0
test,1lz1A_V110G,WT,test/1lz1A/1lz1A_relaxed.pdb,0
test,1lz1A_V110G,Mut,test/1lz1A/1lz1A_V110G_relaxed.pdb,0
test,1lz1A_V110I,WT,test/1lz1A/1lz1A_relaxed.pdb,0
test,1lz1A_V110I,Mut,test/1lz1A/1lz1A_V110I_relaxed.pdb,0
test,1lz1A_V110L,WT,test/1lz1A/1lz1A_relaxed.pdb,0
test,1lz1A_V110L,Mut,test/1lz1A/1lz1A_V110L_relaxed.pdb,0
test,1lz1A_V110M,WT,test/1lz1A/1lz1A_relaxed.pdb,0
test,1lz1A_V110M,Mut,test/1lz1A/1lz1A_V110M_relaxed.pdb,0
test,1lz1A_V110N,WT,test/1lz1A/1lz1A_relaxed.pdb,0
test,1lz1A_V110N,Mut,test/1lz1A/1lz1A_V110N_relaxed.pdb,0
test,1lz1A_V110R,WT,test/1lz1A/1lz1A_relaxed.pdb,0
test,1lz1A_V110R,Mut,test/1lz1A/1lz1A_V110R_relaxed.pdb,0
test,1lz1A_V110F,WT,test/1lz1A/1lz1A_relaxed.pdb,0
test,1lz1A_V110F,Mut,test/1lz1A/1lz1A_V110F_relaxed.pdb,0
test,1lz1A_V110P,WT,test/1lz1A/1lz1A_relaxed.pdb,0
test,1lz1A_V110P,Mut,test/1lz1A/1lz1A_V110P_relaxed.pdb,0
test,1lz1A_V110Y,WT,test/1lz1A/1lz1A_relaxed.pdb,0
test,1lz1A_V110Y,Mut,test/1lz1A/1lz1A_V110Y_relaxed.pdb,0
test,1lz1A_V121A,WT,test/1lz1A/1lz1A_relaxed.pdb,0
test,1lz1A_V121A,Mut,test/1lz1A/1lz1A_V121A_relaxed.pdb,0
test,1lz1A_Y124F,WT,test/1lz1A/1lz1A_relaxed.pdb,0
test,1lz1A_Y124F,Mut,test/1lz1A/1lz1A_Y124F_relaxed.pdb,0
test,1lz1A_V125A,WT,test/1lz1A/1lz1A_relaxed.pdb,0
test,1lz1A_V125A,Mut,test/1lz1A/1lz1A_V125A_relaxed.pdb,0
test,1lz1A_V130A,WT,test/1lz1A/1lz1A_relaxed.pdb,0
test,1lz1A_V130A,Mut,test/1lz1A/1lz1A_V130A_relaxed.pdb,0
test,1oh0A_Y32F,WT,test/1oh0A/1oh0A_relaxed.pdb,0
test,1oh0A_Y32F,Mut,test/1oh0A/1oh0A_Y32F_relaxed.pdb,0
test,1oh0A_Y57F,WT,test/1oh0A/1oh0A_relaxed.pdb,0
test,1oh0A_Y57F,Mut,test/1oh0A/1oh0A_Y57F_relaxed.pdb,0
test,1rn1C_Q25K,WT,test/1rn1C/1rn1C_relaxed.pdb,0
test,1rn1C_Q25K,Mut,test/1rn1C/1rn1C_Q25K_relaxed.pdb,0
test,1vqbA_I47L,WT,test/1vqbA/1vqbA_relaxed.pdb,0
test,1vqbA_I47L,Mut,test/1vqbA/1vqbA_I47L_relaxed.pdb,0
test,1vqbA_I47M,WT,test/1vqbA/1vqbA_relaxed.pdb,0
test,1vqbA_I47M,Mut,test/1vqbA/1vqbA_I47M_relaxed.pdb,0
test,1vqbA_I47V,WT,test/1vqbA/1vqbA_relaxed.pdb,0
test,1vqbA_I47V,Mut,test/1vqbA/1vqbA_I47V_relaxed.pdb,0
test,1vqbA_V35I,WT,test/1vqbA/1vqbA_relaxed.pdb,0
test,1vqbA_V35I,Mut,test/1vqbA/1vqbA_V35I_relaxed.pdb,0
test,1vqbA_Y41F,WT,test/1vqbA/1vqbA_relaxed.pdb,0
test,1vqbA_Y41F,Mut,test/1vqbA/1vqbA_Y41F_relaxed.pdb,0
test,2lzmA_I3L,WT,test/2lzmA/2lzmA_relaxed.pdb,0
test,2lzmA_I3L,Mut,test/2lzmA/2lzmA_I3L_relaxed.pdb,0
test,2lzmA_I3C,WT,test/2lzmA/2lzmA_relaxed.pdb,0
test,2lzmA_I3C,Mut,test/2lzmA/2lzmA_I3C_relaxed.pdb,0
test,2lzmA_I3P,WT,test/2lzmA/2lzmA_relaxed.pdb,0
test,2lzmA_I3P,Mut,test/2lzmA/2lzmA_I3P_relaxed.pdb,0
test,2lzmA_I3Y,WT,test/2lzmA/2lzmA_relaxed.pdb,0
test,2lzmA_I3Y,Mut,test/2lzmA/2lzmA_I3Y_relaxed.pdb,0
test,2lzmA_I3V,WT,test/2lzmA/2lzmA_relaxed.pdb,0
test,2lzmA_I3V,Mut,test/2lzmA/2lzmA_I3V_relaxed.pdb,0
test,2lzmA_M6I,WT,test/2lzmA/2lzmA_relaxed.pdb,0
test,2lzmA_M6I,Mut,test/2lzmA/2lzmA_M6I_relaxed.pdb,0
test,2lzmA_K16E,WT,test/2lzmA/2lzmA_relaxed.pdb,0
test,2lzmA_K16E,Mut,test/2lzmA/2lzmA_K16E_relaxed.pdb,0
test,2lzmA_S38D,WT,test/2lzmA/2lzmA_relaxed.pdb,0
test,2lzmA_S38D,Mut,test/2lzmA/2lzmA_S38D_relaxed.pdb,0
test,2lzmA_N55G,WT,test/2lzmA/2lzmA_relaxed.pdb,0
test,2lzmA_N55G,Mut,test/2lzmA/2lzmA_N55G_relaxed.pdb,0
test,2lzmA_K60P,WT,test/2lzmA/2lzmA_relaxed.pdb,0
test,2lzmA_K60P,Mut,test/2lzmA/2lzmA_K60P_relaxed.pdb,0
test,2lzmA_G77A,WT,test/2lzmA/2lzmA_relaxed.pdb,0
test,2lzmA_G77A,Mut,test/2lzmA/2lzmA_G77A_relaxed.pdb,0
test,2lzmA_A82P,WT,test/2lzmA/2lzmA_relaxed.pdb,0
test,2lzmA_A82P,Mut,test/2lzmA/2lzmA_A82P_relaxed.pdb,0
test,2lzmA_K85A,WT,test/2lzmA/2lzmA_relaxed.pdb,0
test,2lzmA_K85A,Mut,test/2lzmA/2lzmA_K85A_relaxed.pdb,0
test,2lzmA_D89A,WT,test/2lzmA/2lzmA_relaxed.pdb,0
test,2lzmA_D89A,Mut,test/2lzmA/2lzmA_D89A_relaxed.pdb,0
test,2lzmA_R96A,WT,test/2lzmA/2lzmA_relaxed.pdb,0
test,2lzmA_R96A,Mut,test/2lzmA/2lzmA_R96A_relaxed.pdb,0
test,2lzmA_R96D,WT,test/2lzmA/2lzmA_relaxed.pdb,0
test,2lzmA_R96D,Mut,test/2lzmA/2lzmA_R96D_relaxed.pdb,0
test,2lzmA_R96M,WT,test/2lzmA/2lzmA_relaxed.pdb,0
test,2lzmA_R96M,Mut,test/2lzmA/2lzmA_R96M_relaxed.pdb,0
test,2lzmA_R96E,WT,test/2lzmA/2lzmA_relaxed.pdb,0
test,2lzmA_R96E,Mut,test/2lzmA/2lzmA_R96E_relaxed.pdb,0
test,2lzmA_R96G,WT,test/2lzmA/2lzmA_relaxed.pdb,0
test,2lzmA_R96G,Mut,test/2lzmA/2lzmA_R96G_relaxed.pdb,0
test,2lzmA_R96Q,WT,test/2lzmA/2lzmA_relaxed.pdb,0
test,2lzmA_R96Q,Mut,test/2lzmA/2lzmA_R96Q_relaxed.pdb,0
test,2lzmA_R96H,WT,test/2lzmA/2lzmA_relaxed.pdb,0
test,2lzmA_R96H,Mut,test/2lzmA/2lzmA_R96H_relaxed.pdb,0
test,2lzmA_R96N,WT,test/2lzmA/2lzmA_relaxed.pdb,0
test,2lzmA_R96N,Mut,test/2lzmA/2lzmA_R96N_relaxed.pdb,0
test,2lzmA_R96K,WT,test/2lzmA/2lzmA_relaxed.pdb,0
test,2lzmA_R96K,Mut,test/2lzmA/2lzmA_R96K_relaxed.pdb,0
test,2lzmA_R96S,WT,test/2lzmA/2lzmA_relaxed.pdb,0
test,2lzmA_R96S,Mut,test/2lzmA/2lzmA_R96S_relaxed.pdb,0
test,2lzmA_R96Y,WT,test/2lzmA/2lzmA_relaxed.pdb,0
test,2lzmA_R96Y,Mut,test/2lzmA/2lzmA_R96Y_relaxed.pdb,0
test,2lzmA_R96V,WT,test/2lzmA/2lzmA_relaxed.pdb,0
test,2lzmA_R96V,Mut,test/2lzmA/2lzmA_R96V_relaxed.pdb,0
test,2lzmA_R96W,WT,test/2lzmA/2lzmA_relaxed.pdb,0
test,2lzmA_R96W,Mut,test/2lzmA/2lzmA_R96W_relaxed.pdb,0
test,2lzmA_A98V,WT,test/2lzmA/2lzmA_relaxed.pdb,0
test,2lzmA_A98V,Mut,test/2lzmA/2lzmA_A98V_relaxed.pdb,0
test,2lzmA_Q105A,WT,test/2lzmA/2lzmA_relaxed.pdb,0
test,2lzmA_Q105A,Mut,test/2lzmA/2lzmA_Q105A_relaxed.pdb,0
test,2lzmA_Q105E,WT,test/2lzmA/2lzmA_relaxed.pdb,0
test,2lzmA_Q105E,Mut,test/2lzmA/2lzmA_Q105E_relaxed.pdb,0
test,2lzmA_Q105G,WT,test/2lzmA/2lzmA_relaxed.pdb,0
test,2lzmA_Q105G,Mut,test/2lzmA/2lzmA_Q105G_relaxed.pdb,0
test,2lzmA_G113A,WT,test/2lzmA/2lzmA_relaxed.pdb,0
test,2lzmA_G113A,Mut,test/2lzmA/2lzmA_G113A_relaxed.pdb,0
test,2lzmA_T115E,WT,test/2lzmA/2lzmA_relaxed.pdb,0
test,2lzmA_T115E,Mut,test/2lzmA/2lzmA_T115E_relaxed.pdb,0
test,2lzmA_N116D,WT,test/2lzmA/2lzmA_relaxed.pdb,0
test,2lzmA_N116D,Mut,test/2lzmA/2lzmA_N116D_relaxed.pdb,0
test,2lzmA_R119E,WT,test/2lzmA/2lzmA_relaxed.pdb,0
test,2lzmA_R119E,Mut,test/2lzmA/2lzmA_R119E_relaxed.pdb,0
test,2lzmA_Q123E,WT,test/2lzmA/2lzmA_relaxed.pdb,0
test,2lzmA_Q123E,Mut,test/2lzmA/2lzmA_Q123E_relaxed.pdb,0
test,2lzmA_K124G,WT,test/2lzmA/2lzmA_relaxed.pdb,0
test,2lzmA_K124G,Mut,test/2lzmA/2lzmA_K124G_relaxed.pdb,0
test,2lzmA_V131A,WT,test/2lzmA/2lzmA_relaxed.pdb,0
test,2lzmA_V131A,Mut,test/2lzmA/2lzmA_V131A_relaxed.pdb,0
test,2lzmA_V131D,WT,test/2lzmA/2lzmA_relaxed.pdb,0
test,2lzmA_V131D,Mut,test/2lzmA/2lzmA_V131D_relaxed.pdb,0
test,2lzmA_V131G,WT,test/2lzmA/2lzmA_relaxed.pdb,0
test,2lzmA_V131G,Mut,test/2lzmA/2lzmA_V131G_relaxed.pdb,0
test,2lzmA_V131I,WT,test/2lzmA/2lzmA_relaxed.pdb,0
test,2lzmA_V131I,Mut,test/2lzmA/2lzmA_V131I_relaxed.pdb,0
test,2lzmA_V131L,WT,test/2lzmA/2lzmA_relaxed.pdb,0
test,2lzmA_V131L,Mut,test/2lzmA/2lzmA_V131L_relaxed.pdb,0
test,2lzmA_V131S,WT,test/2lzmA/2lzmA_relaxed.pdb,0
test,2lzmA_V131S,Mut,test/2lzmA/2lzmA_V131S_relaxed.pdb,0
test,2lzmA_V131M,WT,test/2lzmA/2lzmA_relaxed.pdb,0
test,2lzmA_V131M,Mut,test/2lzmA/2lzmA_V131M_relaxed.pdb,0
test,2lzmA_V131E,WT,test/2lzmA/2lzmA_relaxed.pdb,0
test,2lzmA_V131E,Mut,test/2lzmA/2lzmA_V131E_relaxed.pdb,0
test,2lzmA_L133A,WT,test/2lzmA/2lzmA_relaxed.pdb,0
test,2lzmA_L133A,Mut,test/2lzmA/2lzmA_L133A_relaxed.pdb,0
test,2lzmA_K135E,WT,test/2lzmA/2lzmA_relaxed.pdb,0
test,2lzmA_K135E,Mut,test/2lzmA/2lzmA_K135E_relaxed.pdb,0
test,2lzmA_N144D,WT,test/2lzmA/2lzmA_relaxed.pdb,0
test,2lzmA_N144D,Mut,test/2lzmA/2lzmA_N144D_relaxed.pdb,0
test,2lzmA_K147E,WT,test/2lzmA/2lzmA_relaxed.pdb,0
test,2lzmA_K147E,Mut,test/2lzmA/2lzmA_K147E_relaxed.pdb,0
test,2lzmA_V149C,WT,test/2lzmA/2lzmA_relaxed.pdb,0
test,2lzmA_V149C,Mut,test/2lzmA/2lzmA_V149C_relaxed.pdb,0
test,2lzmA_T152S,WT,test/2lzmA/2lzmA_relaxed.pdb,0
test,2lzmA_T152S,Mut,test/2lzmA/2lzmA_T152S_relaxed.pdb,0
test,2lzmA_R154E,WT,test/2lzmA/2lzmA_relaxed.pdb,0
test,2lzmA_R154E,Mut,test/2lzmA/2lzmA_R154E_relaxed.pdb,0
test,2lzmA_G156D,WT,test/2lzmA/2lzmA_relaxed.pdb,0
test,2lzmA_G156D,Mut,test/2lzmA/2lzmA_G156D_relaxed.pdb,0
test,2lzmA_T157A,WT,test/2lzmA/2lzmA_relaxed.pdb,0
test,2lzmA_T157A,Mut,test/2lzmA/2lzmA_T157A_relaxed.pdb,0
test,2lzmA_T157C,WT,test/2lzmA/2lzmA_relaxed.pdb,0
test,2lzmA_T157C,Mut,test/2lzmA/2lzmA_T157C_relaxed.pdb,0
test,2lzmA_T157D,WT,test/2lzmA/2lzmA_relaxed.pdb,0
test,2lzmA_T157D,Mut,test/2lzmA/2lzmA_T157D_relaxed.pdb,0
test,2lzmA_T157E,WT,test/2lzmA/2lzmA_relaxed.pdb,0
test,2lzmA_T157E,Mut,test/2lzmA/2lzmA_T157E_relaxed.pdb,0
test,2lzmA_T157F,WT,test/2lzmA/2lzmA_relaxed.pdb,0
test,2lzmA_T157F,Mut,test/2lzmA/2lzmA_T157F_relaxed.pdb,0
test,2lzmA_T157G,WT,test/2lzmA/2lzmA_relaxed.pdb,0
test,2lzmA_T157G,Mut,test/2lzmA/2lzmA_T157G_relaxed.pdb,0
test,2lzmA_T157H,WT,test/2lzmA/2lzmA_relaxed.pdb,0
test,2lzmA_T157H,Mut,test/2lzmA/2lzmA_T157H_relaxed.pdb,0
test,2lzmA_T157I,WT,test/2lzmA/2lzmA_relaxed.pdb,0
test,2lzmA_T157I,Mut,test/2lzmA/2lzmA_T157I_relaxed.pdb,0
test,2lzmA_T157L,WT,test/2lzmA/2lzmA_relaxed.pdb,0
test,2lzmA_T157L,Mut,test/2lzmA/2lzmA_T157L_relaxed.pdb,0
test,2lzmA_T157N,WT,test/2lzmA/2lzmA_relaxed.pdb,0
test,2lzmA_T157N,Mut,test/2lzmA/2lzmA_T157N_relaxed.pdb,0
test,2lzmA_T157R,WT,test/2lzmA/2lzmA_relaxed.pdb,0
test,2lzmA_T157R,Mut,test/2lzmA/2lzmA_T157R_relaxed.pdb,0
test,2lzmA_T157S,WT,test/2lzmA/2lzmA_relaxed.pdb,0
test,2lzmA_T157S,Mut,test/2lzmA/2lzmA_T157S_relaxed.pdb,0
test,2lzmA_T157V,WT,test/2lzmA/2lzmA_relaxed.pdb,0
test,2lzmA_T157V,Mut,test/2lzmA/2lzmA_T157V_relaxed.pdb,0
test,2rn2A_D10N,WT,test/2rn2A/2rn2A_relaxed.pdb,0
test,2rn2A_D10N,Mut,test/2rn2A/2rn2A_D10N_relaxed.pdb,0
test,2rn2A_E48Q,WT,test/2rn2A/2rn2A_relaxed.pdb,0
test,2rn2A_E48Q,Mut,test/2rn2A/2rn2A_E48Q_relaxed.pdb,0
test,2rn2A_A52F,WT,test/2rn2A/2rn2A_relaxed.pdb,0
test,2rn2A_A52F,Mut,test/2rn2A/2rn2A_A52F_relaxed.pdb,0
test,2rn2A_A52I,WT,test/2rn2A/2rn2A_relaxed.pdb,0
test,2rn2A_A52I,Mut,test/2rn2A/2rn2A_A52I_relaxed.pdb,0
test,2rn2A_A52L,WT,test/2rn2A/2rn2A_relaxed.pdb,0
test,2rn2A_A52L,Mut,test/2rn2A/2rn2A_A52L_relaxed.pdb,0
test,2rn2A_A52V,WT,test/2rn2A/2rn2A_relaxed.pdb,0
test,2rn2A_A52V,Mut,test/2rn2A/2rn2A_A52V_relaxed.pdb,0
test,2rn2A_H62A,WT,test/2rn2A/2rn2A_relaxed.pdb,0
test,2rn2A_H62A,Mut,test/2rn2A/2rn2A_H62A_relaxed.pdb,0
test,2rn2A_H62P,WT,test/2rn2A/2rn2A_relaxed.pdb,0
test,2rn2A_H62P,Mut,test/2rn2A/2rn2A_H62P_relaxed.pdb,0
test,2rn2A_D70N,WT,test/2rn2A/2rn2A_relaxed.pdb,0
test,2rn2A_D70N,Mut,test/2rn2A/2rn2A_D70N_relaxed.pdb,0
test,2rn2A_V74L,WT,test/2rn2A/2rn2A_relaxed.pdb,0
test,2rn2A_V74L,Mut,test/2rn2A/2rn2A_V74L_relaxed.pdb,0
test,2rn2A_V74I,WT,test/2rn2A/2rn2A_relaxed.pdb,0
test,2rn2A_V74I,Mut,test/2rn2A/2rn2A_V74I_relaxed.pdb,0
test,2rn2A_G77A,WT,test/2rn2A/2rn2A_relaxed.pdb,0
test,2rn2A_G77A,Mut,test/2rn2A/2rn2A_G77A_relaxed.pdb,0
test,2rn2A_K95A,WT,test/2rn2A/2rn2A_relaxed.pdb,0
test,2rn2A_K95A,Mut,test/2rn2A/2rn2A_K95A_relaxed.pdb,0
test,2rn2A_K95G,WT,test/2rn2A/2rn2A_relaxed.pdb,0
test,2rn2A_K95G,Mut,test/2rn2A/2rn2A_K95G_relaxed.pdb,0
test,2rn2A_K95N,WT,test/2rn2A/2rn2A_relaxed.pdb,0
test,2rn2A_K95N,Mut,test/2rn2A/2rn2A_K95N_relaxed.pdb,0
test,2rn2A_D134A,WT,test/2rn2A/2rn2A_relaxed.pdb,0
test,2rn2A_D134A,Mut,test/2rn2A/2rn2A_D134A_relaxed.pdb,0
test,2rn2A_D134H,WT,test/2rn2A/2rn2A_relaxed.pdb,0
test,2rn2A_D134H,Mut,test/2rn2A/2rn2A_D134H_relaxed.pdb,0
test,2rn2A_D134N,WT,test/2rn2A/2rn2A_relaxed.pdb,0
test,2rn2A_D134N,Mut,test/2rn2A/2rn2A_D134N_relaxed.pdb,0
test,4lyzA_M12F,WT,test/4lyzA/4lyzA_relaxed.pdb,0
test,4lyzA_M12F,Mut,test/4lyzA/4lyzA_M12F_relaxed.pdb,0
test,4lyzA_M12L,WT,test/4lyzA/4lyzA_relaxed.pdb,0
test,4lyzA_M12L,Mut,test/4lyzA/4lyzA_M12L_relaxed.pdb,0
test,4lyzA_T40S,WT,test/4lyzA/4lyzA_relaxed.pdb,0
test,4lyzA_T40S,Mut,test/4lyzA/4lyzA_T40S_relaxed.pdb,0
test,4lyzA_G49A,WT,test/4lyzA/4lyzA_relaxed.pdb,0
test,4lyzA_G49A,Mut,test/4lyzA/4lyzA_G49A_relaxed.pdb,0
test,4lyzA_I55V,WT,test/4lyzA/4lyzA_relaxed.pdb,0
test,4lyzA_I55V,Mut,test/4lyzA/4lyzA_I55V_relaxed.pdb,0
test,4lyzA_I58M,WT,test/4lyzA/4lyzA_relaxed.pdb,0
test,4lyzA_I58M,Mut,test/4lyzA/4lyzA_I58M_relaxed.pdb,0
test,4lyzA_G67A,WT,test/4lyzA/4lyzA_relaxed.pdb,0
test,4lyzA_G67A,Mut,test/4lyzA/4lyzA_G67A_relaxed.pdb,0
test,4lyzA_G71A,WT,test/4lyzA/4lyzA_relaxed.pdb,0
test,4lyzA_G71A,Mut,test/4lyzA/4lyzA_G71A_relaxed.pdb,0
test,4lyzA_I78M,WT,test/4lyzA/4lyzA_relaxed.pdb,0
test,4lyzA_I78M,Mut,test/4lyzA/4lyzA_I78M_relaxed.pdb,0
test,4lyzA_S91A,WT,test/4lyzA/4lyzA_relaxed.pdb,0
test,4lyzA_S91A,Mut,test/4lyzA/4lyzA_S91A_relaxed.pdb,0
test,4lyzA_S91T,WT,test/4lyzA/4lyzA_relaxed.pdb,0
test,4lyzA_S91T,Mut,test/4lyzA/4lyzA_S91T_relaxed.pdb,0
test,4lyzA_I98M,WT,test/4lyzA/4lyzA_relaxed.pdb,0
test,4lyzA_I98M,Mut,test/4lyzA/4lyzA_I98M_relaxed.pdb,0
test,4lyzA_G102A,WT,test/4lyzA/4lyzA_relaxed.pdb,0
test,4lyzA_G102A,Mut,test/4lyzA/4lyzA_G102A_relaxed.pdb,0
test,4lyzA_G117A,WT,test/4lyzA/4lyzA_relaxed.pdb,0
test,4lyzA_G117A,Mut,test/4lyzA/4lyzA_G117A_relaxed.pdb,0
test,5ptiA_F22A,WT,test/5ptiA/5ptiA_relaxed.pdb,0
test,5ptiA_F22A,Mut,test/5ptiA/5ptiA_F22A_relaxed.pdb,0
test,5ptiA_Y23A,WT,test/5ptiA/5ptiA_relaxed.pdb,0
test,5ptiA_Y23A,Mut,test/5ptiA/5ptiA_Y23A_relaxed.pdb,0
test,5ptiA_Y35G,WT,test/5ptiA/5ptiA_relaxed.pdb,0
test,5ptiA_Y35G,Mut,test/5ptiA/5ptiA_Y35G_relaxed.pdb,0
test,5ptiA_N43G,WT,test/5ptiA/5ptiA_relaxed.pdb,0
test,5ptiA_N43G,Mut,test/5ptiA/5ptiA_N43G_relaxed.pdb,0
test,5ptiA_F45A,WT,test/5ptiA/5ptiA_relaxed.pdb,0
test,5ptiA_F45A,Mut,test/5ptiA/5ptiA_F45A_relaxed.pdb,0
myoglobin,1bz6A_I28A,WT,myoglobin/1bz6A/1bz6A_relaxed.pdb,0
myoglobin,1bz6A_I28A,Mut,myoglobin/1bz6A/1bz6A_I28A_relaxed.pdb,0
myoglobin,1bz6A_L29A,WT,myoglobin/1bz6A/1bz6A_relaxed.pdb,0
myoglobin,1bz6A_L29A,Mut,myoglobin/1bz6A/1bz6A_L29A_relaxed.pdb,0
myoglobin,1bz6A_I30A,WT,myoglobin/1bz6A/1bz6A_relaxed.pdb,0
myoglobin,1bz6A_I30A,Mut,myoglobin/1bz6A/1bz6A_I30A_relaxed.pdb,0
myoglobin,1bz6A_L32A,WT,myoglobin/1bz6A/1bz6A_relaxed.pdb,0
myoglobin,1bz6A_L32A,Mut,myoglobin/1bz6A/1bz6A_L32A_relaxed.pdb,0
myoglobin,1bz6A_H24V,WT,myoglobin/1bz6A/1bz6A_relaxed.pdb,0
myoglobin,1bz6A_H24V,Mut,myoglobin/1bz6A/1bz6A_H24V_relaxed.pdb,0
myoglobin,1bz6A_H36Q,WT,myoglobin/1bz6A/1bz6A_relaxed.pdb,0
myoglobin,1bz6A_H36Q,Mut,myoglobin/1bz6A/1bz6A_H36Q_relaxed.pdb,0
myoglobin,1bz6A_H48Q,WT,myoglobin/1bz6A/1bz6A_relaxed.pdb,0
myoglobin,1bz6A_H48Q,Mut,myoglobin/1bz6A/1bz6A_H48Q_relaxed.pdb,0
myoglobin,1bz6A_H64Q,WT,myoglobin/1bz6A/1bz6A_relaxed.pdb,0
myoglobin,1bz6A_H64Q,Mut,myoglobin/1bz6A/1bz6A_H64Q_relaxed.pdb,0
myoglobin,1bz6A_H82Q,WT,myoglobin/1bz6A/1bz6A_relaxed.pdb,0
myoglobin,1bz6A_H82Q,Mut,myoglobin/1bz6A/1bz6A_H82Q_relaxed.pdb,0
myoglobin,1bz6A_H93G,WT,myoglobin/1bz6A/1bz6A_relaxed.pdb,0
myoglobin,1bz6A_H93G,Mut,myoglobin/1bz6A/1bz6A_H93G_relaxed.pdb,0
myoglobin,1bz6A_H97Q,WT,myoglobin/1bz6A/1bz6A_relaxed.pdb,0
myoglobin,1bz6A_H97Q,Mut,myoglobin/1bz6A/1bz6A_H97Q_relaxed.pdb,0
myoglobin,1bz6A_H113Q,WT,myoglobin/1bz6A/1bz6A_relaxed.pdb,0
myoglobin,1bz6A_H113Q,Mut,myoglobin/1bz6A/1bz6A_H113Q_relaxed.pdb,0
myoglobin,1bz6A_H119F,WT,myoglobin/1bz6A/1bz6A_relaxed.pdb,0
myoglobin,1bz6A_H119F,Mut,myoglobin/1bz6A/1bz6A_H119F_relaxed.pdb,0
myoglobin,1bz6A_G129A,WT,myoglobin/1bz6A/1bz6A_relaxed.pdb,0
myoglobin,1bz6A_G129A,Mut,myoglobin/1bz6A/1bz6A_G129A_relaxed.pdb,0
myoglobin,1bz6A_V66A,WT,myoglobin/1bz6A/1bz6A_relaxed.pdb,0
myoglobin,1bz6A_V66A,Mut,myoglobin/1bz6A/1bz6A_V66A_relaxed.pdb,0
myoglobin,1bz6A_P88A,WT,myoglobin/1bz6A/1bz6A_relaxed.pdb,0
myoglobin,1bz6A_P88A,Mut,myoglobin/1bz6A/1bz6A_P88A_relaxed.pdb,0
myoglobin,1bz6A_H116A,WT,myoglobin/1bz6A/1bz6A_relaxed.pdb,0
myoglobin,1bz6A_H116A,Mut,myoglobin/1bz6A/1bz6A_H116A_relaxed.pdb,0
myoglobin,1bz6A_V13A,WT,myoglobin/1bz6A/1bz6A_relaxed.pdb,0
myoglobin,1bz6A_V13A,Mut,myoglobin/1bz6A/1bz6A_V13A_relaxed.pdb,0
myoglobin,1bz6A_T67A,WT,myoglobin/1bz6A/1bz6A_relaxed.pdb,0
myoglobin,1bz6A_T67A,Mut,myoglobin/1bz6A/1bz6A_T67A_relaxed.pdb,0
myoglobin,1bz6A_S117A,WT,myoglobin/1bz6A/1bz6A_relaxed.pdb,0
myoglobin,1bz6A_S117A,Mut,myoglobin/1bz6A/1bz6A_S117A_relaxed.pdb,0
myoglobin,1bz6A_L11A,WT,myoglobin/1bz6A/1bz6A_relaxed.pdb,0
myoglobin,1bz6A_L11A,Mut,myoglobin/1bz6A/1bz6A_L11A_relaxed.pdb,0
myoglobin,1bz6A_L9A,WT,myoglobin/1bz6A/1bz6A_relaxed.pdb,0
myoglobin,1bz6A_L9A,Mut,myoglobin/1bz6A/1bz6A_L9A_relaxed.pdb,0
myoglobin,1bz6A_G23A,WT,myoglobin/1bz6A/1bz6A_relaxed.pdb,0
myoglobin,1bz6A_G23A,Mut,myoglobin/1bz6A/1bz6A_G23A_relaxed.pdb,0
myoglobin,1bz6A_L137A,WT,myoglobin/1bz6A/1bz6A_relaxed.pdb,0
myoglobin,1bz6A_L137A,Mut,myoglobin/1bz6A/1bz6A_L137A_relaxed.pdb,0
myoglobin,1bz6A_V114A,WT,myoglobin/1bz6A/1bz6A_relaxed.pdb,0
myoglobin,1bz6A_V114A,Mut,myoglobin/1bz6A/1bz6A_V114A_relaxed.pdb,0
myoglobin,1bz6A_T51A,WT,myoglobin/1bz6A/1bz6A_relaxed.pdb,0
myoglobin,1bz6A_T51A,Mut,myoglobin/1bz6A/1bz6A_T51A_relaxed.pdb,0
myoglobin,1bz6A_L149A,WT,myoglobin/1bz6A/1bz6A_relaxed.pdb,0
myoglobin,1bz6A_L149A,Mut,myoglobin/1bz6A/1bz6A_L149A_relaxed.pdb,0
myoglobin,1bz6A_I142A,WT,myoglobin/1bz6A/1bz6A_relaxed.pdb,0
myoglobin,1bz6A_I142A,Mut,myoglobin/1bz6A/1bz6A_I142A_relaxed.pdb,0
myoglobin,1bz6A_Q8A,WT,myoglobin/1bz6A/1bz6A_relaxed.pdb,0
myoglobin,1bz6A_Q8A,Mut,myoglobin/1bz6A/1bz6A_Q8A_relaxed.pdb,0
myoglobin,1bz6A_Q8G,WT,myoglobin/1bz6A/1bz6A_relaxed.pdb,0
myoglobin,1bz6A_Q8G,Mut,myoglobin/1bz6A/1bz6A_Q8G_relaxed.pdb,0
myoglobin,1bz6A_E109A,WT,myoglobin/1bz6A/1bz6A_relaxed.pdb,0
myoglobin,1bz6A_E109A,Mut,myoglobin/1bz6A/1bz6A_E109A_relaxed.pdb,0
myoglobin,1bz6A_E109G,WT,myoglobin/1bz6A/1bz6A_relaxed.pdb,0
myoglobin,1bz6A_E109G,Mut,myoglobin/1bz6A/1bz6A_E109G_relaxed.pdb,0
myoglobin,1bz6A_K140A,WT,myoglobin/1bz6A/1bz6A_relaxed.pdb,0
myoglobin,1bz6A_K140A,Mut,myoglobin/1bz6A/1bz6A_K140A_relaxed.pdb,0
myoglobin,1bz6A_L29F,WT,myoglobin/1bz6A/1bz6A_relaxed.pdb,0
myoglobin,1bz6A_L29F,Mut,myoglobin/1bz6A/1bz6A_L29F_relaxed.pdb,0
myoglobin,1bz6A_L29N,WT,myoglobin/1bz6A/1bz6A_relaxed.pdb,0
myoglobin,1bz6A_L29N,Mut,myoglobin/1bz6A/1bz6A_L29N_relaxed.pdb,0
myoglobin,1bz6A_F43V,WT,myoglobin/1bz6A/1bz6A_relaxed.pdb,0
myoglobin,1bz6A_F43V,Mut,myoglobin/1bz6A/1bz6A_F43V_relaxed.pdb,0
myoglobin,1bz6A_F43I,WT,myoglobin/1bz6A/1bz6A_relaxed.pdb,0
myoglobin,1bz6A_F43I,Mut,myoglobin/1bz6A/1bz6A_F43I_relaxed.pdb,0
myoglobin,1bz6A_H64Q,WT,myoglobin/1bz6A/1bz6A_relaxed.pdb,0
myoglobin,1bz6A_H64Q,Mut,myoglobin/1bz6A/1bz6A_H64Q_relaxed.pdb,0
myoglobin,1bz6A_H64A,WT,myoglobin/1bz6A/1bz6A_relaxed.pdb,0
myoglobin,1bz6A_H64A,Mut,myoglobin/1bz6A/1bz6A_H64A_relaxed.pdb,0
myoglobin,1bz6A_H64L,WT,myoglobin/1bz6A/1bz6A_relaxed.pdb,0
myoglobin,1bz6A_H64L,Mut,myoglobin/1bz6A/1bz6A_H64L_relaxed.pdb,0
myoglobin,1bz6A_H64F,WT,myoglobin/1bz6A/1bz6A_relaxed.pdb,0
myoglobin,1bz6A_H64F,Mut,myoglobin/1bz6A/1bz6A_H64F_relaxed.pdb,0
myoglobin,1bz6A_V68F,WT,myoglobin/1bz6A/1bz6A_relaxed.pdb,0
myoglobin,1bz6A_V68F,Mut,myoglobin/1bz6A/1bz6A_V68F_relaxed.pdb,0
myoglobin,1bz6A_V68A,WT,myoglobin/1bz6A/1bz6A_relaxed.pdb,0
myoglobin,1bz6A_V68A,Mut,myoglobin/1bz6A/1bz6A_V68A_relaxed.pdb,0
myoglobin,1bz6A_V68Q,WT,myoglobin/1bz6A/1bz6A_relaxed.pdb,0
myoglobin,1bz6A_V68Q,Mut,myoglobin/1bz6A/1bz6A_V68Q_relaxed.pdb,0
myoglobin,1bz6A_V68N,WT,myoglobin/1bz6A/1bz6A_relaxed.pdb,0
myoglobin,1bz6A_V68N,Mut,myoglobin/1bz6A/1bz6A_V68N_relaxed.pdb,0
myoglobin,1bz6A_V68S,WT,myoglobin/1bz6A/1bz6A_relaxed.pdb,0
myoglobin,1bz6A_V68S,Mut,myoglobin/1bz6A/1bz6A_V68S_relaxed.pdb,0
myoglobin,1bz6A_V68T,WT,myoglobin/1bz6A/1bz6A_relaxed.pdb,0
myoglobin,1bz6A_V68T,Mut,myoglobin/1bz6A/1bz6A_V68T_relaxed.pdb,0
myoglobin,1bz6A_I107F,WT,myoglobin/1bz6A/1bz6A_relaxed.pdb,0
myoglobin,1bz6A_I107F,Mut,myoglobin/1bz6A/1bz6A_I107F_relaxed.pdb,0
myoglobin,1bz6A_I107V,WT,myoglobin/1bz6A/1bz6A_relaxed.pdb,0
myoglobin,1bz6A_I107V,Mut,myoglobin/1bz6A/1bz6A_I107V_relaxed.pdb,0
myoglobin,1bz6A_I107T,WT,myoglobin/1bz6A/1bz6A_relaxed.pdb,0
myoglobin,1bz6A_I107T,Mut,myoglobin/1bz6A/1bz6A_I107T_relaxed.pdb,0
myoglobin,1bz6A_I28L,WT,myoglobin/1bz6A/1bz6A_relaxed.pdb,0
myoglobin,1bz6A_I28L,Mut,myoglobin/1bz6A/1bz6A_I28L_relaxed.pdb,0
myoglobin,1bz6A_I28M,WT,myoglobin/1bz6A/1bz6A_relaxed.pdb,0
myoglobin,1bz6A_I28M,Mut,myoglobin/1bz6A/1bz6A_I28M_relaxed.pdb,0
myoglobin,1bz6A_I28V,WT,myoglobin/1bz6A/1bz6A_relaxed.pdb,0
myoglobin,1bz6A_I28V,Mut,myoglobin/1bz6A/1bz6A_I28V_relaxed.pdb,0
myoglobin,1bz6A_I28A,WT,myoglobin/1bz6A/1bz6A_relaxed.pdb,0
myoglobin,1bz6A_I28A,Mut,myoglobin/1bz6A/1bz6A_I28A_relaxed.pdb,0
myoglobin,1bz6A_I111L,WT,myoglobin/1bz6A/1bz6A_relaxed.pdb,0
myoglobin,1bz6A_I111L,Mut,myoglobin/1bz6A/1bz6A_I111L_relaxed.pdb,0
myoglobin,1bz6A_I111M,WT,myoglobin/1bz6A/1bz6A_relaxed.pdb,0
myoglobin,1bz6A_I111M,Mut,myoglobin/1bz6A/1bz6A_I111M_relaxed.pdb,0
myoglobin,1bz6A_I111A,WT,myoglobin/1bz6A/1bz6A_relaxed.pdb,0
myoglobin,1bz6A_I111A,Mut,myoglobin/1bz6A/1bz6A_I111A_relaxed.pdb,0
myoglobin,1bz6A_I142L,WT,myoglobin/1bz6A/1bz6A_relaxed.pdb,0
myoglobin,1bz6A_I142L,Mut,myoglobin/1bz6A/1bz6A_I142L_relaxed.pdb,0
myoglobin,1bz6A_I142M,WT,myoglobin/1bz6A/1bz6A_relaxed.pdb,0
myoglobin,1bz6A_I142M,Mut,myoglobin/1bz6A/1bz6A_I142M_relaxed.pdb,0
myoglobin,1bz6A_I142V,WT,myoglobin/1bz6A/1bz6A_relaxed.pdb,0
myoglobin,1bz6A_I142V,Mut,myoglobin/1bz6A/1bz6A_I142V_relaxed.pdb,0
myoglobin,1bz6A_I142A,WT,myoglobin/1bz6A/1bz6A_relaxed.pdb,0
myoglobin,1bz6A_I142A,Mut,myoglobin/1bz6A/1bz6A_I142A_relaxed.pdb,0
myoglobin,1bz6A_L29I,WT,myoglobin/1bz6A/1bz6A_relaxed.pdb,0
myoglobin,1bz6A_L29I,Mut,myoglobin/1bz6A/1bz6A_L29I_relaxed.pdb,0
myoglobin,1bz6A_L29M,WT,myoglobin/1bz6A/1bz6A_relaxed.pdb,0
myoglobin,1bz6A_L29M,Mut,myoglobin/1bz6A/1bz6A_L29M_relaxed.pdb,0
myoglobin,1bz6A_L29V,WT,myoglobin/1bz6A/1bz6A_relaxed.pdb,0
myoglobin,1bz6A_L29V,Mut,myoglobin/1bz6A/1bz6A_L29V_relaxed.pdb,0
myoglobin,1bz6A_L29A,WT,myoglobin/1bz6A/1bz6A_relaxed.pdb,0
myoglobin,1bz6A_L29A,Mut,myoglobin/1bz6A/1bz6A_L29A_relaxed.pdb,0
myoglobin,1bz6A_L69I,WT,myoglobin/1bz6A/1bz6A_relaxed.pdb,0
myoglobin,1bz6A_L69I,Mut,myoglobin/1bz6A/1bz6A_L69I_relaxed.pdb,0
myoglobin,1bz6A_L69M,WT,myoglobin/1bz6A/1bz6A_relaxed.pdb,0
myoglobin,1bz6A_L69M,Mut,myoglobin/1bz6A/1bz6A_L69M_relaxed.pdb,0
myoglobin,1bz6A_L69V,WT,myoglobin/1bz6A/1bz6A_relaxed.pdb,0
myoglobin,1bz6A_L69V,Mut,myoglobin/1bz6A/1bz6A_L69V_relaxed.pdb,0
myoglobin,1bz6A_L69A,WT,myoglobin/1bz6A/1bz6A_relaxed.pdb,0
myoglobin,1bz6A_L69A,Mut,myoglobin/1bz6A/1bz6A_L69A_relaxed.pdb,0
myoglobin,1bz6A_L135I,WT,myoglobin/1bz6A/1bz6A_relaxed.pdb,0
myoglobin,1bz6A_L135I,Mut,myoglobin/1bz6A/1bz6A_L135I_relaxed.pdb,0
myoglobin,1bz6A_L135M,WT,myoglobin/1bz6A/1bz6A_relaxed.pdb,0
myoglobin,1bz6A_L135M,Mut,myoglobin/1bz6A/1bz6A_L135M_relaxed.pdb,0
myoglobin,1bz6A_L135V,WT,myoglobin/1bz6A/1bz6A_relaxed.pdb,0
myoglobin,1bz6A_L135V,Mut,myoglobin/1bz6A/1bz6A_L135V_relaxed.pdb,0
myoglobin,1bz6A_L49I,WT,myoglobin/1bz6A/1bz6A_relaxed.pdb,0
myoglobin,1bz6A_L49I,Mut,myoglobin/1bz6A/1bz6A_L49I_relaxed.pdb,0
myoglobin,1bz6A_A130L,WT,myoglobin/1bz6A/1bz6A_relaxed.pdb,0
myoglobin,1bz6A_A130L,Mut,myoglobin/1bz6A/1bz6A_A130L_relaxed.pdb,0
myoglobin,1bz6A_A130K,WT,myoglobin/1bz6A/1bz6A_relaxed.pdb,0
myoglobin,1bz6A_A130K,Mut,myoglobin/1bz6A/1bz6A_A130K_relaxed.pdb,0
myoglobin,1bz6A_F123T,WT,myoglobin/1bz6A/1bz6A_relaxed.pdb,0
myoglobin,1bz6A_F123T,Mut,myoglobin/1bz6A/1bz6A_F123T_relaxed.pdb,0
myoglobin,1bz6A_E4A,WT,myoglobin/1bz6A/1bz6A_relaxed.pdb,0
myoglobin,1bz6A_E4A,Mut,myoglobin/1bz6A/1bz6A_E4A_relaxed.pdb,0
myoglobin,1bz6A_K133A,WT,myoglobin/1bz6A/1bz6A_relaxed.pdb,0
myoglobin,1bz6A_K133A,Mut,myoglobin/1bz6A/1bz6A_K133A_relaxed.pdb,0
myoglobin,1bz6A_D122A,WT,myoglobin/1bz6A/1bz6A_relaxed.pdb,0
myoglobin,1bz6A_D122A,Mut,myoglobin/1bz6A/1bz6A_D122A_relaxed.pdb,0
myoglobin,1bz6A_E18A,WT,myoglobin/1bz6A/1bz6A_relaxed.pdb,0
myoglobin,1bz6A_E18A,Mut,myoglobin/1bz6A/1bz6A_E18A_relaxed.pdb,0
myoglobin,1bz6A_K77A,WT,myoglobin/1bz6A/1bz6A_relaxed.pdb,0
myoglobin,1bz6A_K77A,Mut,myoglobin/1bz6A/1bz6A_K77A_relaxed.pdb,0
myoglobin,1bz6A_D20A,WT,myoglobin/1bz6A/1bz6A_relaxed.pdb,0
myoglobin,1bz6A_D20A,Mut,myoglobin/1bz6A/1bz6A_D20A_relaxed.pdb,0
myoglobin,1bz6A_R118A,WT,myoglobin/1bz6A/1bz6A_relaxed.pdb,0
myoglobin,1bz6A_R118A,Mut,myoglobin/1bz6A/1bz6A_R118A_relaxed.pdb,0
myoglobin,1bz6A_D44A,WT,myoglobin/1bz6A/1bz6A_relaxed.pdb,0
myoglobin,1bz6A_D44A,Mut,myoglobin/1bz6A/1bz6A_D44A_relaxed.pdb,0
myoglobin,1bz6A_D60A,WT,myoglobin/1bz6A/1bz6A_relaxed.pdb,0
myoglobin,1bz6A_D60A,Mut,myoglobin/1bz6A/1bz6A_D60A_relaxed.pdb,0
myoglobin,1bz6A_K56A,WT,myoglobin/1bz6A/1bz6A_relaxed.pdb,0
myoglobin,1bz6A_K56A,Mut,myoglobin/1bz6A/1bz6A_K56A_relaxed.pdb,0
myoglobin,1bz6A_R139A,WT,myoglobin/1bz6A/1bz6A_relaxed.pdb,0
myoglobin,1bz6A_R139A,Mut,myoglobin/1bz6A/1bz6A_R139A_relaxed.pdb,0
myoglobin,1bz6A_W7F,WT,myoglobin/1bz6A/1bz6A_relaxed.pdb,0
myoglobin,1bz6A_W7F,Mut,myoglobin/1bz6A/1bz6A_W7F_relaxed.pdb,0
myoglobin,1bz6A_W14F,WT,myoglobin/1bz6A/1bz6A_relaxed.pdb,0
myoglobin,1bz6A_W14F,Mut,myoglobin/1bz6A/1bz6A_W14F_relaxed.pdb,0
myoglobin,1bz6A_M131A,WT,myoglobin/1bz6A/1bz6A_relaxed.pdb,0
myoglobin,1bz6A_M131A,Mut,myoglobin/1bz6A/1bz6A_M131A_relaxed.pdb,0
myoglobin,1bz6A_F123K,WT,myoglobin/1bz6A/1bz6A_relaxed.pdb,0
myoglobin,1bz6A_F123K,Mut,myoglobin/1bz6A/1bz6A_F123K_relaxed.pdb,0
myoglobin,1bz6A_A130K,WT,myoglobin/1bz6A/1bz6A_relaxed.pdb,0
myoglobin,1bz6A_A130K,Mut,myoglobin/1bz6A/1bz6A_A130K_relaxed.pdb,0
myoglobin,1bz6A_A130L,WT,myoglobin/1bz6A/1bz6A_relaxed.pdb,0
myoglobin,1bz6A_A130L,Mut,myoglobin/1bz6A/1bz6A_A130L_relaxed.pdb,0
myoglobin,1bz6A_H36Q,WT,myoglobin/1bz6A/1bz6A_relaxed.pdb,0
myoglobin,1bz6A_H36Q,Mut,myoglobin/1bz6A/1bz6A_H36Q_relaxed.pdb,0
myoglobin,1bz6A_V68T,WT,myoglobin/1bz6A/1bz6A_relaxed.pdb,0
myoglobin,1bz6A_V68T,Mut,myoglobin/1bz6A/1bz6A_V68T_relaxed.pdb,0
myoglobin,1bz6A_V13A,WT,myoglobin/1bz6A/1bz6A_relaxed.pdb,0
myoglobin,1bz6A_V13A,Mut,myoglobin/1bz6A/1bz6A_V13A_relaxed.pdb,0
myoglobin,1bz6A_L115A,WT,myoglobin/1bz6A/1bz6A_relaxed.pdb,0
myoglobin,1bz6A_L115A,Mut,myoglobin/1bz6A/1bz6A_L115A_relaxed.pdb,0
myoglobin,1bz6A_F123A,WT,myoglobin/1bz6A/1bz6A_relaxed.pdb,0
myoglobin,1bz6A_F123A,Mut,myoglobin/1bz6A/1bz6A_F123A_relaxed.pdb,0
myoglobin,1bz6A_L135A,WT,myoglobin/1bz6A/1bz6A_relaxed.pdb,0
myoglobin,1bz6A_L135A,Mut,myoglobin/1bz6A/1bz6A_L135A_relaxed.pdb,0
myoglobin,1bz6A_L11A,WT,myoglobin/1bz6A/1bz6A_relaxed.pdb,0
myoglobin,1bz6A_L11A,Mut,myoglobin/1bz6A/1bz6A_L11A_relaxed.pdb,0
myoglobin,1bz6A_F106A,WT,myoglobin/1bz6A/1bz6A_relaxed.pdb,0
myoglobin,1bz6A_F106A,Mut,myoglobin/1bz6A/1bz6A_F106A_relaxed.pdb,0
myoglobin,1bz6A_L137A,WT,myoglobin/1bz6A/1bz6A_relaxed.pdb,0
myoglobin,1bz6A_L137A,Mut,myoglobin/1bz6A/1bz6A_L137A_relaxed.pdb,0
myoglobin,1bz6A_A15L,WT,myoglobin/1bz6A/1bz6A_relaxed.pdb,0
myoglobin,1bz6A_A15L,Mut,myoglobin/1bz6A/1bz6A_A15L_relaxed.pdb,0
myoglobin,1bz6A_A125L,WT,myoglobin/1bz6A/1bz6A_relaxed.pdb,0
myoglobin,1bz6A_A125L,Mut,myoglobin/1bz6A/1bz6A_A125L_relaxed.pdb,0
myoglobin,1bz6A_A144L,WT,myoglobin/1bz6A/1bz6A_relaxed.pdb,0
myoglobin,1bz6A_A144L,Mut,myoglobin/1bz6A/1bz6A_A144L_relaxed.pdb,0
myoglobin,1bz6A_I28A,WT,myoglobin/1bz6A/1bz6A_relaxed.pdb,0
myoglobin,1bz6A_I28A,Mut,myoglobin/1bz6A/1bz6A_I28A_relaxed.pdb,0
myoglobin,1bz6A_I28F,WT,myoglobin/1bz6A/1bz6A_relaxed.pdb,0
myoglobin,1bz6A_I28F,Mut,myoglobin/1bz6A/1bz6A_I28F_relaxed.pdb,0
myoglobin,1bz6A_L32W,WT,myoglobin/1bz6A/1bz6A_relaxed.pdb,0
myoglobin,1bz6A_L32W,Mut,myoglobin/1bz6A/1bz6A_L32W_relaxed.pdb,0
myoglobin,1bz6A_L32A,WT,myoglobin/1bz6A/1bz6A_relaxed.pdb,0
myoglobin,1bz6A_L32A,Mut,myoglobin/1bz6A/1bz6A_L32A_relaxed.pdb,0
myoglobin,1bz6A_L32F,WT,myoglobin/1bz6A/1bz6A_relaxed.pdb,0
myoglobin,1bz6A_L32F,Mut,myoglobin/1bz6A/1bz6A_L32F_relaxed.pdb,0
myoglobin,1bz6A_H64F,WT,myoglobin/1bz6A/1bz6A_relaxed.pdb,0
myoglobin,1bz6A_H64F,Mut,myoglobin/1bz6A/1bz6A_H64F_relaxed.pdb,0
myoglobin,1bz6A_H64A,WT,myoglobin/1bz6A/1bz6A_relaxed.pdb,0
myoglobin,1bz6A_H64A,Mut,myoglobin/1bz6A/1bz6A_H64A_relaxed.pdb,0
myoglobin,1bz6A_H64W,WT,myoglobin/1bz6A/1bz6A_relaxed.pdb,0
myoglobin,1bz6A_H64W,Mut,myoglobin/1bz6A/1bz6A_H64W_relaxed.pdb,0
myoglobin,1bz6A_H64Q,WT,myoglobin/1bz6A/1bz6A_relaxed.pdb,0
myoglobin,1bz6A_H64Q,Mut,myoglobin/1bz6A/1bz6A_H64Q_relaxed.pdb,0
myoglobin,1bz6A_H64Y,WT,myoglobin/1bz6A/1bz6A_relaxed.pdb,0
myoglobin,1bz6A_H64Y,Mut,myoglobin/1bz6A/1bz6A_H64Y_relaxed.pdb,0
myoglobin,1bz6A_H64L,WT,myoglobin/1bz6A/1bz6A_relaxed.pdb,0
myoglobin,1bz6A_H64L,Mut,myoglobin/1bz6A/1bz6A_H64L_relaxed.pdb,0
myoglobin,1bz6A_H64I,WT,myoglobin/1bz6A/1bz6A_relaxed.pdb,0
myoglobin,1bz6A_H64I,Mut,myoglobin/1bz6A/1bz6A_H64I_relaxed.pdb,0
myoglobin,1bz6A_H64V,WT,myoglobin/1bz6A/1bz6A_relaxed.pdb,0
myoglobin,1bz6A_H64V,Mut,myoglobin/1bz6A/1bz6A_H64V_relaxed.pdb,0
myoglobin,1bz6A_H64T,WT,myoglobin/1bz6A/1bz6A_relaxed.pdb,0
myoglobin,1bz6A_H64T,Mut,myoglobin/1bz6A/1bz6A_H64T_relaxed.pdb,0
myoglobin,1bz6A_H64N,WT,myoglobin/1bz6A/1bz6A_relaxed.pdb,0
myoglobin,1bz6A_H64N,Mut,myoglobin/1bz6A/1bz6A_H64N_relaxed.pdb,0
myoglobin,1bz6A_H64R,WT,myoglobin/1bz6A/1bz6A_relaxed.pdb,0
myoglobin,1bz6A_H64R,Mut,myoglobin/1bz6A/1bz6A_H64R_relaxed.pdb,0
myoglobin,1bz6A_H64G,WT,myoglobin/1bz6A/1bz6A_relaxed.pdb,0
myoglobin,1bz6A_H64G,Mut,myoglobin/1bz6A/1bz6A_H64G_relaxed.pdb,0
myoglobin,1bz6A_T67F,WT,myoglobin/1bz6A/1bz6A_relaxed.pdb,0
myoglobin,1bz6A_T67F,Mut,myoglobin/1bz6A/1bz6A_T67F_relaxed.pdb,0
myoglobin,1bz6A_T67Q,WT,myoglobin/1bz6A/1bz6A_relaxed.pdb,0
myoglobin,1bz6A_T67Q,Mut,myoglobin/1bz6A/1bz6A_T67Q_relaxed.pdb,0
myoglobin,1bz6A_T67P,WT,myoglobin/1bz6A/1bz6A_relaxed.pdb,0
myoglobin,1bz6A_T67P,Mut,myoglobin/1bz6A/1bz6A_T67P_relaxed.pdb,0
myoglobin,1bz6A_V68F,WT,myoglobin/1bz6A/1bz6A_relaxed.pdb,0
myoglobin,1bz6A_V68F,Mut,myoglobin/1bz6A/1bz6A_V68F_relaxed.pdb,0
myoglobin,1bz6A_V68L,WT,myoglobin/1bz6A/1bz6A_relaxed.pdb,0
myoglobin,1bz6A_V68L,Mut,myoglobin/1bz6A/1bz6A_V68L_relaxed.pdb,0
myoglobin,1bz6A_V68W,WT,myoglobin/1bz6A/1bz6A_relaxed.pdb,0
myoglobin,1bz6A_V68W,Mut,myoglobin/1bz6A/1bz6A_V68W_relaxed.pdb,0
myoglobin,1bz6A_V68I,WT,myoglobin/1bz6A/1bz6A_relaxed.pdb,0
myoglobin,1bz6A_V68I,Mut,myoglobin/1bz6A/1bz6A_V68I_relaxed.pdb,0
myoglobin,1bz6A_V68A,WT,myoglobin/1bz6A/1bz6A_relaxed.pdb,0
myoglobin,1bz6A_V68A,Mut,myoglobin/1bz6A/1bz6A_V68A_relaxed.pdb,0
myoglobin,1bz6A_V68Y,WT,myoglobin/1bz6A/1bz6A_relaxed.pdb,0
myoglobin,1bz6A_V68Y,Mut,myoglobin/1bz6A/1bz6A_V68Y_relaxed.pdb,0
myoglobin,1bz6A_V68T,WT,myoglobin/1bz6A/1bz6A_relaxed.pdb,0
myoglobin,1bz6A_V68T,Mut,myoglobin/1bz6A/1bz6A_V68T_relaxed.pdb,0
myoglobin,1bz6A_I107F,WT,myoglobin/1bz6A/1bz6A_relaxed.pdb,0
myoglobin,1bz6A_I107F,Mut,myoglobin/1bz6A/1bz6A_I107F_relaxed.pdb,0
myoglobin,1bz6A_I107A,WT,myoglobin/1bz6A/1bz6A_relaxed.pdb,0
myoglobin,1bz6A_I107A,Mut,myoglobin/1bz6A/1bz6A_I107A_relaxed.pdb,0
p53,2ocjA_Q104H,WT,p53/2ocjA/2ocjA_relaxed.pdb,0
p53,2ocjA_Q104H,Mut,p53/2ocjA/2ocjA_Q104H_relaxed.pdb,0
p53,2ocjA_Q104P,WT,p53/2ocjA/2ocjA_relaxed.pdb,0
p53,2ocjA_Q104P,Mut,p53/2ocjA/2ocjA_Q104P_relaxed.pdb,0
p53,2ocjA_T123A,WT,p53/2ocjA/2ocjA_relaxed.pdb,0
p53,2ocjA_T123A,Mut,p53/2ocjA/2ocjA_T123A_relaxed.pdb,0
p53,2ocjA_A129D,WT,p53/2ocjA/2ocjA_relaxed.pdb,0
p53,2ocjA_A129D,Mut,p53/2ocjA/2ocjA_A129D_relaxed.pdb,0
p53,2ocjA_A129E,WT,p53/2ocjA/2ocjA_relaxed.pdb,0
p53,2ocjA_A129E,Mut,p53/2ocjA/2ocjA_A129E_relaxed.pdb,0
p53,2ocjA_A129S,WT,p53/2ocjA/2ocjA_relaxed.pdb,0
p53,2ocjA_A129S,Mut,p53/2ocjA/2ocjA_A129S_relaxed.pdb,0
p53,2ocjA_M133L,WT,p53/2ocjA/2ocjA_relaxed.pdb,0
p53,2ocjA_M133L,Mut,p53/2ocjA/2ocjA_M133L_relaxed.pdb,0
p53,2ocjA_F134L,WT,p53/2ocjA/2ocjA_relaxed.pdb,0
p53,2ocjA_F134L,Mut,p53/2ocjA/2ocjA_F134L_relaxed.pdb,0
p53,2ocjA_V143A,WT,p53/2ocjA/2ocjA_relaxed.pdb,0
p53,2ocjA_V143A,Mut,p53/2ocjA/2ocjA_V143A_relaxed.pdb,0
p53,2ocjA_L145Q,WT,p53/2ocjA/2ocjA_relaxed.pdb,0
p53,2ocjA_L145Q,Mut,p53/2ocjA/2ocjA_L145Q_relaxed.pdb,0
p53,2ocjA_D148E,WT,p53/2ocjA/2ocjA_relaxed.pdb,0
p53,2ocjA_D148E,Mut,p53/2ocjA/2ocjA_D148E_relaxed.pdb,0
p53,2ocjA_D148S,WT,p53/2ocjA/2ocjA_relaxed.pdb,0
p53,2ocjA_D148S,Mut,p53/2ocjA/2ocjA_D148S_relaxed.pdb,0
p53,2ocjA_T150P,WT,p53/2ocjA/2ocjA_relaxed.pdb,0
p53,2ocjA_T150P,Mut,p53/2ocjA/2ocjA_T150P_relaxed.pdb,0
p53,2ocjA_P151S,WT,p53/2ocjA/2ocjA_relaxed.pdb,0
p53,2ocjA_P151S,Mut,p53/2ocjA/2ocjA_P151S_relaxed.pdb,0
p53,2ocjA_V157F,WT,p53/2ocjA/2ocjA_relaxed.pdb,0
p53,2ocjA_V157F,Mut,p53/2ocjA/2ocjA_V157F_relaxed.pdb,0
p53,2ocjA_Q165K,WT,p53/2ocjA/2ocjA_relaxed.pdb,0
p53,2ocjA_Q165K,Mut,p53/2ocjA/2ocjA_Q165K_relaxed.pdb,0
p53,2ocjA_Q167E,WT,p53/2ocjA/2ocjA_relaxed.pdb,0
p53,2ocjA_Q167E,Mut,p53/2ocjA/2ocjA_Q167E_relaxed.pdb,0
p53,2ocjA_H168R,WT,p53/2ocjA/2ocjA_relaxed.pdb,0
p53,2ocjA_H168R,Mut,p53/2ocjA/2ocjA_H168R_relaxed.pdb,0
p53,2ocjA_R174K,WT,p53/2ocjA/2ocjA_relaxed.pdb,0
p53,2ocjA_R174K,Mut,p53/2ocjA/2ocjA_R174K_relaxed.pdb,0
p53,2ocjA_R175A,WT,p53/2ocjA/2ocjA_relaxed.pdb,0
p53,2ocjA_R175A,Mut,p53/2ocjA/2ocjA_R175A_relaxed.pdb,0
p53,2ocjA_R175H,WT,p53/2ocjA/2ocjA_relaxed.pdb,0
p53,2ocjA_R175H,Mut,p53/2ocjA/2ocjA_R175H_relaxed.pdb,0
p53,2ocjA_C182S,WT,p53/2ocjA/2ocjA_relaxed.pdb,0
p53,2ocjA_C182S,Mut,p53/2ocjA/2ocjA_C182S_relaxed.pdb,0
p53,2ocjA_I195T,WT,p53/2ocjA/2ocjA_relaxed.pdb,0
p53,2ocjA_I195T,Mut,p53/2ocjA/2ocjA_I195T_relaxed.pdb,0
p53,2ocjA_L201P,WT,p53/2ocjA/2ocjA_relaxed.pdb,0
p53,2ocjA_L201P,Mut,p53/2ocjA/2ocjA_L201P_relaxed.pdb,0
p53,2ocjA_V203A,WT,p53/2ocjA/2ocjA_relaxed.pdb,0
p53,2ocjA_V203A,Mut,p53/2ocjA/2ocjA_V203A_relaxed.pdb,0
p53,2ocjA_L206S,WT,p53/2ocjA/2ocjA_relaxed.pdb,0
p53,2ocjA_L206S,Mut,p53/2ocjA/2ocjA_L206S_relaxed.pdb,0
p53,2ocjA_Y220C,WT,p53/2ocjA/2ocjA_relaxed.pdb,0
p53,2ocjA_Y220C,Mut,p53/2ocjA/2ocjA_Y220C_relaxed.pdb,0
p53,2ocjA_D228E,WT,p53/2ocjA/2ocjA_relaxed.pdb,0
p53,2ocjA_D228E,Mut,p53/2ocjA/2ocjA_D228E_relaxed.pdb,0
p53,2ocjA_I232T,WT,p53/2ocjA/2ocjA_relaxed.pdb,0
p53,2ocjA_I232T,Mut,p53/2ocjA/2ocjA_I232T_relaxed.pdb,0
p53,2ocjA_Y236F,WT,p53/2ocjA/2ocjA_relaxed.pdb,0
p53,2ocjA_Y236F,Mut,p53/2ocjA/2ocjA_Y236F_relaxed.pdb,0
p53,2ocjA_M237I,WT,p53/2ocjA/2ocjA_relaxed.pdb,0
p53,2ocjA_M237I,Mut,p53/2ocjA/2ocjA_M237I_relaxed.pdb,0
p53,2ocjA_N239Y,WT,p53/2ocjA/2ocjA_relaxed.pdb,0
p53,2ocjA_N239Y,Mut,p53/2ocjA/2ocjA_N239Y_relaxed.pdb,0
p53,2ocjA_C242S,WT,p53/2ocjA/2ocjA_relaxed.pdb,0
p53,2ocjA_C242S,Mut,p53/2ocjA/2ocjA_C242S_relaxed.pdb,0
p53,2ocjA_G245S,WT,p53/2ocjA/2ocjA_relaxed.pdb,0
p53,2ocjA_G245S,Mut,p53/2ocjA/2ocjA_G245S_relaxed.pdb,0
p53,2ocjA_R248Q,WT,p53/2ocjA/2ocjA_relaxed.pdb,0
p53,2ocjA_R248Q,Mut,p53/2ocjA/2ocjA_R248Q_relaxed.pdb,0
p53,2ocjA_R249S,WT,p53/2ocjA/2ocjA_relaxed.pdb,0
p53,2ocjA_R249S,Mut,p53/2ocjA/2ocjA_R249S_relaxed.pdb,0
p53,2ocjA_I255F,WT,p53/2ocjA/2ocjA_relaxed.pdb,0
p53,2ocjA_I255F,Mut,p53/2ocjA/2ocjA_I255F_relaxed.pdb,0
p53,2ocjA_S260P,WT,p53/2ocjA/2ocjA_relaxed.pdb,0
p53,2ocjA_S260P,Mut,p53/2ocjA/2ocjA_S260P_relaxed.pdb,0
p53,2ocjA_N268D,WT,p53/2ocjA/2ocjA_relaxed.pdb,0
p53,2ocjA_N268D,Mut,p53/2ocjA/2ocjA_N268D_relaxed.pdb,0
p53,2ocjA_F270C,WT,p53/2ocjA/2ocjA_relaxed.pdb,0
p53,2ocjA_F270C,Mut,p53/2ocjA/2ocjA_F270C_relaxed.pdb,0
p53,2ocjA_R273H,WT,p53/2ocjA/2ocjA_relaxed.pdb,0
p53,2ocjA_R273H,Mut,p53/2ocjA/2ocjA_R273H_relaxed.pdb,0
p53,2ocjA_R282W,WT,p53/2ocjA/2ocjA_relaxed.pdb,0
p53,2ocjA_R282W,Mut,p53/2ocjA/2ocjA_R282W_relaxed.pdb,0
S250,2LZMA_I3L,WT,S250/2LZMA/2LZMA_relaxed.pdb,0
S250,2LZMA_I3L,Mut,S250/2LZMA/2LZMA_I3L_relaxed.pdb,0
S250,2LZMA_M6I,WT,S250/2LZMA/2LZMA_relaxed.pdb,0
S250,2LZMA_M6I,Mut,S250/2LZMA/2LZMA_M6I_relaxed.pdb,0
S250,2LZMA_I3C,WT,S250/2LZMA/2LZMA_relaxed.pdb,0
S250,2LZMA_I3C,Mut,S250/2LZMA/2LZMA_I3C_relaxed.pdb,0
S250,1BNIA_S91A,WT,S250/1BNIA/1BNIA_relaxed.pdb,0
S250,1BNIA_S91A,Mut,S250/1BNIA/1BNIA_S91A_relaxed.pdb,0
S250,1BNIA_Y78F,WT,S250/1BNIA/1BNIA_relaxed.pdb,0
S250,1BNIA_Y78F,Mut,S250/1BNIA/1BNIA_Y78F_relaxed.pdb,0
S250,1BNIA_F7L,WT,S250/1BNIA/1BNIA_relaxed.pdb,0
S250,1BNIA_F7L,Mut,S250/1BNIA/1BNIA_F7L_relaxed.pdb,0
S250,1BNIA_I76V,WT,S250/1BNIA/1BNIA_relaxed.pdb,0
S250,1BNIA_I76V,Mut,S250/1BNIA/1BNIA_I76V_relaxed.pdb,0
S250,1BNIA_I88V,WT,S250/1BNIA/1BNIA_relaxed.pdb,0
S250,1BNIA_I88V,Mut,S250/1BNIA/1BNIA_I88V_relaxed.pdb,0
S250,1BNIA_I96A,WT,S250/1BNIA/1BNIA_relaxed.pdb,0
S250,1BNIA_I96A,Mut,S250/1BNIA/1BNIA_I96A_relaxed.pdb,0
S250,1BNIA_L89V,WT,S250/1BNIA/1BNIA_relaxed.pdb,0
S250,1BNIA_L89V,Mut,S250/1BNIA/1BNIA_L89V_relaxed.pdb,0
S250,1BNIA_T26A,WT,S250/1BNIA/1BNIA_relaxed.pdb,0
S250,1BNIA_T26A,Mut,S250/1BNIA/1BNIA_T26A_relaxed.pdb,0
S250,1BPIA_F22A,WT,S250/1BPIA/1BPIA_relaxed.pdb,0
S250,1BPIA_F22A,Mut,S250/1BPIA/1BPIA_F22A_relaxed.pdb,0
S250,1BPIA_F45A,WT,S250/1BPIA/1BPIA_relaxed.pdb,0
S250,1BPIA_F45A,Mut,S250/1BPIA/1BPIA_F45A_relaxed.pdb,0
S250,1BPIA_Y35G,WT,S250/1BPIA/1BPIA_relaxed.pdb,0
S250,1BPIA_Y35G,Mut,S250/1BPIA/1BPIA_Y35G_relaxed.pdb,0
S250,1LZ1A_V2G,WT,S250/1LZ1A/1LZ1A_relaxed.pdb,0
S250,1LZ1A_V2G,Mut,S250/1LZ1A/1LZ1A_V2G_relaxed.pdb,0
S250,1LZ1A_V2I,WT,S250/1LZ1A/1LZ1A_relaxed.pdb,0
S250,1LZ1A_V2I,Mut,S250/1LZ1A/1LZ1A_V2I_relaxed.pdb,0
S250,1LZ1A_V2M,WT,S250/1LZ1A/1LZ1A_relaxed.pdb,0
S250,1LZ1A_V2M,Mut,S250/1LZ1A/1LZ1A_V2M_relaxed.pdb,0
S250,1LZ1A_V2F,WT,S250/1LZ1A/1LZ1A_relaxed.pdb,0
S250,1LZ1A_V2F,Mut,S250/1LZ1A/1LZ1A_V2F_relaxed.pdb,0
S250,1LZ1A_V2S,WT,S250/1LZ1A/1LZ1A_relaxed.pdb,0
S250,1LZ1A_V2S,Mut,S250/1LZ1A/1LZ1A_V2S_relaxed.pdb,0
S250,1LZ1A_V2Y,WT,S250/1LZ1A/1LZ1A_relaxed.pdb,0
S250,1LZ1A_V2Y,Mut,S250/1LZ1A/1LZ1A_V2Y_relaxed.pdb,0
S250,1LZ1A_V2D,WT,S250/1LZ1A/1LZ1A_relaxed.pdb,0
S250,1LZ1A_V2D,Mut,S250/1LZ1A/1LZ1A_V2D_relaxed.pdb,0
S250,1LZ1A_V2N,WT,S250/1LZ1A/1LZ1A_relaxed.pdb,0
S250,1LZ1A_V2N,Mut,S250/1LZ1A/1LZ1A_V2N_relaxed.pdb,0
S250,1LZ1A_V2R,WT,S250/1LZ1A/1LZ1A_relaxed.pdb,0
S250,1LZ1A_V2R,Mut,S250/1LZ1A/1LZ1A_V2R_relaxed.pdb,0
S250,1LZ1A_V74Y,WT,S250/1LZ1A/1LZ1A_relaxed.pdb,0
S250,1LZ1A_V74Y,Mut,S250/1LZ1A/1LZ1A_V74Y_relaxed.pdb,0
S250,1LZ1A_V74D,WT,S250/1LZ1A/1LZ1A_relaxed.pdb,0
S250,1LZ1A_V74D,Mut,S250/1LZ1A/1LZ1A_V74D_relaxed.pdb,0
S250,1LZ1A_V74N,WT,S250/1LZ1A/1LZ1A_relaxed.pdb,0
S250,1LZ1A_V74N,Mut,S250/1LZ1A/1LZ1A_V74N_relaxed.pdb,0
S250,1LZ1A_V110Y,WT,S250/1LZ1A/1LZ1A_relaxed.pdb,0
S250,1LZ1A_V110Y,Mut,S250/1LZ1A/1LZ1A_V110Y_relaxed.pdb,0
S250,1LZ1A_V110D,WT,S250/1LZ1A/1LZ1A_relaxed.pdb,0
S250,1LZ1A_V110D,Mut,S250/1LZ1A/1LZ1A_V110D_relaxed.pdb,0
S250,2RN2A_G77A,WT,S250/2RN2A/2RN2A_relaxed.pdb,0
S250,2RN2A_G77A,Mut,S250/2RN2A/2RN2A_G77A_relaxed.pdb,0
S250,4LYZA_S91T,WT,S250/4LYZA/4LYZA_relaxed.pdb,0
S250,4LYZA_S91T,Mut,S250/4LYZA/4LYZA_S91T_relaxed.pdb,0
S250,4LYZA_I55V,WT,S250/4LYZA/4LYZA_relaxed.pdb,0
S250,4LYZA_I55V,Mut,S250/4LYZA/4LYZA_I55V_relaxed.pdb,0
S250,4LYZA_T40S,WT,S250/4LYZA/4LYZA_relaxed.pdb,0
S250,4LYZA_T40S,Mut,S250/4LYZA/4LYZA_T40S_relaxed.pdb,0
S250,1LZ1A_C77A,WT,S250/1LZ1A/1LZ1A_relaxed.pdb,0
S250,1LZ1A_C77A,Mut,S250/1LZ1A/1LZ1A_C77A_relaxed.pdb,0
S250,1LZ1A_V110R,WT,S250/1LZ1A/1LZ1A_relaxed.pdb,0
S250,1LZ1A_V110R,Mut,S250/1LZ1A/1LZ1A_V110R_relaxed.pdb,0
S250,2RN2A_D134A,WT,S250/2RN2A/2RN2A_relaxed.pdb,0
S250,2RN2A_D134A,Mut,S250/2RN2A/2RN2A_D134A_relaxed.pdb,0
S250,2RN2A_D134H,WT,S250/2RN2A/2RN2A_relaxed.pdb,0
S250,2RN2A_D134H,Mut,S250/2RN2A/2RN2A_D134H_relaxed.pdb,0
S250,2LZMA_Q105A,WT,S250/2LZMA/2LZMA_relaxed.pdb,0
S250,2LZMA_Q105A,Mut,S250/2LZMA/2LZMA_Q105A_relaxed.pdb,0
S250,2LZMA_T157A,WT,S250/2LZMA/2LZMA_relaxed.pdb,0
S250,2LZMA_T157A,Mut,S250/2LZMA/2LZMA_T157A_relaxed.pdb,0
S250,2LZMA_T157C,WT,S250/2LZMA/2LZMA_relaxed.pdb,0
S250,2LZMA_T157C,Mut,S250/2LZMA/2LZMA_T157C_relaxed.pdb,0
S250,2LZMA_T157D,WT,S250/2LZMA/2LZMA_relaxed.pdb,0
S250,2LZMA_T157D,Mut,S250/2LZMA/2LZMA_T157D_relaxed.pdb,0
S250,2LZMA_T157E,WT,S250/2LZMA/2LZMA_relaxed.pdb,0
S250,2LZMA_T157E,Mut,S250/2LZMA/2LZMA_T157E_relaxed.pdb,0
S250,2LZMA_T157F,WT,S250/2LZMA/2LZMA_relaxed.pdb,0
S250,2LZMA_T157F,Mut,S250/2LZMA/2LZMA_T157F_relaxed.pdb,0
S250,2LZMA_T157G,WT,S250/2LZMA/2LZMA_relaxed.pdb,0
S250,2LZMA_T157G,Mut,S250/2LZMA/2LZMA_T157G_relaxed.pdb,0
S250,2LZMA_T157H,WT,S250/2LZMA/2LZMA_relaxed.pdb,0
S250,2LZMA_T157H,Mut,S250/2LZMA/2LZMA_T157H_relaxed.pdb,0
S250,2LZMA_T157I,WT,S250/2LZMA/2LZMA_relaxed.pdb,0
S250,2LZMA_T157I,Mut,S250/2LZMA/2LZMA_T157I_relaxed.pdb,0
S250,2LZMA_T157L,WT,S250/2LZMA/2LZMA_relaxed.pdb,0
S250,2LZMA_T157L,Mut,S250/2LZMA/2LZMA_T157L_relaxed.pdb,0
S250,2LZMA_T157N,WT,S250/2LZMA/2LZMA_relaxed.pdb,0
S250,2LZMA_T157N,Mut,S250/2LZMA/2LZMA_T157N_relaxed.pdb,0
S250,2LZMA_T157R,WT,S250/2LZMA/2LZMA_relaxed.pdb,0
S250,2LZMA_T157R,Mut,S250/2LZMA/2LZMA_T157R_relaxed.pdb,0
S250,2LZMA_T157S,WT,S250/2LZMA/2LZMA_relaxed.pdb,0
S250,2LZMA_T157S,Mut,S250/2LZMA/2LZMA_T157S_relaxed.pdb,0
S250,2LZMA_T157V,WT,S250/2LZMA/2LZMA_relaxed.pdb,0
S250,2LZMA_T157V,Mut,S250/2LZMA/2LZMA_T157V_relaxed.pdb,0
S250,2LZMA_G156D,WT,S250/2LZMA/2LZMA_relaxed.pdb,0
S250,2LZMA_G156D,Mut,S250/2LZMA/2LZMA_G156D_relaxed.pdb,0
S250,2LZMA_I3V,WT,S250/2LZMA/2LZMA_relaxed.pdb,0
S250,2LZMA_I3V,Mut,S250/2LZMA/2LZMA_I3V_relaxed.pdb,0
S250,2LZMA_I3Y,WT,S250/2LZMA/2LZMA_relaxed.pdb,0
S250,2LZMA_I3Y,Mut,S250/2LZMA/2LZMA_I3Y_relaxed.pdb,0
S250,2LZMA_S38D,WT,S250/2LZMA/2LZMA_relaxed.pdb,0
S250,2LZMA_S38D,Mut,S250/2LZMA/2LZMA_S38D_relaxed.pdb,0
S250,2LZMA_N144D,WT,S250/2LZMA/2LZMA_relaxed.pdb,0
S250,2LZMA_N144D,Mut,S250/2LZMA/2LZMA_N144D_relaxed.pdb,0
S250,2LZMA_N55G,WT,S250/2LZMA/2LZMA_relaxed.pdb,0
S250,2LZMA_N55G,Mut,S250/2LZMA/2LZMA_N55G_relaxed.pdb,0
S250,2LZMA_G77A,WT,S250/2LZMA/2LZMA_relaxed.pdb,0
S250,2LZMA_G77A,Mut,S250/2LZMA/2LZMA_G77A_relaxed.pdb,0
S250,2LZMA_A82P,WT,S250/2LZMA/2LZMA_relaxed.pdb,0
S250,2LZMA_A82P,Mut,S250/2LZMA/2LZMA_A82P_relaxed.pdb,0
S250,2LZMA_V131A,WT,S250/2LZMA/2LZMA_relaxed.pdb,0
S250,2LZMA_V131A,Mut,S250/2LZMA/2LZMA_V131A_relaxed.pdb,0
S250,2LZMA_R96H,WT,S250/2LZMA/2LZMA_relaxed.pdb,0
S250,2LZMA_R96H,Mut,S250/2LZMA/2LZMA_R96H_relaxed.pdb,0
S250,2LZMA_Q123E,WT,S250/2LZMA/2LZMA_relaxed.pdb,0
S250,2LZMA_Q123E,Mut,S250/2LZMA/2LZMA_Q123E_relaxed.pdb,0
S250,2LZMA_N144E,WT,S250/2LZMA/2LZMA_relaxed.pdb,0
S250,2LZMA_N144E,Mut,S250/2LZMA/2LZMA_N144E_relaxed.pdb,0
S250,2LZMA_K16E,WT,S250/2LZMA/2LZMA_relaxed.pdb,0
S250,2LZMA_K16E,Mut,S250/2LZMA/2LZMA_K16E_relaxed.pdb,0
S250,2LZMA_K135E,WT,S250/2LZMA/2LZMA_relaxed.pdb,0
S250,2LZMA_K135E,Mut,S250/2LZMA/2LZMA_K135E_relaxed.pdb,0
S250,2LZMA_R154E,WT,S250/2LZMA/2LZMA_relaxed.pdb,0
S250,2LZMA_R154E,Mut,S250/2LZMA/2LZMA_R154E_relaxed.pdb,0
S250,2LZMA_A98V,WT,S250/2LZMA/2LZMA_relaxed.pdb,0
S250,2LZMA_A98V,Mut,S250/2LZMA/2LZMA_A98V_relaxed.pdb,0
S250,2LZMA_T152S,WT,S250/2LZMA/2LZMA_relaxed.pdb,0
S250,2LZMA_T152S,Mut,S250/2LZMA/2LZMA_T152S_relaxed.pdb,0
S250,2LZMA_V149C,WT,S250/2LZMA/2LZMA_relaxed.pdb,0
S250,2LZMA_V149C,Mut,S250/2LZMA/2LZMA_V149C_relaxed.pdb,0
S250,2LZMA_M102K,WT,S250/2LZMA/2LZMA_relaxed.pdb,0
S250,2LZMA_M102K,Mut,S250/2LZMA/2LZMA_M102K_relaxed.pdb,0
S250,2LZMA_K60P,WT,S250/2LZMA/2LZMA_relaxed.pdb,0
S250,2LZMA_K60P,Mut,S250/2LZMA/2LZMA_K60P_relaxed.pdb,0
S250,2LZMA_G113A,WT,S250/2LZMA/2LZMA_relaxed.pdb,0
S250,2LZMA_G113A,Mut,S250/2LZMA/2LZMA_G113A_relaxed.pdb,0
S250,2LZMA_Q105E,WT,S250/2LZMA/2LZMA_relaxed.pdb,0
S250,2LZMA_Q105E,Mut,S250/2LZMA/2LZMA_Q105E_relaxed.pdb,0
S250,2LZMA_Q105G,WT,S250/2LZMA/2LZMA_relaxed.pdb,0
S250,2LZMA_Q105G,Mut,S250/2LZMA/2LZMA_Q105G_relaxed.pdb,0
S250,2RN2A_V74L,WT,S250/2RN2A/2RN2A_relaxed.pdb,0
S250,2RN2A_V74L,Mut,S250/2RN2A/2RN2A_V74L_relaxed.pdb,0
S250,2RN2A_V74I,WT,S250/2RN2A/2RN2A_relaxed.pdb,0
S250,2RN2A_V74I,Mut,S250/2RN2A/2RN2A_V74I_relaxed.pdb,0
S250,1LZ1A_V110P,WT,S250/1LZ1A/1LZ1A_relaxed.pdb,0
S250,1LZ1A_V110P,Mut,S250/1LZ1A/1LZ1A_V110P_relaxed.pdb,0
S250,1LZ1A_P71G,WT,S250/1LZ1A/1LZ1A_relaxed.pdb,0
S250,1LZ1A_P71G,Mut,S250/1LZ1A/1LZ1A_P71G_relaxed.pdb,0
S250,1LZ1A_D91P,WT,S250/1LZ1A/1LZ1A_relaxed.pdb,0
S250,1LZ1A_D91P,Mut,S250/1LZ1A/1LZ1A_D91P_relaxed.pdb,0
S250,4LYZA_S91A,WT,S250/4LYZA/4LYZA_relaxed.pdb,0
S250,4LYZA_S91A,Mut,S250/4LYZA/4LYZA_S91A_relaxed.pdb,0
S250,1LZ1A_I106A,WT,S250/1LZ1A/1LZ1A_relaxed.pdb,0
S250,1LZ1A_I106A,Mut,S250/1LZ1A/1LZ1A_I106A_relaxed.pdb,0
S250,1LZ1A_I106V,WT,S250/1LZ1A/1LZ1A_relaxed.pdb,0
S250,1LZ1A_I106V,Mut,S250/1LZ1A/1LZ1A_I106V_relaxed.pdb,0
S250,1LZ1A_I23A,WT,S250/1LZ1A/1LZ1A_relaxed.pdb,0
S250,1LZ1A_I23A,Mut,S250/1LZ1A/1LZ1A_I23A_relaxed.pdb,0
S250,1LZ1A_I23V,WT,S250/1LZ1A/1LZ1A_relaxed.pdb,0
S250,1LZ1A_I23V,Mut,S250/1LZ1A/1LZ1A_I23V_relaxed.pdb,0
S250,1LZ1A_I56A,WT,S250/1LZ1A/1LZ1A_relaxed.pdb,0
S250,1LZ1A_I56A,Mut,S250/1LZ1A/1LZ1A_I56A_relaxed.pdb,0
S250,1LZ1A_I56T,WT,S250/1LZ1A/1LZ1A_relaxed.pdb,0
S250,1LZ1A_I56T,Mut,S250/1LZ1A/1LZ1A_I56T_relaxed.pdb,0
S250,1LZ1A_I56V,WT,S250/1LZ1A/1LZ1A_relaxed.pdb,0
S250,1LZ1A_I56V,Mut,S250/1LZ1A/1LZ1A_I56V_relaxed.pdb,0
S250,1LZ1A_I59A,WT,S250/1LZ1A/1LZ1A_relaxed.pdb,0
S250,1LZ1A_I59A,Mut,S250/1LZ1A/1LZ1A_I59A_relaxed.pdb,0
S250,1LZ1A_I59G,WT,S250/1LZ1A/1LZ1A_relaxed.pdb,0
S250,1LZ1A_I59G,Mut,S250/1LZ1A/1LZ1A_I59G_relaxed.pdb,0
S250,1LZ1A_I59V,WT,S250/1LZ1A/1LZ1A_relaxed.pdb,0
S250,1LZ1A_I59V,Mut,S250/1LZ1A/1LZ1A_I59V_relaxed.pdb,0
S250,1LZ1A_I89A,WT,S250/1LZ1A/1LZ1A_relaxed.pdb,0
S250,1LZ1A_I89A,Mut,S250/1LZ1A/1LZ1A_I89A_relaxed.pdb,0
S250,1LZ1A_I89V,WT,S250/1LZ1A/1LZ1A_relaxed.pdb,0
S250,1LZ1A_I89V,Mut,S250/1LZ1A/1LZ1A_I89V_relaxed.pdb,0
S250,1LZ1A_V100A,WT,S250/1LZ1A/1LZ1A_relaxed.pdb,0
S250,1LZ1A_V100A,Mut,S250/1LZ1A/1LZ1A_V100A_relaxed.pdb,0
S250,1LZ1A_V110A,WT,S250/1LZ1A/1LZ1A_relaxed.pdb,0
S250,1LZ1A_V110A,Mut,S250/1LZ1A/1LZ1A_V110A_relaxed.pdb,0
S250,1LZ1A_V121A,WT,S250/1LZ1A/1LZ1A_relaxed.pdb,0
S250,1LZ1A_V121A,Mut,S250/1LZ1A/1LZ1A_V121A_relaxed.pdb,0
S250,1LZ1A_V125A,WT,S250/1LZ1A/1LZ1A_relaxed.pdb,0
S250,1LZ1A_V125A,Mut,S250/1LZ1A/1LZ1A_V125A_relaxed.pdb,0
S250,1LZ1A_V130A,WT,S250/1LZ1A/1LZ1A_relaxed.pdb,0
S250,1LZ1A_V130A,Mut,S250/1LZ1A/1LZ1A_V130A_relaxed.pdb,0
S250,1LZ1A_V2A,WT,S250/1LZ1A/1LZ1A_relaxed.pdb,0
S250,1LZ1A_V2A,Mut,S250/1LZ1A/1LZ1A_V2A_relaxed.pdb,0
S250,1LZ1A_V74A,WT,S250/1LZ1A/1LZ1A_relaxed.pdb,0
S250,1LZ1A_V74A,Mut,S250/1LZ1A/1LZ1A_V74A_relaxed.pdb,0
S250,1LZ1A_V93A,WT,S250/1LZ1A/1LZ1A_relaxed.pdb,0
S250,1LZ1A_V93A,Mut,S250/1LZ1A/1LZ1A_V93A_relaxed.pdb,0
S250,1LZ1A_V99A,WT,S250/1LZ1A/1LZ1A_relaxed.pdb,0
S250,1LZ1A_V99A,Mut,S250/1LZ1A/1LZ1A_V99A_relaxed.pdb,0
S250,1LZ1A_Y124F,WT,S250/1LZ1A/1LZ1A_relaxed.pdb,0
S250,1LZ1A_Y124F,Mut,S250/1LZ1A/1LZ1A_Y124F_relaxed.pdb,0
S250,1LZ1A_Y20F,WT,S250/1LZ1A/1LZ1A_relaxed.pdb,0
S250,1LZ1A_Y20F,Mut,S250/1LZ1A/1LZ1A_Y20F_relaxed.pdb,0
S250,1LZ1A_Y38F,WT,S250/1LZ1A/1LZ1A_relaxed.pdb,0
S250,1LZ1A_Y38F,Mut,S250/1LZ1A/1LZ1A_Y38F_relaxed.pdb,0
S250,1LZ1A_Y54F,WT,S250/1LZ1A/1LZ1A_relaxed.pdb,0
S250,1LZ1A_Y54F,Mut,S250/1LZ1A/1LZ1A_Y54F_relaxed.pdb,0
S250,1LZ1A_Y63F,WT,S250/1LZ1A/1LZ1A_relaxed.pdb,0
S250,1LZ1A_Y63F,Mut,S250/1LZ1A/1LZ1A_Y63F_relaxed.pdb,0
S250,1N0JA_I58T,WT,S250/1N0JA/1N0JA_relaxed.pdb,0
S250,1N0JA_I58T,Mut,S250/1N0JA/1N0JA_I58T_relaxed.pdb,0
S250,1POHA_S46D,WT,S250/1POHA/1POHA_relaxed.pdb,0
S250,1POHA_S46D,Mut,S250/1POHA/1POHA_S46D_relaxed.pdb,0
S250,2LZMA_E11H,WT,S250/2LZMA/2LZMA_relaxed.pdb,0
S250,2LZMA_E11H,Mut,S250/2LZMA/2LZMA_E11H_relaxed.pdb,0
S250,2RN2A_H62P,WT,S250/2RN2A/2RN2A_relaxed.pdb,0
S250,2RN2A_H62P,Mut,S250/2RN2A/2RN2A_H62P_relaxed.pdb,0
S250,2RN2A_K95G,WT,S250/2RN2A/2RN2A_relaxed.pdb,0
S250,2RN2A_K95G,Mut,S250/2RN2A/2RN2A_K95G_relaxed.pdb,0
S250,2RN2A_K95N,WT,S250/2RN2A/2RN2A_relaxed.pdb,0
S250,2RN2A_K95N,Mut,S250/2RN2A/2RN2A_K95N_relaxed.pdb,0
S250,2RN2A_K95A,WT,S250/2RN2A/2RN2A_relaxed.pdb,0
S250,2RN2A_K95A,Mut,S250/2RN2A/2RN2A_K95A_relaxed.pdb,0
S250,2RN2A_D70N,WT,S250/2RN2A/2RN2A_relaxed.pdb,0
S250,2RN2A_D70N,Mut,S250/2RN2A/2RN2A_D70N_relaxed.pdb,0
S250,1VQBA_I47L,WT,S250/1VQBA/1VQBA_relaxed.pdb,0
S250,1VQBA_I47L,Mut,S250/1VQBA/1VQBA_I47L_relaxed.pdb,0
S250,1VQBA_I47M,WT,S250/1VQBA/1VQBA_relaxed.pdb,0
S250,1VQBA_I47M,Mut,S250/1VQBA/1VQBA_I47M_relaxed.pdb,0
S250,1VQBA_I47V,WT,S250/1VQBA/1VQBA_relaxed.pdb,0
S250,1VQBA_I47V,Mut,S250/1VQBA/1VQBA_I47V_relaxed.pdb,0
S250,1VQBA_V35I,WT,S250/1VQBA/1VQBA_relaxed.pdb,0
S250,1VQBA_V35I,Mut,S250/1VQBA/1VQBA_V35I_relaxed.pdb,0
S250,2LZMA_M6L,WT,S250/2LZMA/2LZMA_relaxed.pdb,0
S250,2LZMA_M6L,Mut,S250/2LZMA/2LZMA_M6L_relaxed.pdb,0
S250,2LZMA_V149A,WT,S250/2LZMA/2LZMA_relaxed.pdb,0
S250,2LZMA_V149A,Mut,S250/2LZMA/2LZMA_V149A_relaxed.pdb,0
S250,2LZMA_I50A,WT,S250/2LZMA/2LZMA_relaxed.pdb,0
S250,2LZMA_I50A,Mut,S250/2LZMA/2LZMA_I50A_relaxed.pdb,0
S250,2LZMA_F67A,WT,S250/2LZMA/2LZMA_relaxed.pdb,0
S250,2LZMA_F67A,Mut,S250/2LZMA/2LZMA_F67A_relaxed.pdb,0
S250,2LZMA_L84A,WT,S250/2LZMA/2LZMA_relaxed.pdb,0
S250,2LZMA_L84A,Mut,S250/2LZMA/2LZMA_L84A_relaxed.pdb,0
S250,2LZMA_D20A,WT,S250/2LZMA/2LZMA_relaxed.pdb,0
S250,2LZMA_D20A,Mut,S250/2LZMA/2LZMA_D20A_relaxed.pdb,0
S250,2LZMA_D20S,WT,S250/2LZMA/2LZMA_relaxed.pdb,0
S250,2LZMA_D20S,Mut,S250/2LZMA/2LZMA_D20S_relaxed.pdb,0
S250,2LZMA_D20N,WT,S250/2LZMA/2LZMA_relaxed.pdb,0
S250,2LZMA_D20N,Mut,S250/2LZMA/2LZMA_D20N_relaxed.pdb,0
S350,1AKYA_Q48E,WT,S350/1AKYA/1AKYA_relaxed.pdb,0
S350,1AKYA_Q48E,Mut,S350/1AKYA/1AKYA_Q48E_relaxed.pdb,0
S350,1APSA_I75V,WT,S350/1APSA/1APSA_relaxed.pdb,0
S350,1APSA_I75V,Mut,S350/1APSA/1APSA_I75V_relaxed.pdb,0
S350,1BNIA_K27A,WT,S350/1BNIA/1BNIA_relaxed.pdb,0
S350,1BNIA_K27A,Mut,S350/1BNIA/1BNIA_K27A_relaxed.pdb,0
S350,1BNIA_R59A,WT,S350/1BNIA/1BNIA_relaxed.pdb,0
S350,1BNIA_R59A,Mut,S350/1BNIA/1BNIA_R59A_relaxed.pdb,0
S350,1BNIA_I76T,WT,S350/1BNIA/1BNIA_relaxed.pdb,0
S350,1BNIA_I76T,Mut,S350/1BNIA/1BNIA_I76T_relaxed.pdb,0
S350,1BTAA_K22Q,WT,S350/1BTAA/1BTAA_relaxed.pdb,0
S350,1BTAA_K22Q,Mut,S350/1BTAA/1BTAA_K22Q_relaxed.pdb,0
S350,1BTAA_K60E,WT,S350/1BTAA/1BTAA_relaxed.pdb,0
S350,1BTAA_K60E,Mut,S350/1BTAA/1BTAA_K60E_relaxed.pdb,0
S350,1BTAA_R75L,WT,S350/1BTAA/1BTAA_relaxed.pdb,0
S350,1BTAA_R75L,Mut,S350/1BTAA/1BTAA_R75L_relaxed.pdb,0
S350,1BVCA_H24V,WT,S350/1BVCA/1BVCA_relaxed.pdb,0
S350,1BVCA_H24V,Mut,S350/1BVCA/1BVCA_H24V_relaxed.pdb,0
S350,1BVCA_H48Q,WT,S350/1BVCA/1BVCA_relaxed.pdb,0
S350,1BVCA_H48Q,Mut,S350/1BVCA/1BVCA_H48Q_relaxed.pdb,0
S350,1BVCA_H119F,WT,S350/1BVCA/1BVCA_relaxed.pdb,0
S350,1BVCA_H119F,Mut,S350/1BVCA/1BVCA_H119F_relaxed.pdb,0
S350,1C9OA_E12K,WT,S350/1C9OA/1C9OA_relaxed.pdb,0
S350,1C9OA_E12K,Mut,S350/1C9OA/1C9OA_E12K_relaxed.pdb,0
S350,1C9OA_E21A,WT,S350/1C9OA/1C9OA_relaxed.pdb,0
S350,1C9OA_E21A,Mut,S350/1C9OA/1C9OA_E21A_relaxed.pdb,0
S350,1C9OA_F38W,WT,S350/1C9OA/1C9OA_relaxed.pdb,0
S350,1C9OA_F38W,Mut,S350/1C9OA/1C9OA_F38W_relaxed.pdb,0
S350,1C9OA_E50K,WT,S350/1C9OA/1C9OA_relaxed.pdb,0
S350,1C9OA_E50K,Mut,S350/1C9OA/1C9OA_E50K_relaxed.pdb,0
S350,1C9OA_R56E,WT,S350/1C9OA/1C9OA_relaxed.pdb,0
S350,1C9OA_R56E,Mut,S350/1C9OA/1C9OA_R56E_relaxed.pdb,0
S350,1CSEI_V54A,WT,S350/1CSEI/1CSEI_relaxed.pdb,0
S350,1CSEI_V54A,Mut,S350/1CSEI/1CSEI_V54A_relaxed.pdb,0
S350,1CSPA_E3Q,WT,S350/1CSPA/1CSPA_relaxed.pdb,0
S350,1CSPA_E3Q,Mut,S350/1CSPA/1CSPA_E3Q_relaxed.pdb,0
S350,1CSPA_E43S,WT,S350/1CSPA/1CSPA_relaxed.pdb,0
S350,1CSPA_E43S,Mut,S350/1CSPA/1CSPA_E43S_relaxed.pdb,0
S350,1CSPA_S48R,WT,S350/1CSPA/1CSPA_relaxed.pdb,0
S350,1CSPA_S48R,Mut,S350/1CSPA/1CSPA_S48R_relaxed.pdb,0
S350,1CSPA_R56Q,WT,S350/1CSPA/1CSPA_relaxed.pdb,0
S350,1CSPA_R56Q,Mut,S350/1CSPA/1CSPA_R56Q_relaxed.pdb,0
S350,1CUNA_Q115G,WT,S350/1CUNA/1CUNA_relaxed.pdb,0
S350,1CUNA_Q115G,Mut,S350/1CUN/1CUNA_Q115G_relaxed.pdb,0
S350,1CUNA_A126G,WT,S350/1CUNA/1CUNA_relaxed.pdb,0
S350,1CUNA_A126G,Mut,S350/1CUN/1CUNA_A126G_relaxed.pdb,0
S350,1CUNA_I128V,WT,S350/1CUNA/1CUNA_relaxed.pdb,0
S350,1CUNA_I128V,Mut,S350/1CUN/1CUNA_I128V_relaxed.pdb,0
S350,1CUNA_I128A,WT,S350/1CUNA/1CUNA_relaxed.pdb,0
S350,1CUNA_I128A,Mut,S350/1CUN/1CUNA_I128A_relaxed.pdb,0
S350,1CUNA_K152G,WT,S350/1CUNA/1CUNA_relaxed.pdb,0
S350,1CUNA_K152G,Mut,S350/1CUN/1CUNA_K152G_relaxed.pdb,0
S350,1CUNA_K152A,WT,S350/1CUNA/1CUNA_relaxed.pdb,0
S350,1CUNA_K152A,Mut,S350/1CUN/1CUNA_K152A_relaxed.pdb,0
S350,1CUNA_A156G,WT,S350/1CUNA/1CUNA_relaxed.pdb,0
S350,1CUNA_A156G,Mut,S350/1CUN/1CUNA_A156G_relaxed.pdb,0
S350,1CUNA_F157L,WT,S350/1CUNA/1CUNA_relaxed.pdb,0
S350,1CUNA_F157L,Mut,S350/1CUN/1CUNA_F157L_relaxed.pdb,0
S350,1CUNA_A173G,WT,S350/1CUNA/1CUNA_relaxed.pdb,0
S350,1CUNA_A173G,Mut,S350/1CUN/1CUNA_A173G_relaxed.pdb,0
S350,1CUNA_A191G,WT,S350/1CUNA/1CUNA_relaxed.pdb,0
S350,1CUNA_A191G,Mut,S350/1CUN/1CUNA_A191G_relaxed.pdb,0
S350,1CUNA_M193A,WT,S350/1CUNA/1CUNA_relaxed.pdb,0
S350,1CUNA_M193A,Mut,S350/1CUN/1CUNA_M193A_relaxed.pdb,0
S350,1CUNA_L196A,WT,S350/1CUNA/1CUNA_relaxed.pdb,0
S350,1CUNA_L196A,Mut,S350/1CUN/1CUNA_L196A_relaxed.pdb,0
S350,1CUNA_S201A,WT,S350/1CUNA/1CUNA_relaxed.pdb,0
S350,1CUNA_S201A,Mut,S350/1CUN/1CUNA_S201A_relaxed.pdb,0
S350,1CUNA_S201G,WT,S350/1CUNA/1CUNA_relaxed.pdb,0
S350,1CUNA_S201G,Mut,S350/1CUN/1CUNA_S201G_relaxed.pdb,0
S350,1CUNA_L203A,WT,S350/1CUNA/1CUNA_relaxed.pdb,0
S350,1CUNA_L203A,Mut,S350/1CUN/1CUNA_L203A_relaxed.pdb,0
S350,1CUNA_A212G,WT,S350/1CUNA/1CUNA_relaxed.pdb,0
S350,1CUNA_A212G,Mut,S350/1CUN/1CUNA_A212G_relaxed.pdb,0
S350,1CUNA_L214A,WT,S350/1CUNA/1CUNA_relaxed.pdb,0
S350,1CUNA_L214A,Mut,S350/1CUN/1CUNA_L214A_relaxed.pdb,0
S350,1DKTA_S9A,WT,S350/1DKTA/1DKTA_relaxed.pdb,0
S350,1DKTA_S9A,Mut,S350/1DKTA/1DKTA_S9A_relaxed.pdb,0
S350,1DKTA_K11A,WT,S350/1DKTA/1DKTA_relaxed.pdb,0
S350,1DKTA_K11A,Mut,S350/1DKTA/1DKTA_K11A_relaxed.pdb,0
S350,1DKTA_S39A,WT,S350/1DKTA/1DKTA_relaxed.pdb,0
S350,1DKTA_S39A,Mut,S350/1DKTA/1DKTA_S39A_relaxed.pdb,0
S350,1DKTA_V55A,WT,S350/1DKTA/1DKTA_relaxed.pdb,0
S350,1DKTA_V55A,Mut,S350/1DKTA/1DKTA_V55A_relaxed.pdb,0
S350,1DKTA_M58L,WT,S350/1DKTA/1DKTA_relaxed.pdb,0
S350,1DKTA_M58L,Mut,S350/1DKTA/1DKTA_M58L_relaxed.pdb,0
S350,1DKTA_R71A,WT,S350/1DKTA/1DKTA_relaxed.pdb,0
S350,1DKTA_R71A,Mut,S350/1DKTA/1DKTA_R71A_relaxed.pdb,0
S350,1EY0A_T13C,WT,S350/1EY0A/1EY0A_relaxed.pdb,0
S350,1EY0A_T13C,Mut,S350/1EY0A/1EY0A_T13C_relaxed.pdb,0
S350,1EY0A_L14V,WT,S350/1EY0A/1EY0A_relaxed.pdb,0
S350,1EY0A_L14V,Mut,S350/1EY0A/1EY0A_L14V_relaxed.pdb,0
S350,1EY0A_I15M,WT,S350/1EY0A/1EY0A_relaxed.pdb,0
S350,1EY0A_I15M,Mut,S350/1EY0A/1EY0A_I15M_relaxed.pdb,0
S350,1EY0A_T22I,WT,S350/1EY0A/1EY0A_relaxed.pdb,0
S350,1EY0A_T22I,Mut,S350/1EY0A/1EY0A_T22I_relaxed.pdb,0
S350,1EY0A_V23L,WT,S350/1EY0A/1EY0A_relaxed.pdb,0
S350,1EY0A_V23L,Mut,S350/1EY0A/1EY0A_V23L_relaxed.pdb,0
S350,1EY0A_K24F,WT,S350/1EY0A/1EY0A_relaxed.pdb,0
S350,1EY0A_K24F,Mut,S350/1EY0A/1EY0A_K24F_relaxed.pdb,0
S350,1EY0A_L37I,WT,S350/1EY0A/1EY0A_relaxed.pdb,0
S350,1EY0A_L37I,Mut,S350/1EY0A/1EY0A_L37I_relaxed.pdb,0
S350,1EY0A_V39I,WT,S350/1EY0A/1EY0A_relaxed.pdb,0
S350,1EY0A_V39I,Mut,S350/1EY0A/1EY0A_V39I_relaxed.pdb,0
S350,1EY0A_T44C,WT,S350/1EY0A/1EY0A_relaxed.pdb,0
S350,1EY0A_T44C,Mut,S350/1EY0A/1EY0A_T44C_relaxed.pdb,0
S350,1EY0A_Y54F,WT,S350/1EY0A/1EY0A_relaxed.pdb,0
S350,1EY0A_Y54F,Mut,S350/1EY0A/1EY0A_Y54F_relaxed.pdb,0
S350,1EY0A_G55V,WT,S350/1EY0A/1EY0A_relaxed.pdb,0
S350,1EY0A_G55V,Mut,S350/1EY0A/1EY0A_G55V_relaxed.pdb,0
S350,1EY0A_K63Q,WT,S350/1EY0A/1EY0A_relaxed.pdb,0
S350,1EY0A_K63Q,Mut,S350/1EY0A/1EY0A_K63Q_relaxed.pdb,0
S350,1EY0A_D77K,WT,S350/1EY0A/1EY0A_relaxed.pdb,0
S350,1EY0A_D77K,Mut,S350/1EY0A/1EY0A_D77K_relaxed.pdb,0
S350,1EY0A_T82C,WT,S350/1EY0A/1EY0A_relaxed.pdb,0
S350,1EY0A_T82C,Mut,S350/1EY0A/1EY0A_T82C_relaxed.pdb,0
S350,1EY0A_T82I,WT,S350/1EY0A/1EY0A_relaxed.pdb,0
S350,1EY0A_T82I,Mut,S350/1EY0A/1EY0A_T82I_relaxed.pdb,0
S350,1EY0A_I92M,WT,S350/1EY0A/1EY0A_relaxed.pdb,0
S350,1EY0A_I92M,Mut,S350/1EY0A/1EY0A_I92M_relaxed.pdb,0
S350,1EY0A_G96V,WT,S350/1EY0A/1EY0A_relaxed.pdb,0
S350,1EY0A_G96V,Mut,S350/1EY0A/1EY0A_G96V_relaxed.pdb,0
S350,1EY0A_R105C,WT,S350/1EY0A/1EY0A_relaxed.pdb,0
S350,1EY0A_R105C,Mut,S350/1EY0A/1EY0A_R105C_relaxed.pdb,0
S350,1EY0A_V111I,WT,S350/1EY0A/1EY0A_relaxed.pdb,0
S350,1EY0A_V111I,Mut,S350/1EY0A/1EY0A_V111I_relaxed.pdb,0
S350,1EY0A_V114I,WT,S350/1EY0A/1EY0A_relaxed.pdb,0
S350,1EY0A_V114I,Mut,S350/1EY0A/1EY0A_V114I_relaxed.pdb,0
S350,1EY0A_L7V,WT,S350/1EY0A/1EY0A_relaxed.pdb,0
S350,1EY0A_L7V,Mut,S350/1EY0A/1EY0A_L7V_relaxed.pdb,0
S350,1EY0A_K9F,WT,S350/1EY0A/1EY0A_relaxed.pdb,0
S350,1EY0A_K9F,Mut,S350/1EY0A/1EY0A_K9F_relaxed.pdb,0
S350,1EY0A_D19F,WT,S350/1EY0A/1EY0A_relaxed.pdb,0
S350,1EY0A_D19F,Mut,S350/1EY0A/1EY0A_D19F_relaxed.pdb,0
S350,1EY0A_D21K,WT,S350/1EY0A/1EY0A_relaxed.pdb,0
S350,1EY0A_D21K,Mut,S350/1EY0A/1EY0A_D21K_relaxed.pdb,0
S350,1EY0A_V23I,WT,S350/1EY0A/1EY0A_relaxed.pdb,0
S350,1EY0A_V23I,Mut,S350/1EY0A/1EY0A_V23I_relaxed.pdb,0
S350,1EY0A_Y27C,WT,S350/1EY0A/1EY0A_relaxed.pdb,0
S350,1EY0A_Y27C,Mut,S350/1EY0A/1EY0A_Y27C_relaxed.pdb,0
S350,1EY0A_G29V,WT,S350/1EY0A/1EY0A_relaxed.pdb,0
S350,1EY0A_G29V,Mut,S350/1EY0A/1EY0A_G29V_relaxed.pdb,0
S350,1EY0A_T33C,WT,S350/1EY0A/1EY0A_relaxed.pdb,0
S350,1EY0A_T33C,Mut,S350/1EY0A/1EY0A_T33C_relaxed.pdb,0
S350,1EY0A_L137V,WT,S350/1EY0A/1EY0A_relaxed.pdb,0
S350,1EY0A_L137V,Mut,S350/1EY0A/1EY0A_L137V_relaxed.pdb,0
S350,1EY0A_L36V,WT,S350/1EY0A/1EY0A_relaxed.pdb,0
S350,1EY0A_L36V,Mut,S350/1EY0A/1EY0A_L36V_relaxed.pdb,0
S350,1EY0A_V39L,WT,S350/1EY0A/1EY0A_relaxed.pdb,0
S350,1EY0A_V39L,Mut,S350/1EY0A/1EY0A_V39L_relaxed.pdb,0
S350,1EY0A_T41I,WT,S350/1EY0A/1EY0A_relaxed.pdb,0
S350,1EY0A_T41I,Mut,S350/1EY0A/1EY0A_T41I_relaxed.pdb,0
S350,1EY0A_V51L,WT,S350/1EY0A/1EY0A_relaxed.pdb,0
S350,1EY0A_V51L,Mut,S350/1EY0A/1EY0A_V51L_relaxed.pdb,0
S350,1EY0A_M65F,WT,S350/1EY0A/1EY0A_relaxed.pdb,0
S350,1EY0A_M65F,Mut,S350/1EY0A/1EY0A_M65F_relaxed.pdb,0
S350,1EY0A_M65I,WT,S350/1EY0A/1EY0A_relaxed.pdb,0
S350,1EY0A_M65I,Mut,S350/1EY0A/1EY0A_M65I_relaxed.pdb,0
S350,1EY0A_V66I,WT,S350/1EY0A/1EY0A_relaxed.pdb,0
S350,1EY0A_V66I,Mut,S350/1EY0A/1EY0A_V66I_relaxed.pdb,0
S350,1EY0A_K70E,WT,S350/1EY0A/1EY0A_relaxed.pdb,0
S350,1EY0A_K70E,Mut,S350/1EY0A/1EY0A_K70E_relaxed.pdb,0
S350,1EY0A_I72L,WT,S350/1EY0A/1EY0A_relaxed.pdb,0
S350,1EY0A_I72L,Mut,S350/1EY0A/1EY0A_I72L_relaxed.pdb,0
S350,1EY0A_V74L,WT,S350/1EY0A/1EY0A_relaxed.pdb,0
S350,1EY0A_V74L,Mut,S350/1EY0A/1EY0A_V74L_relaxed.pdb,0
S350,1EY0A_K78Q,WT,S350/1EY0A/1EY0A_relaxed.pdb,0
S350,1EY0A_K78Q,Mut,S350/1EY0A/1EY0A_K78Q_relaxed.pdb,0
S350,1EY0A_K84Q,WT,S350/1EY0A/1EY0A_relaxed.pdb,0
S350,1EY0A_K84Q,Mut,S350/1EY0A/1EY0A_K84Q_relaxed.pdb,0
S350,1EY0A_G86F,WT,S350/1EY0A/1EY0A_relaxed.pdb,0
S350,1EY0A_G86F,Mut,S350/1EY0A/1EY0A_G86F_relaxed.pdb,0
S350,1EY0A_L89I,WT,S350/1EY0A/1EY0A_relaxed.pdb,0
S350,1EY0A_L89I,Mut,S350/1EY0A/1EY0A_L89I_relaxed.pdb,0
S350,1EY0A_G96F,WT,S350/1EY0A/1EY0A_relaxed.pdb,0
S350,1EY0A_G96F,Mut,S350/1EY0A/1EY0A_G96F_relaxed.pdb,0
S350,1EY0A_V104I,WT,S350/1EY0A/1EY0A_relaxed.pdb,0
S350,1EY0A_V104I,Mut,S350/1EY0A/1EY0A_V104I_relaxed.pdb,0
S350,1EY0A_L108V,WT,S350/1EY0A/1EY0A_relaxed.pdb,0
S350,1EY0A_L108V,Mut,S350/1EY0A/1EY0A_L108V_relaxed.pdb,0
S350,1EY0A_V111L,WT,S350/1EY0A/1EY0A_relaxed.pdb,0
S350,1EY0A_V111L,Mut,S350/1EY0A/1EY0A_V111L_relaxed.pdb,0
S350,1EY0A_H124E,WT,S350/1EY0A/1EY0A_relaxed.pdb,0
S350,1EY0A_H124E,Mut,S350/1EY0A/1EY0A_H124E_relaxed.pdb,0
S350,1EY0A_L125I,WT,S350/1EY0A/1EY0A_relaxed.pdb,0
S350,1EY0A_L125I,Mut,S350/1EY0A/1EY0A_L125I_relaxed.pdb,0
S350,1EY0A_I139L,WT,S350/1EY0A/1EY0A_relaxed.pdb,0
S350,1EY0A_I139L,Mut,S350/1EY0A/1EY0A_I139L_relaxed.pdb,0
S350,1FNAA_I34V,WT,S350/1FNAA/1FNAA_relaxed.pdb,0
S350,1FNAA_I34V,Mut,S350/1FNAA/1FNAA_I34V_relaxed.pdb,0
S350,1FNAA_V50A,WT,S350/1FNAA/1FNAA_relaxed.pdb,0
S350,1FNAA_V50A,Mut,S350/1FNAA/1FNAA_V50A_relaxed.pdb,0
S350,1FTGA_L6A,WT,S350/1FTGA/1FTGA_relaxed.pdb,0
S350,1FTGA_L6A,Mut,S350/1FTGA/1FTGA_L6A_relaxed.pdb,0
S350,1FTGA_D65K,WT,S350/1FTGA/1FTGA_relaxed.pdb,0
S350,1FTGA_D65K,Mut,S350/1FTGA/1FTGA_D65K_relaxed.pdb,0
S350,1FTGA_E72K,WT,S350/1FTGA/1FTGA_relaxed.pdb,0
S350,1FTGA_E72K,Mut,S350/1FTGA/1FTGA_E72K_relaxed.pdb,0
S350,1FTGA_D75K,WT,S350/1FTGA/1FTGA_relaxed.pdb,0
S350,1FTGA_D75K,Mut,S350/1FTGA/1FTGA_D75K_relaxed.pdb,0
S350,1FTGA_A84G,WT,S350/1FTGA/1FTGA_relaxed.pdb,0
S350,1FTGA_A84G,Mut,S350/1FTGA/1FTGA_A84G_relaxed.pdb,0
S350,1FTGA_N97A,WT,S350/1FTGA/1FTGA_relaxed.pdb,0
S350,1FTGA_N97A,Mut,S350/1FTGA/1FTGA_N97A_relaxed.pdb,0
S350,1FTGA_Q99A,WT,S350/1FTGA/1FTGA_relaxed.pdb,0
S350,1FTGA_Q99A,Mut,S350/1FTGA/1FTGA_Q99A_relaxed.pdb,0
S350,1FTGA_S110A,WT,S350/1FTGA/1FTGA_relaxed.pdb,0
S350,1FTGA_S110A,Mut,S350/1FTGA/1FTGA_S110A_relaxed.pdb,0
S350,1FTGA_D126K,WT,S350/1FTGA/1FTGA_relaxed.pdb,0
S350,1FTGA_D126K,Mut,S350/1FTGA/1FTGA_D126K_relaxed.pdb,0
S350,1FTGA_I156V,WT,S350/1FTGA/1FTGA_relaxed.pdb,0
S350,1FTGA_I156V,Mut,S350/1FTGA/1FTGA_I156V_relaxed.pdb,0
S350,1FTGA_V160A,WT,S350/1FTGA/1FTGA_relaxed.pdb,0
S350,1FTGA_V160A,Mut,S350/1FTGA/1FTGA_V160A_relaxed.pdb,0
S350,1G4IA_F22Y,WT,S350/1G4IA/1G4IA_relaxed.pdb,0
S350,1G4IA_F22Y,Mut,S350/1G4IA/1G4IA_F22Y_relaxed.pdb,0
S350,1G4IA_F22I,WT,S350/1G4IA/1G4IA_relaxed.pdb,0
S350,1G4IA_F22I,Mut,S350/1G4IA/1G4IA_F22I_relaxed.pdb,0
S350,1G4IA_H48A,WT,S350/1G4IA/1G4IA_relaxed.pdb,0
S350,1G4IA_H48A,Mut,S350/1G4IA/1G4IA_H48A_relaxed.pdb,0
S350,1G4IA_H48Q,WT,S350/1G4IA/1G4IA_relaxed.pdb,0
S350,1G4IA_H48Q,Mut,S350/1G4IA/1G4IA_H48Q_relaxed.pdb,0
S350,1G4IA_F106A,WT,S350/1G4IA/1G4IA_relaxed.pdb,0
S350,1G4IA_F106A,Mut,S350/1G4IA/1G4IA_F106A_relaxed.pdb,0
S350,1H7MA_D2A,WT,S350/1H7MA/1H7MA_relaxed.pdb,0
S350,1H7MA_D2A,Mut,S350/1H7MA/1H7MA_D2A_relaxed.pdb,0
S350,1H7MA_K9A,WT,S350/1H7MA/1H7MA_relaxed.pdb,0
S350,1H7MA_K9A,Mut,S350/1H7MA/1H7MA_K9A_relaxed.pdb,0
S350,1H7MA_K33A,WT,S350/1H7MA/1H7MA_relaxed.pdb,0
S350,1H7MA_K33A,Mut,S350/1H7MA/1H7MA_K33A_relaxed.pdb,0
S350,1H7MA_K46A,WT,S350/1H7MA/1H7MA_relaxed.pdb,0
S350,1H7MA_K46A,Mut,S350/1H7MA/1H7MA_K46A_relaxed.pdb,0
S350,1H7MA_E47A,WT,S350/1H7MA/1H7MA_relaxed.pdb,0
S350,1H7MA_E47A,Mut,S350/1H7MA/1H7MA_E47A_relaxed.pdb,0
S350,1H7MA_R54A,WT,S350/1H7MA/1H7MA_relaxed.pdb,0
S350,1H7MA_R54A,Mut,S350/1H7MA/1H7MA_R54A_relaxed.pdb,0
S350,1H7MA_E64A,WT,S350/1H7MA/1H7MA_relaxed.pdb,0
S350,1H7MA_E64A,Mut,S350/1H7MA/1H7MA_E64A_relaxed.pdb,0
S350,1H7MA_D87A,WT,S350/1H7MA/1H7MA_relaxed.pdb,0
S350,1H7MA_D87A,Mut,S350/1H7MA/1H7MA_D87A_relaxed.pdb,0
S350,1HFZA_H32Y,WT,S350/1HFZA/1HFZA_relaxed.pdb,0
S350,1HFZA_H32Y,Mut,S350/1HFZA/1HFZA_H32Y_relaxed.pdb,0
S350,1HFZA_I59W,WT,S350/1HFZA/1HFZA_relaxed.pdb,0
S350,1HFZA_I59W,Mut,S350/1HFZA/1HFZA_I59W_relaxed.pdb,0
S350,1HFZA_H107Y,WT,S350/1HFZA/1HFZA_relaxed.pdb,0
S350,1HFZA_H107Y,Mut,S350/1HFZA/1HFZA_H107Y_relaxed.pdb,0
S350,1HFZA_H107W,WT,S350/1HFZA/1HFZA_relaxed.pdb,0
S350,1HFZA_H107W,Mut,S350/1HFZA/1HFZA_H107W_relaxed.pdb,0
S350,1HFZA_L110E,WT,S350/1HFZA/1HFZA_relaxed.pdb,0
S350,1HFZA_L110E,Mut,S350/1HFZA/1HFZA_L110E_relaxed.pdb,0
S350,1HFZA_K114E,WT,S350/1HFZA/1HFZA_relaxed.pdb,0
S350,1HFZA_K114E,Mut,S350/1HFZA/1HFZA_K114E_relaxed.pdb,0
S350,1HMEA_G35H,WT,S350/1HMEA/1HMEA_relaxed.pdb,0
S350,1HMEA_G35H,Mut,S350/1HMEA/1HMEA_G35H_relaxed.pdb,0
S350,1HMKA_V8A,WT,S350/1HMKA/1HMKA_relaxed.pdb,0
S350,1HMKA_V8A,Mut,S350/1HMKA/1HMKA_V8A_relaxed.pdb,0
S350,1HMKA_L12A,WT,S350/1HMKA/1HMKA_relaxed.pdb,0
S350,1HMKA_L12A,Mut,S350/1HMKA/1HMKA_L12A_relaxed.pdb,0
S350,1HMKA_V27A,WT,S350/1HMKA/1HMKA_relaxed.pdb,0
S350,1HMKA_V27A,Mut,S350/1HMKA/1HMKA_V27A_relaxed.pdb,0
S350,1HMKA_T29V,WT,S350/1HMKA/1HMKA_relaxed.pdb,0
S350,1HMKA_T29V,Mut,S350/1HMKA/1HMKA_T29V_relaxed.pdb,0
S350,1HMKA_I55V,WT,S350/1HMKA/1HMKA_relaxed.pdb,0
S350,1HMKA_I55V,Mut,S350/1HMKA/1HMKA_I55V_relaxed.pdb,0
S350,1HMKA_W60A,WT,S350/1HMKA/1HMKA_relaxed.pdb,0
S350,1HMKA_W60A,Mut,S350/1HMKA/1HMKA_W60A_relaxed.pdb,0
S350,1HMKA_I89V,WT,S350/1HMKA/1HMKA_relaxed.pdb,0
S350,1HMKA_I89V,Mut,S350/1HMKA/1HMKA_I89V_relaxed.pdb,0
S350,1HMKA_I95V,WT,S350/1HMKA/1HMKA_relaxed.pdb,0
S350,1HMKA_I95V,Mut,S350/1HMKA/1HMKA_I95V_relaxed.pdb,0
S350,1HMKA_L96A,WT,S350/1HMKA/1HMKA_relaxed.pdb,0
S350,1HMKA_L96A,Mut,S350/1HMKA/1HMKA_L96A_relaxed.pdb,0
S350,1HMKA_Y103F,WT,S350/1HMKA/1HMKA_relaxed.pdb,0
S350,1HMKA_Y103F,Mut,S350/1HMKA/1HMKA_Y103F_relaxed.pdb,0
S350,1HMKA_L110A,WT,S350/1HMKA/1HMKA_relaxed.pdb,0
S350,1HMKA_L110A,Mut,S350/1HMKA/1HMKA_L110A_relaxed.pdb,0
S350,1HMSA_F4S,WT,S350/1HMSA/1HMSA_relaxed.pdb,0
S350,1HMSA_F4S,Mut,S350/1HMSA/1HMSA_F4S_relaxed.pdb,0
S350,1HMSA_F16S,WT,S350/1HMSA/1HMSA_relaxed.pdb,0
S350,1HMSA_F16S,Mut,S350/1HMSA/1HMSA_F16S_relaxed.pdb,0
S350,1HMSA_T40E,WT,S350/1HMSA/1HMSA_relaxed.pdb,0
S350,1HMSA_T40E,Mut,S350/1HMSA/1HMSA_T40E_relaxed.pdb,0
S350,1HMSA_F57S,WT,S350/1HMSA/1HMSA_relaxed.pdb,0
S350,1HMSA_F57S,Mut,S350/1HMSA/1HMSA_F57S_relaxed.pdb,0
S350,1HMSA_L66G,WT,S350/1HMSA/1HMSA_relaxed.pdb,0
S350,1HMSA_L66G,Mut,S350/1HMSA/1HMSA_L66G_relaxed.pdb,0
S350,1HMSA_R106T,WT,S350/1HMSA/1HMSA_relaxed.pdb,0
S350,1HMSA_R106T,Mut,S350/1HMSA/1HMSA_R106T_relaxed.pdb,0
S350,1IETA_D60R,WT,S350/1IETA/1IETA_relaxed.pdb,0
S350,1IETA_D60R,Mut,S350/1IETA/1IETA_D60R_relaxed.pdb,0
S350,1IFCA_W6Y,WT,S350/1IFCA/1IFCA_relaxed.pdb,0
S350,1IFCA_W6Y,Mut,S350/1IFCA/1IFCA_W6Y_relaxed.pdb,0
S350,1IFCA_V60C,WT,S350/1IFCA/1IFCA_relaxed.pdb,0
S350,1IFCA_V60C,Mut,S350/1IFCA/1IFCA_V60C_relaxed.pdb,0
S350,1IFCA_V60N,WT,S350/1IFCA/1IFCA_relaxed.pdb,0
S350,1IFCA_V60N,Mut,S350/1IFCA/1IFCA_V60N_relaxed.pdb,0
S350,1IFCA_L64G,WT,S350/1IFCA/1IFCA_relaxed.pdb,0
S350,1IFCA_L64G,Mut,S350/1IFCA/1IFCA_L64G_relaxed.pdb,0
S350,1IFCA_G65A,WT,S350/1IFCA/1IFCA_relaxed.pdb,0
S350,1IFCA_G65A,Mut,S350/1IFCA/1IFCA_G65A_relaxed.pdb,0
S350,1IFCA_F68A,WT,S350/1IFCA/1IFCA_relaxed.pdb,0
S350,1IFCA_F68A,Mut,S350/1IFCA/1IFCA_F68A_relaxed.pdb,0
S350,1IFCA_F93A,WT,S350/1IFCA/1IFCA_relaxed.pdb,0
S350,1IFCA_F93A,Mut,S350/1IFCA/1IFCA_F93A_relaxed.pdb,0
S350,1IGVA_Y13F,WT,S350/1IGVA/1IGVA_relaxed.pdb,0
S350,1IGVA_Y13F,Mut,S350/1IGVA/1IGVA_Y13F_relaxed.pdb,0
S350,1IGVA_F66W,WT,S350/1IGVA/1IGVA_relaxed.pdb,0
S350,1IGVA_F66W,Mut,S350/1IGVA/1IGVA_F66W_relaxed.pdb,0
S350,1IGVA_V70L,WT,S350/1IGVA/1IGVA_relaxed.pdb,0
S350,1IGVA_V70L,Mut,S350/1IGVA/1IGVA_V70L_relaxed.pdb,0
S350,1IHBA_F37H,WT,S350/1IHBA/1IHBA_relaxed.pdb,0
S350,1IHBA_F37H,Mut,S350/1IHBA/1IHBA_F37H_relaxed.pdb,0
S350,1IHBA_F82Q,WT,S350/1IHBA/1IHBA_relaxed.pdb,0
S350,1IHBA_F82Q,Mut,S350/1IHBA/1IHBA_F82Q_relaxed.pdb,0
S350,1IMQA_V19L,WT,S350/1IMQA/1IMQA_relaxed.pdb,0
S350,1IMQA_V19L,Mut,S350/1IMQA/1IMQA_V19L_relaxed.pdb,0
S350,1IMQA_E31L,WT,S350/1IMQA/1IMQA_relaxed.pdb,0
S350,1IMQA_E31L,Mut,S350/1IMQA/1IMQA_E31L_relaxed.pdb,0
S350,1IMQA_E41V,WT,S350/1IMQA/1IMQA_relaxed.pdb,0
S350,1IMQA_E41V,Mut,S350/1IMQA/1IMQA_E41V_relaxed.pdb,0
S350,1IROA_V24I,WT,S350/1IROA/1IROA_relaxed.pdb,0
S350,1IROA_V24I,Mut,S350/1IROA/1IROA_V24I_relaxed.pdb,0
S350,1IROA_I33L,WT,S350/1IROA/1IROA_relaxed.pdb,0
S350,1IROA_I33L,Mut,S350/1IROA/1IROA_I33L_relaxed.pdb,0
S350,1JIWI_D10A,WT,S350/1JIWI/1JIWI_relaxed.pdb,0
S350,1JIWI_D10A,Mut,S350/1JIWI/1JIWI_D10A_relaxed.pdb,0
S350,1JIWI_W15F,WT,S350/1JIWI/1JIWI_relaxed.pdb,0
S350,1JIWI_W15F,Mut,S350/1JIWI/1JIWI_W15F_relaxed.pdb,0
S350,1KFWA_N197K,WT,S350/1KFWA/1KFWA_relaxed.pdb,0
S350,1KFWA_N197K,Mut,S350/1KFWA/1KFWA_N197K_relaxed.pdb,0
S350,1KFWA_G405Q,WT,S350/1KFWA/1KFWA_relaxed.pdb,0
S350,1KFWA_G405Q,Mut,S350/1KFWA/1KFWA_G405Q_relaxed.pdb,0
S350,1LNIA_T16V,WT,S350/1LNIA/1LNIA_relaxed.pdb,0
S350,1LNIA_T16V,Mut,S350/1LNIA/1LNIA_T16V_relaxed.pdb,0
S350,1LNIA_Y30F,WT,S350/1LNIA/1LNIA_relaxed.pdb,0
S350,1LNIA_Y30F,Mut,S350/1LNIA/1LNIA_Y30F_relaxed.pdb,0
S350,1LNIA_V43T,WT,S350/1LNIA/1LNIA_relaxed.pdb,0
S350,1LNIA_V43T,Mut,S350/1LNIA/1LNIA_V43T_relaxed.pdb,0
S350,1LNIA_Y55F,WT,S350/1LNIA/1LNIA_relaxed.pdb,0
S350,1LNIA_Y55F,Mut,S350/1LNIA/1LNIA_Y55F_relaxed.pdb,0
S350,1LNIA_T56V,WT,S350/1LNIA/1LNIA_relaxed.pdb,0
S350,1LNIA_T56V,Mut,S350/1LNIA/1LNIA_T56V_relaxed.pdb,0
S350,1LNIA_D79F,WT,S350/1LNIA/1LNIA_relaxed.pdb,0
S350,1LNIA_D79F,Mut,S350/1LNIA/1LNIA_D79F_relaxed.pdb,0
S350,1LNIA_D79I,WT,S350/1LNIA/1LNIA_relaxed.pdb,0
S350,1LNIA_D79I,Mut,S350/1LNIA/1LNIA_D79I_relaxed.pdb,0
S350,1LNIA_D79L,WT,S350/1LNIA/1LNIA_relaxed.pdb,0
S350,1LNIA_D79L,Mut,S350/1LNIA/1LNIA_D79L_relaxed.pdb,0
S350,1LNIA_D79Y,WT,S350/1LNIA/1LNIA_relaxed.pdb,0
S350,1LNIA_D79Y,Mut,S350/1LNIA/1LNIA_D79Y_relaxed.pdb,0
S350,1LNIA_D79K,WT,S350/1LNIA/1LNIA_relaxed.pdb,0
S350,1LNIA_D79K,Mut,S350/1LNIA/1LNIA_D79K_relaxed.pdb,0
S350,1LNIA_D79N,WT,S350/1LNIA/1LNIA_relaxed.pdb,0
S350,1LNIA_D79N,Mut,S350/1LNIA/1LNIA_D79N_relaxed.pdb,0
S350,1LNIA_Y80F,WT,S350/1LNIA/1LNIA_relaxed.pdb,0
S350,1LNIA_Y80F,Mut,S350/1LNIA/1LNIA_Y80F_relaxed.pdb,0
S350,1LNIA_H85Q,WT,S350/1LNIA/1LNIA_relaxed.pdb,0
S350,1LNIA_H85Q,Mut,S350/1LNIA/1LNIA_H85Q_relaxed.pdb,0
S350,1LNIA_Q94K,WT,S350/1LNIA/1LNIA_relaxed.pdb,0
S350,1LNIA_Q94K,Mut,S350/1LNIA/1LNIA_Q94K_relaxed.pdb,0
S350,1LZ1A_G48A,WT,S350/1LZ1A/1LZ1A_relaxed.pdb,0
S350,1LZ1A_G48A,Mut,S350/1LZ1A/1LZ1A_G48A_relaxed.pdb,0
S350,1LZ1A_G105A,WT,S350/1LZ1A/1LZ1A_relaxed.pdb,0
S350,1LZ1A_G105A,Mut,S350/1LZ1A/1LZ1A_G105A_relaxed.pdb,0
S350,1MGRA_Y54F,WT,S350/1MGRA/1MGRA_relaxed.pdb,0
S350,1MGRA_Y54F,Mut,S350/1MGRA/1MGRA_Y54F_relaxed.pdb,0
S350,1MGRA_Y84F,WT,S350/1MGRA/1MGRA_relaxed.pdb,0
S350,1MGRA_Y84F,Mut,S350/1MGRA/1MGRA_Y84F_relaxed.pdb,0
S350,1MJCA_F20L,WT,S350/1MJCA/1MJCA_relaxed.pdb,0
S350,1MJCA_F20L,Mut,S350/1MJCA/1MJCA_F20L_relaxed.pdb,0
S350,1MJCA_F20S,WT,S350/1MJCA/1MJCA_relaxed.pdb,0
S350,1MJCA_F20S,Mut,S350/1MJCA/1MJCA_F20S_relaxed.pdb,0
S350,1MJCA_F31S,WT,S350/1MJCA/1MJCA_relaxed.pdb,0
S350,1MJCA_F31S,Mut,S350/1MJCA/1MJCA_F31S_relaxed.pdb,0
S350,1MJCA_S52W,WT,S350/1MJCA/1MJCA_relaxed.pdb,0
S350,1MJCA_S52W,Mut,S350/1MJCA/1MJCA_S52W_relaxed.pdb,0
S350,1MSIA_E25A,WT,S350/1MSIA/1MSIA_relaxed.pdb,0
S350,1MSIA_E25A,Mut,S350/1MSIA/1MSIA_E25A_relaxed.pdb,0
S350,1MSIA_R47A,WT,S350/1MSIA/1MSIA_relaxed.pdb,0
S350,1MSIA_R47A,Mut,S350/1MSIA/1MSIA_R47A_relaxed.pdb,0
S350,1MSIA_D58N,WT,S350/1MSIA/1MSIA_relaxed.pdb,0
S350,1MSIA_D58N,Mut,S350/1MSIA/1MSIA_D58N_relaxed.pdb,0
S350,1OIAA_Y78F,WT,S350/1OIAA/1OIAA_relaxed.pdb,0
S350,1OIAA_Y78F,Mut,S350/1OIAA/1OIAA_Y78F_relaxed.pdb,0
S350,1OIAA_Y86T,WT,S350/1OIAA/1OIAA_relaxed.pdb,0
S350,1OIAA_Y86T,Mut,S350/1OIAA/1OIAA_Y86T_relaxed.pdb,0
S350,1P2PA_H48K,WT,S350/1P2PA/1P2PA_relaxed.pdb,0
S350,1P2PA_H48K,Mut,S350/1P2PA/1P2PA_H48K_relaxed.pdb,0
S350,1QLPA_A31L,WT,S350/1QLPA/1QLPA_relaxed.pdb,0
S350,1QLPA_A31L,Mut,S350/1QLPA/1QLPA_A31L_relaxed.pdb,0
S350,1QLPA_V55I,WT,S350/1QLPA/1QLPA_relaxed.pdb,0
S350,1QLPA_V55I,Mut,S350/1QLPA/1QLPA_V55I_relaxed.pdb,0
S350,1QLPA_A70G,WT,S350/1QLPA/1QLPA_relaxed.pdb,0
S350,1QLPA_A70G,Mut,S350/1QLPA/1QLPA_A70G_relaxed.pdb,0
S350,1QLPA_Y160W,WT,S350/1QLPA/1QLPA_relaxed.pdb,0
S350,1QLPA_Y160W,Mut,S350/1QLPA/1QLPA_Y160W_relaxed.pdb,0
S350,1QLPA_A183I,WT,S350/1QLPA/1QLPA_relaxed.pdb,0
S350,1QLPA_A183I,Mut,S350/1QLPA/1QLPA_A183I_relaxed.pdb,0
S350,1QLPA_A183V,WT,S350/1QLPA/1QLPA_relaxed.pdb,0
S350,1QLPA_A183V,Mut,S350/1QLPA/1QLPA_A183V_relaxed.pdb,0
S350,1QLPA_W238F,WT,S350/1QLPA/1QLPA_relaxed.pdb,0
S350,1QLPA_W238F,Mut,S350/1QLPA/1QLPA_W238F_relaxed.pdb,0
S350,1QLPA_A248I,WT,S350/1QLPA/1QLPA_relaxed.pdb,0
S350,1QLPA_A248I,Mut,S350/1QLPA/1QLPA_A248I_relaxed.pdb,0
S350,1QLPA_A248V,WT,S350/1QLPA/1QLPA_relaxed.pdb,0
S350,1QLPA_A248V,Mut,S350/1QLPA/1QLPA_A248V_relaxed.pdb,0
S350,1QLPA_A248F,WT,S350/1QLPA/1QLPA_relaxed.pdb,0
S350,1QLPA_A248F,Mut,S350/1QLPA/1QLPA_A248F_relaxed.pdb,0
S350,1QLPA_A248L,WT,S350/1QLPA/1QLPA_relaxed.pdb,0
S350,1QLPA_A248L,Mut,S350/1QLPA/1QLPA_A248L_relaxed.pdb,0
S350,1QLPA_A284I,WT,S350/1QLPA/1QLPA_relaxed.pdb,0
S350,1QLPA_A284I,Mut,S350/1QLPA/1QLPA_A284I_relaxed.pdb,0
S350,1QLPA_A284V,WT,S350/1QLPA/1QLPA_relaxed.pdb,0
S350,1QLPA_A284V,Mut,S350/1QLPA/1QLPA_A284V_relaxed.pdb,0
S350,1QLPA_V321I,WT,S350/1QLPA/1QLPA_relaxed.pdb,0
S350,1QLPA_V321I,Mut,S350/1QLPA/1QLPA_V321I_relaxed.pdb,0
S350,1QLPA_S330R,WT,S350/1QLPA/1QLPA_relaxed.pdb,0
S350,1QLPA_S330R,Mut,S350/1QLPA/1QLPA_S330R_relaxed.pdb,0
S350,1QLPA_K331F,WT,S350/1QLPA/1QLPA_relaxed.pdb,0
S350,1QLPA_K331F,Mut,S350/1QLPA/1QLPA_K331F_relaxed.pdb,0
S350,1QLPA_V364L,WT,S350/1QLPA/1QLPA_relaxed.pdb,0
S350,1QLPA_V364L,Mut,S350/1QLPA/1QLPA_V364L_relaxed.pdb,0
S350,1QLPA_M374I,WT,S350/1QLPA/1QLPA_relaxed.pdb,0
S350,1QLPA_M374I,Mut,S350/1QLPA/1QLPA_M374I_relaxed.pdb,0
S350,1QLPA_S381A,WT,S350/1QLPA/1QLPA_relaxed.pdb,0
S350,1QLPA_S381A,Mut,S350/1QLPA/1QLPA_S381A_relaxed.pdb,0
S350,1RG8A_C16S,WT,S350/1RG8A/1RG8A_relaxed.pdb,0
S350,1RG8A_C16S,Mut,S350/1RG8A/1RG8A_C16S_relaxed.pdb,0
S350,1RG8A_L44F,WT,S350/1RG8A/1RG8A_relaxed.pdb,0
S350,1RG8A_L44F,Mut,S350/1RG8A/1RG8A_L44F_relaxed.pdb,0
S350,1RG8A_N106G,WT,S350/1RG8A/1RG8A_relaxed.pdb,0
S350,1RG8A_N106G,Mut,S350/1RG8A/1RG8A_N106G_relaxed.pdb,0
S350,1RG8A_V109I,WT,S350/1RG8A/1RG8A_relaxed.pdb,0
S350,1RG8A_V109I,Mut,S350/1RG8A/1RG8A_V109I_relaxed.pdb,0
S350,1RISA_I8A,WT,S350/1RISA/1RISA_relaxed.pdb,0
S350,1RISA_I8A,Mut,S350/1RISA/1RISA_I8A_relaxed.pdb,0
S350,1RISA_L21A,WT,S350/1RISA/1RISA_relaxed.pdb,0
S350,1RISA_L21A,Mut,S350/1RISA/1RISA_L21A_relaxed.pdb,0
S350,1RISA_Y33A,WT,S350/1RISA/1RISA_relaxed.pdb,0
S350,1RISA_Y33A,Mut,S350/1RISA/1RISA_Y33A_relaxed.pdb,0
S350,1RISA_L48A,WT,S350/1RISA/1RISA_relaxed.pdb,0
S350,1RISA_L48A,Mut,S350/1RISA/1RISA_L48A_relaxed.pdb,0
S350,1RISA_F60A,WT,S350/1RISA/1RISA_relaxed.pdb,0
S350,1RISA_F60A,Mut,S350/1RISA/1RISA_F60A_relaxed.pdb,0
S350,1RISA_L75A,WT,S350/1RISA/1RISA_relaxed.pdb,0
S350,1RISA_L75A,Mut,S350/1RISA/1RISA_L75A_relaxed.pdb,0
S350,1RISA_L79A,WT,S350/1RISA/1RISA_relaxed.pdb,0
S350,1RISA_L79A,Mut,S350/1RISA/1RISA_L79A_relaxed.pdb,0
S350,1RN1C_V16T,WT,S350/1RN1C/1RN1C_relaxed.pdb,0
S350,1RN1C_V16T,Mut,S350/1RN1C/1RN1C_V16T_relaxed.pdb,0
S350,1RN1C_G23A,WT,S350/1RN1C/1RN1C_relaxed.pdb,0
S350,1RN1C_G23A,Mut,S350/1RN1C/1RN1C_G23A_relaxed.pdb,0
S350,1RN1C_D49A,WT,S350/1RN1C/1RN1C_relaxed.pdb,0
S350,1RN1C_D49A,Mut,S350/1RN1C/1RN1C_D49A_relaxed.pdb,0
S350,1RN1C_V78S,WT,S350/1RN1C/1RN1C_relaxed.pdb,0
S350,1RN1C_V78S,Mut,S350/1RN1C/1RN1C_V78S_relaxed.pdb,0
S350,1RN1C_V78T,WT,S350/1RN1C/1RN1C_relaxed.pdb,0
S350,1RN1C_V78T,Mut,S350/1RN1C/1RN1C_V78T_relaxed.pdb,0
S350,1RTBA_A5S,WT,S350/1RTBA/1RTBA_relaxed.pdb,0
S350,1RTBA_A5S,Mut,S350/1RTBA/1RTBA_A5S_relaxed.pdb,0
S350,1RTBA_F46V,WT,S350/1RTBA/1RTBA_relaxed.pdb,0
S350,1RTBA_F46V,Mut,S350/1RTBA/1RTBA_F46V_relaxed.pdb,0
S350,1RTBA_V57A,WT,S350/1RTBA/1RTBA_relaxed.pdb,0
S350,1RTBA_V57A,Mut,S350/1RTBA/1RTBA_V57A_relaxed.pdb,0
S350,1RTBA_V57L,WT,S350/1RTBA/1RTBA_relaxed.pdb,0
S350,1RTBA_V57L,Mut,S350/1RTBA/1RTBA_V57L_relaxed.pdb,0
S350,1RTBA_V63A,WT,S350/1RTBA/1RTBA_relaxed.pdb,0
S350,1RTBA_V63A,Mut,S350/1RTBA/1RTBA_V63A_relaxed.pdb,0
S350,1SHFA_E107F,WT,S350/1SHFA/1SHFA_relaxed.pdb,0
S350,1SHFA_E107F,Mut,S350/1SHFA/1SHFA_E107F_relaxed.pdb,0
S350,1SHFA_E107H,WT,S350/1SHFA/1SHFA_relaxed.pdb,0
S350,1SHFA_E107H,Mut,S350/1SHFA/1SHFA_E107H_relaxed.pdb,0
S350,1SHFA_E107K,WT,S350/1SHFA/1SHFA_relaxed.pdb,0
S350,1SHFA_E107K,Mut,S350/1SHFA/1SHFA_E107K_relaxed.pdb,0
S350,1SHFA_E107L,WT,S350/1SHFA/1SHFA_relaxed.pdb,0
S350,1SHFA_E107L,Mut,S350/1SHFA/1SHFA_E107L_relaxed.pdb,0
S350,1SHFA_E107Y,WT,S350/1SHFA/1SHFA_relaxed.pdb,0
S350,1SHFA_E107Y,Mut,S350/1SHFA/1SHFA_E107Y_relaxed.pdb,0
S350,1SHFA_I111A,WT,S350/1SHFA/1SHFA_relaxed.pdb,0
S350,1SHFA_I111A,Mut,S350/1SHFA/1SHFA_I111A_relaxed.pdb,0
S350,1SHFA_I111L,WT,S350/1SHFA/1SHFA_relaxed.pdb,0
S350,1SHFA_I111L,Mut,S350/1SHFA/1SHFA_I111L_relaxed.pdb,0
S350,1SHFA_S124D,WT,S350/1SHFA/1SHFA_relaxed.pdb,0
S350,1SHFA_S124D,Mut,S350/1SHFA/1SHFA_S124D_relaxed.pdb,0
S350,1SHFA_S124G,WT,S350/1SHFA/1SHFA_relaxed.pdb,0
S350,1SHFA_S124G,Mut,S350/1SHFA/1SHFA_S124G_relaxed.pdb,0
S350,1SHFA_S124L,WT,S350/1SHFA/1SHFA_relaxed.pdb,0
S350,1SHFA_S124L,Mut,S350/1SHFA/1SHFA_S124L_relaxed.pdb,0
S350,1SHFA_S124F,WT,S350/1SHFA/1SHFA_relaxed.pdb,0
S350,1SHFA_S124F,Mut,S350/1SHFA/1SHFA_S124F_relaxed.pdb,0
S350,1SHFA_S124H,WT,S350/1SHFA/1SHFA_relaxed.pdb,0
S350,1SHFA_S124H,Mut,S350/1SHFA/1SHFA_S124H_relaxed.pdb,0
S350,1SHFA_S124N,WT,S350/1SHFA/1SHFA_relaxed.pdb,0
S350,1SHFA_S124N,Mut,S350/1SHFA/1SHFA_S124N_relaxed.pdb,0
S350,1SHFA_G128A,WT,S350/1SHFA/1SHFA_relaxed.pdb,0
S350,1SHFA_G128A,Mut,S350/1SHFA/1SHFA_G128A_relaxed.pdb,0
S350,1SHFA_V138M,WT,S350/1SHFA/1SHFA_relaxed.pdb,0
S350,1SHFA_V138M,Mut,S350/1SHFA/1SHFA_V138M_relaxed.pdb,0
S350,1TITA_L60A,WT,S350/1TITA/1TITA_relaxed.pdb,0
S350,1TITA_L60A,Mut,S350/1TITA/1TITA_L60A_relaxed.pdb,0
S350,1TITA_C63S,WT,S350/1TITA/1TITA_relaxed.pdb,0
S350,1TITA_C63S,Mut,S350/1TITA/1TITA_C63S_relaxed.pdb,0
S350,1TITA_V86A,WT,S350/1TITA/1TITA_relaxed.pdb,0
S350,1TITA_V86A,Mut,S350/1TITA/1TITA_V86A_relaxed.pdb,0
S350,1TTQA_F22L,WT,S350/1TTQA/1TTQA_relaxed.pdb,0
S350,1TTQA_F22L,Mut,S350/1TTQA/1TTQA_F22L_relaxed.pdb,0
S350,1TTQA_F22V,WT,S350/1TTQA/1TTQA_relaxed.pdb,0
S350,1TTQA_F22V,Mut,S350/1TTQA/1TTQA_F22V_relaxed.pdb,0
S350,1ZG4A_W290F,WT,S350/1ZG4A/1ZG4A_relaxed.pdb,0
S350,1ZG4A_W290F,Mut,S350/1ZG4A/1ZG4A_W290F_relaxed.pdb,0
S350,1ZNJB_H10E,WT,S350/1ZNJB/1ZNJB_relaxed.pdb,0
S350,1ZNJB_H10E,Mut,S350/1ZNJB/1ZNJB_H10E_relaxed.pdb,0
S350,1ZNJB_H10T,WT,S350/1ZNJB/1ZNJB_relaxed.pdb,0
S350,1ZNJB_H10T,Mut,S350/1ZNJB/1ZNJB_H10T_relaxed.pdb,0
S350,1ZNJB_F25D,WT,S350/1ZNJB/1ZNJB_relaxed.pdb,0
S350,1ZNJB_F25D,Mut,S350/1ZNJB/1ZNJB_F25D_relaxed.pdb,0
S350,2A01A_L141R,WT,S350/2A01A/2A01A_relaxed.pdb,0
S350,2A01A_L141R,Mut,S350/2A01A/2A01A_L141R_relaxed.pdb,0
S350,1AJOA_I7S,WT,S350/1AJOA/1AJOA_relaxed.pdb,0
S350,1AJOA_I7S,Mut,S350/1AJOA/1AJOA_I7S_relaxed.pdb,0
S350,1AJOA_I20T,WT,S350/1AJOA/1AJOA_relaxed.pdb,0
S350,1AJOA_I20T,Mut,S350/1AJOA/1AJOA_I20T_relaxed.pdb,0
S350,1AJOA_V31T,WT,S350/1AJOA/1AJOA_relaxed.pdb,0
S350,1AJOA_V31T,Mut,S350/1AJOA/1AJOA_V31T_relaxed.pdb,0
S350,1AJOA_L50V,WT,S350/1AJOA/1AJOA_relaxed.pdb,0
S350,1AJOA_L50V,Mut,S350/1AJOA/1AJOA_L50V_relaxed.pdb,0
S350,1AJOA_V60G,WT,S350/1AJOA/1AJOA_relaxed.pdb,0
S350,1AJOA_V60G,Mut,S350/1AJOA/1AJOA_V60G_relaxed.pdb,0
S350,1AJOA_A82G,WT,S350/1AJOA/1AJOA_relaxed.pdb,0
S350,1AJOA_A82G,Mut,S350/1AJOA/1AJOA_A82G_relaxed.pdb,0
S350,1AJOA_V95T,WT,S350/1AJOA/1AJOA_relaxed.pdb,0
S350,1AJOA_V95T,Mut,S350/1AJOA/1AJOA_V95T_relaxed.pdb,0
S350,1AJOA_H117G,WT,S350/1AJOA/1AJOA_relaxed.pdb,0
S350,1AJOA_H117G,Mut,S350/1AJOA/1AJOA_H117G_relaxed.pdb,0
S350,2A36A_T22L,WT,S350/2A36A/2A36A_relaxed.pdb,0
S350,2A36A_T22L,Mut,S350/2A36A/2A36A_T22L_relaxed.pdb,0
S350,2A36A_T22A,WT,S350/2A36A/2A36A_relaxed.pdb,0
S350,2A36A_T22A,Mut,S350/2A36A/2A36A_T22A_relaxed.pdb,0
S350,2A36A_T22F,WT,S350/2A36A/2A36A_relaxed.pdb,0
S350,2A36A_T22F,Mut,S350/2A36A/2A36A_T22F_relaxed.pdb,0
S350,2A36A_T22N,WT,S350/2A36A/2A36A_relaxed.pdb,0
S350,2A36A_T22N,Mut,S350/2A36A/2A36A_T22N_relaxed.pdb,0
S350,2DRIA_V50E,WT,S350/2DRIA/2DRIA_relaxed.pdb,0
S350,2DRIA_V50E,Mut,S350/2DRIA/2DRIA_V50E_relaxed.pdb,0
S350,2IMMA_A15L,WT,S350/2IMMA/2IMMA_relaxed.pdb,0
S350,2IMMA_A15L,Mut,S350/2IMMA/2IMMA_A15L_relaxed.pdb,0
S350,2IMMA_M21L,WT,S350/2IMMA/2IMMA_relaxed.pdb,0
S350,2IMMA_M21L,Mut,S350/2IMMA/2IMMA_M21L_relaxed.pdb,0
S350,2IMMA_K24R,WT,S350/2IMMA/2IMMA_relaxed.pdb,0
S350,2IMMA_K24R,Mut,S350/2IMMA/2IMMA_K24R_relaxed.pdb,0
S350,2IMMA_Q79E,WT,S350/2IMMA/2IMMA_relaxed.pdb,0
S350,2IMMA_Q79E,Mut,S350/2IMMA/2IMMA_Q79E_relaxed.pdb,0
S350,2IMMA_L106I,WT,S350/2IMMA/2IMMA_relaxed.pdb,0
S350,2IMMA_L106I,Mut,S350/2IMMA/2IMMA_L106I_relaxed.pdb,0
S350,2LZMA_G51D,WT,S350/2LZMA/2LZMA_relaxed.pdb,0
S350,2LZMA_G51D,Mut,S350/2LZMA/2LZMA_G51D_relaxed.pdb,0
S350,2LZMA_I58Y,WT,S350/2LZMA/2LZMA_relaxed.pdb,0
S350,2LZMA_I58Y,Mut,S350/2LZMA/2LZMA_I58Y_relaxed.pdb,0
S350,2LZMA_A146I,WT,S350/2LZMA/2LZMA_relaxed.pdb,0
S350,2LZMA_A146I,Mut,S350/2LZMA/2LZMA_A146I_relaxed.pdb,0
S350,2LZMA_F153C,WT,S350/2LZMA/2LZMA_relaxed.pdb,0
S350,2LZMA_F153C,Mut,S350/2LZMA/2LZMA_F153C_relaxed.pdb,0
S350,2NVHA_R4Q,WT,S350/2NVHA/2NVHA_relaxed.pdb,0
S350,2NVHA_R4Q,Mut,S350/2NVHA/2NVHA_R4Q_relaxed.pdb,0
S350,2NVHA_N7D,WT,S350/2NVHA/2NVHA_relaxed.pdb,0
S350,2NVHA_N7D,Mut,S350/2NVHA/2NVHA_N7D_relaxed.pdb,0
S350,2NVHA_C8S,WT,S350/2NVHA/2NVHA_relaxed.pdb,0
S350,2NVHA_C8S,Mut,S350/2NVHA/2NVHA_C8S_relaxed.pdb,0
S350,2RN2A_H62A,WT,S350/2RN2A/2RN2A_relaxed.pdb,0
S350,2RN2A_H62A,Mut,S350/2RN2A/2RN2A_H62A_relaxed.pdb,0
S350,2RN2A_H83A,WT,S350/2RN2A/2RN2A_relaxed.pdb,0
S350,2RN2A_H83A,Mut,S350/2RN2A/2RN2A_H83A_relaxed.pdb,0
S350,2TRXA_D26I,WT,S350/2TRXA/2TRXA_relaxed.pdb,0
S350,2TRXA_D26I,Mut,S350/2TRXA/2TRXA_D26I_relaxed.pdb,0
S350,2TRXA_T66L,WT,S350/2TRXA/2TRXA_relaxed.pdb,0
S350,2TRXA_T66L,Mut,S350/2TRXA/2TRXA_T66L_relaxed.pdb,0
S350,3GLYA_G139A,WT,S350/3GLYA/3GLYA_relaxed.pdb,0
S350,3GLYA_G139A,Mut,S350/3GLYA/3GLYA_G139A_relaxed.pdb,0
S350,3GLYA_G383A,WT,S350/3GLYA/3GLYA_relaxed.pdb,0
S350,3GLYA_G383A,Mut,S350/3GLYA/3GLYA_G383A_relaxed.pdb,0
S350,3MBPA_W10A,WT,S350/3MBPA/3MBPA_relaxed.pdb,0
S350,3MBPA_W10A,Mut,S350/3MBPA/3MBPA_W10A_relaxed.pdb,0
S350,3PGKA_Y48W,WT,S350/3PGKA/3PGKA_relaxed.pdb,0
S350,3PGKA_Y48W,Mut,S350/3PGKA/3PGKA_Y48W_relaxed.pdb,0
S350,3PGKA_Y122W,WT,S350/3PGKA/3PGKA_relaxed.pdb,0
S350,3PGKA_Y122W,Mut,S350/3PGKA/3PGKA_Y122W_relaxed.pdb,0
S350,3PGKA_F194W,WT,S350/3PGKA/3PGKA_relaxed.pdb,0
S350,3PGKA_F194W,Mut,S350/3PGKA/3PGKA_F194W_relaxed.pdb,0
S350,3PGKA_H388Q,WT,S350/3PGKA/3PGKA_relaxed.pdb,0
S350,3PGKA_H388Q,Mut,S350/3PGKA/3PGKA_H388Q_relaxed.pdb,0
S350,3SILA_A53L,WT,S350/3SILA/3SILA_relaxed.pdb,0
S350,3SILA_A53L,Mut,S350/3SILA/3SILA_A53L_relaxed.pdb,0
S350,4LYZA_E35A,WT,S350/4LYZA/4LYZA_relaxed.pdb,0
S350,4LYZA_E35A,Mut,S350/4LYZA/4LYZA_E35A_relaxed.pdb,0
S350,5DFRA_I2V,WT,S350/5DFRA/5DFRA_relaxed.pdb,0
S350,5DFRA_I2V,Mut,S350/5DFRA/5DFRA_I2V_relaxed.pdb,0
S350,5DFRA_W30M,WT,S350/5DFRA/5DFRA_relaxed.pdb,0
S350,5DFRA_W30M,Mut,S350/5DFRA/5DFRA_W30M_relaxed.pdb,0
S350,5DFRA_V40H,WT,S350/5DFRA/5DFRA_relaxed.pdb,0
S350,5DFRA_V40H,Mut,S350/5DFRA/5DFRA_V40H_relaxed.pdb,0
S350,5DFRA_N59T,WT,S350/5DFRA/5DFRA_relaxed.pdb,0
S350,5DFRA_N59T,Mut,S350/5DFRA/5DFRA_N59T_relaxed.pdb,0
S350,5DFRA_N59W,WT,S350/5DFRA/5DFRA_relaxed.pdb,0
S350,5DFRA_N59W,Mut,S350/5DFRA/5DFRA_N59W_relaxed.pdb,0
S350,5DFRA_G67S,WT,S350/5DFRA/5DFRA_relaxed.pdb,0
S350,5DFRA_G67S,Mut,S350/5DFRA/5DFRA_G67S_relaxed.pdb,0
S350,5DFRA_G67T,WT,S350/5DFRA/5DFRA_relaxed.pdb,0
S350,5DFRA_G67T,Mut,S350/5DFRA/5DFRA_G67T_relaxed.pdb,0
S350,5DFRA_G95A,WT,S350/5DFRA/5DFRA_relaxed.pdb,0
S350,5DFRA_G95A,Mut,S350/5DFRA/5DFRA_G95A_relaxed.pdb,0
S350,5DFRA_G121C,WT,S350/5DFRA/5DFRA_relaxed.pdb,0
S350,5DFRA_G121C,Mut,S350/5DFRA/5DFRA_G121C_relaxed.pdb,0
S350,5DFRA_G121H,WT,S350/5DFRA/5DFRA_relaxed.pdb,0
S350,5DFRA_G121H,Mut,S350/5DFRA/5DFRA_G121H_relaxed.pdb,0
S350,5DFRA_I155T,WT,S350/5DFRA/5DFRA_relaxed.pdb,0
S350,5DFRA_I155T,Mut,S350/5DFRA/5DFRA_I155T_relaxed.pdb,0
S350,5PTIA_A16V,WT,S350/5PTIA/5PTIA_relaxed.pdb,0
S350,5PTIA_A16V,Mut,S350/5PTIA/5PTIA_A16V_relaxed.pdb,0
S350,5PTIA_A16T,WT,S350/5PTIA/5PTIA_relaxed.pdb,0
S350,5PTIA_A16T,Mut,S350/5PTIA/5PTIA_A16T_relaxed.pdb,0
S350,5PTIA_Y35D,WT,S350/5PTIA/5PTIA_relaxed.pdb,0
S350,5PTIA_Y35D,Mut,S350/5PTIA/5PTIA_Y35D_relaxed.pdb,0
S605,1AARA_F45W,WT,S605/1AARA/1AARA_relaxed.pdb,0
S605,1AARA_F45W,Mut,S605/1AARA/1AARA_F45W_relaxed.pdb,0
S605,1AJ3A_I23A,WT,S605/1AJ3A/1AJ3A_relaxed.pdb,0
S605,1AJ3A_I23A,Mut,S605/1AJ3A/1AJ3A_I23A_relaxed.pdb,0
S605,1AJ3A_L88A,WT,S605/1AJ3A/1AJ3A_relaxed.pdb,0
S605,1AJ3A_L88A,Mut,S605/1AJ3A/1AJ3A_L88A_relaxed.pdb,0
S605,1AJ3A_L98A,WT,S605/1AJ3A/1AJ3A_relaxed.pdb,0
S605,1AJ3A_L98A,Mut,S605/1AJ3A/1AJ3A_L98A_relaxed.pdb,0
S605,1AJ3A_I84A,WT,S605/1AJ3A/1AJ3A_relaxed.pdb,0
S605,1AJ3A_I84A,Mut,S605/1AJ3A/1AJ3A_I84A_relaxed.pdb,0
S605,1AJ3A_V30A,WT,S605/1AJ3A/1AJ3A_relaxed.pdb,0
S605,1AJ3A_V30A,Mut,S605/1AJ3A/1AJ3A_V30A_relaxed.pdb,0
S605,1AJ3A_L45A,WT,S605/1AJ3A/1AJ3A_relaxed.pdb,0
S605,1AJ3A_L45A,Mut,S605/1AJ3A/1AJ3A_L45A_relaxed.pdb,0
S605,1AJ3A_E25A,WT,S605/1AJ3A/1AJ3A_relaxed.pdb,0
S605,1AJ3A_E25A,Mut,S605/1AJ3A/1AJ3A_E25A_relaxed.pdb,0
S605,1AJ3A_K26A,WT,S605/1AJ3A/1AJ3A_relaxed.pdb,0
S605,1AJ3A_K26A,Mut,S605/1AJ3A/1AJ3A_K26A_relaxed.pdb,0
S605,1AJ3A_K96G,WT,S605/1AJ3A/1AJ3A_relaxed.pdb,0
S605,1AJ3A_K96G,Mut,S605/1AJ3A/1AJ3A_K96G_relaxed.pdb,0
S605,1AJ3A_K47G,WT,S605/1AJ3A/1AJ3A_relaxed.pdb,0
S605,1AJ3A_K47G,Mut,S605/1AJ3A/1AJ3A_K47G_relaxed.pdb,0
S605,1AJ3A_T40A,WT,S605/1AJ3A/1AJ3A_relaxed.pdb,0
S605,1AJ3A_T40A,Mut,S605/1AJ3A/1AJ3A_T40A_relaxed.pdb,0
S605,1AJ3A_V42A,WT,S605/1AJ3A/1AJ3A_relaxed.pdb,0
S605,1AJ3A_V42A,Mut,S605/1AJ3A/1AJ3A_V42A_relaxed.pdb,0
S605,1AJ3A_D93G,WT,S605/1AJ3A/1AJ3A_relaxed.pdb,0
S605,1AJ3A_D93G,Mut,S605/1AJ3A/1AJ3A_D93G_relaxed.pdb,0
S605,1AJ3A_K96A,WT,S605/1AJ3A/1AJ3A_relaxed.pdb,0
S605,1AJ3A_K96A,Mut,S605/1AJ3A/1AJ3A_K96A_relaxed.pdb,0
S605,1AJ3A_Q86G,WT,S605/1AJ3A/1AJ3A_relaxed.pdb,0
S605,1AJ3A_Q86G,Mut,S605/1AJ3A/1AJ3A_Q86G_relaxed.pdb,0
S605,1AJ3A_K47A,WT,S605/1AJ3A/1AJ3A_relaxed.pdb,0
S605,1AJ3A_K47A,Mut,S605/1AJ3A/1AJ3A_K47A_relaxed.pdb,0
S605,1AJ3A_N44G,WT,S605/1AJ3A/1AJ3A_relaxed.pdb,0
S605,1AJ3A_N44G,Mut,S605/1AJ3A/1AJ3A_N44G_relaxed.pdb,0
S605,1AJ3A_D93A,WT,S605/1AJ3A/1AJ3A_relaxed.pdb,0
S605,1AJ3A_D93A,Mut,S605/1AJ3A/1AJ3A_D93A_relaxed.pdb,0
S605,1AJ3A_Q86A,WT,S605/1AJ3A/1AJ3A_relaxed.pdb,0
S605,1AJ3A_Q86A,Mut,S605/1AJ3A/1AJ3A_Q86A_relaxed.pdb,0
S605,1AJ3A_H10A,WT,S605/1AJ3A/1AJ3A_relaxed.pdb,0
S605,1AJ3A_H10A,Mut,S605/1AJ3A/1AJ3A_H10A_relaxed.pdb,0
S605,1AJ3A_P61A,WT,S605/1AJ3A/1AJ3A_relaxed.pdb,0
S605,1AJ3A_P61A,Mut,S605/1AJ3A/1AJ3A_P61A_relaxed.pdb,0
S605,1AJ3A_Q107A,WT,S605/1AJ3A/1AJ3A_relaxed.pdb,0
S605,1AJ3A_Q107A,Mut,S605/1AJ3A/1AJ3A_Q107A_relaxed.pdb,0
S605,1AJ3A_Q107G,WT,S605/1AJ3A/1AJ3A_relaxed.pdb,0
S605,1AJ3A_Q107G,Mut,S605/1AJ3A/1AJ3A_Q107G_relaxed.pdb,0
S605,1APSA_I75V,WT,S605/1APSA/1APSA_relaxed.pdb,0
S605,1APSA_I75V,Mut,S605/1APSA/1APSA_I75V_relaxed.pdb,0
S605,1APSA_E29D,WT,S605/1APSA/1APSA_relaxed.pdb,0
S605,1APSA_E29D,Mut,S605/1APSA/1APSA_E29D_relaxed.pdb,0
S605,1APSA_P54A,WT,S605/1APSA/1APSA_relaxed.pdb,0
S605,1APSA_P54A,Mut,S605/1APSA/1APSA_P54A_relaxed.pdb,0
S605,1APSA_M61A,WT,S605/1APSA/1APSA_relaxed.pdb,0
S605,1APSA_M61A,Mut,S605/1APSA/1APSA_M61A_relaxed.pdb,0
S605,1APSA_L65V,WT,S605/1APSA/1APSA_relaxed.pdb,0
S605,1APSA_L65V,Mut,S605/1APSA/1APSA_L65V_relaxed.pdb,0
S605,1APSA_P71A,WT,S605/1APSA/1APSA_relaxed.pdb,0
S605,1APSA_P71A,Mut,S605/1APSA/1APSA_P71A_relaxed.pdb,0
S605,1APSA_F94L,WT,S605/1APSA/1APSA_relaxed.pdb,0
S605,1APSA_F94L,Mut,S605/1APSA/1APSA_F94L_relaxed.pdb,0
S605,1B5MA_D60R,WT,S605/1B5MA/1B5MA_relaxed.pdb,0
S605,1B5MA_D60R,Mut,S605/1B5MA/1B5MA_D60R_relaxed.pdb,0
S605,1B5MA_P81A,WT,S605/1B5MA/1B5MA_relaxed.pdb,0
S605,1B5MA_P81A,Mut,S605/1B5MA/1B5MA_P81A_relaxed.pdb,0
S605,1BNIA_I76T,WT,S605/1BNIA/1BNIA_relaxed.pdb,0
S605,1BNIA_I76T,Mut,S605/1BNIA/1BNIA_I76T_relaxed.pdb,0
S605,1BNIA_Y17G,WT,S605/1BNIA/1BNIA_relaxed.pdb,0
S605,1BNIA_Y17G,Mut,S605/1BNIA/1BNIA_Y17G_relaxed.pdb,0
S605,1BNIA_K27A,WT,S605/1BNIA/1BNIA_relaxed.pdb,0
S605,1BNIA_K27A,Mut,S605/1BNIA/1BNIA_K27A_relaxed.pdb,0
S605,1BNIA_D12G,WT,S605/1BNIA/1BNIA_relaxed.pdb,0
S605,1BNIA_D12G,Mut,S605/1BNIA/1BNIA_D12G_relaxed.pdb,0
S605,1BNIA_D12A,WT,S605/1BNIA/1BNIA_relaxed.pdb,0
S605,1BNIA_D12A,Mut,S605/1BNIA/1BNIA_D12A_relaxed.pdb,0
S605,1BNIA_R59A,WT,S605/1BNIA/1BNIA_relaxed.pdb,0
S605,1BNIA_R59A,Mut,S605/1BNIA/1BNIA_R59A_relaxed.pdb,0
S605,1BNIA_Y13G,WT,S605/1BNIA/1BNIA_relaxed.pdb,0
S605,1BNIA_Y13G,Mut,S605/1BNIA/1BNIA_Y13G_relaxed.pdb,0
S605,1BNIA_Q15G,WT,S605/1BNIA/1BNIA_relaxed.pdb,0
S605,1BNIA_Q15G,Mut,S605/1BNIA/1BNIA_Q15G_relaxed.pdb,0
S605,1BNIA_Q15A,WT,S605/1BNIA/1BNIA_relaxed.pdb,0
S605,1BNIA_Q15A,Mut,S605/1BNIA/1BNIA_Q15A_relaxed.pdb,0
S605,1BNIA_I55G,WT,S605/1BNIA/1BNIA_relaxed.pdb,0
S605,1BNIA_I55G,Mut,S605/1BNIA/1BNIA_I55G_relaxed.pdb,0
S605,1BNIA_R72G,WT,S605/1BNIA/1BNIA_relaxed.pdb,0
S605,1BNIA_R72G,Mut,S605/1BNIA/1BNIA_R72G_relaxed.pdb,0
S605,1BNIA_E73G,WT,S605/1BNIA/1BNIA_relaxed.pdb,0
S605,1BNIA_E73G,Mut,S605/1BNIA/1BNIA_E73G_relaxed.pdb,0
S605,1BNIA_I88G,WT,S605/1BNIA/1BNIA_relaxed.pdb,0
S605,1BNIA_I88G,Mut,S605/1BNIA/1BNIA_I88G_relaxed.pdb,0
S605,1BNIA_L89G,WT,S605/1BNIA/1BNIA_relaxed.pdb,0
S605,1BNIA_L89G,Mut,S605/1BNIA/1BNIA_L89G_relaxed.pdb,0
S605,1BNIA_L95G,WT,S605/1BNIA/1BNIA_relaxed.pdb,0
S605,1BNIA_L95G,Mut,S605/1BNIA/1BNIA_L95G_relaxed.pdb,0
S605,1BNIA_I96G,WT,S605/1BNIA/1BNIA_relaxed.pdb,0
S605,1BNIA_I96G,Mut,S605/1BNIA/1BNIA_I96G_relaxed.pdb,0
S605,1BNIA_Y97G,WT,S605/1BNIA/1BNIA_relaxed.pdb,0
S605,1BNIA_Y97G,Mut,S605/1BNIA/1BNIA_Y97G_relaxed.pdb,0
S605,1BNIA_T100G,WT,S605/1BNIA/1BNIA_relaxed.pdb,0
S605,1BNIA_T100G,Mut,S605/1BNIA/1BNIA_T100G_relaxed.pdb,0
S605,1BNLA_D76A,WT,S605/1BNLA/1BNLA_relaxed.pdb,0
S605,1BNLA_D76A,Mut,S605/1BNLA/1BNLA_D76A_relaxed.pdb,0
S605,1BPIA_P13A,WT,S605/1BPIA/1BPIA_relaxed.pdb,0
S605,1BPIA_P13A,Mut,S605/1BPIA/1BPIA_P13A_relaxed.pdb,0
S605,1BPIA_P13S,WT,S605/1BPIA/1BPIA_relaxed.pdb,0
S605,1BPIA_P13S,Mut,S605/1BPIA/1BPIA_P13S_relaxed.pdb,0
S605,1BPIA_A16T,WT,S605/1BPIA/1BPIA_relaxed.pdb,0
S605,1BPIA_A16T,Mut,S605/1BPIA/1BPIA_A16T_relaxed.pdb,0
S605,1BPIA_A16V,WT,S605/1BPIA/1BPIA_relaxed.pdb,0
S605,1BPIA_A16V,Mut,S605/1BPIA/1BPIA_A16V_relaxed.pdb,0
S605,1BPIA_Y35D,WT,S605/1BPIA/1BPIA_relaxed.pdb,0
S605,1BPIA_Y35D,Mut,S605/1BPIA/1BPIA_Y35D_relaxed.pdb,0
S605,1BPIA_Y35L,WT,S605/1BPIA/1BPIA_relaxed.pdb,0
S605,1BPIA_Y35L,Mut,S605/1BPIA/1BPIA_Y35L_relaxed.pdb,0
S605,1BTAA_K60E,WT,S605/1BTAA/1BTAA_relaxed.pdb,0
S605,1BTAA_K60E,Mut,S605/1BTAA/1BTAA_K60E_relaxed.pdb,0
S605,1BTAA_K22Q,WT,S605/1BTAA/1BTAA_relaxed.pdb,0
S605,1BTAA_K22Q,Mut,S605/1BTAA/1BTAA_K22Q_relaxed.pdb,0
S605,1BTAA_R75L,WT,S605/1BTAA/1BTAA_relaxed.pdb,0
S605,1BTAA_R75L,Mut,S605/1BTAA/1BTAA_R75L_relaxed.pdb,0
S605,1BVCA_I28A,WT,S605/1BVCA/1BVCA_relaxed.pdb,0
S605,1BVCA_I28A,Mut,S605/1BVCA/1BVCA_I28A_relaxed.pdb,0
S605,1BVCA_I30A,WT,S605/1BVCA/1BVCA_relaxed.pdb,0
S605,1BVCA_I30A,Mut,S605/1BVCA/1BVCA_I30A_relaxed.pdb,0
S605,1BVCA_L32A,WT,S605/1BVCA/1BVCA_relaxed.pdb,0
S605,1BVCA_L32A,Mut,S605/1BVCA/1BVCA_L32A_relaxed.pdb,0
S605,1BVCA_L29A,WT,S605/1BVCA/1BVCA_relaxed.pdb,0
S605,1BVCA_L29A,Mut,S605/1BVCA/1BVCA_L29A_relaxed.pdb,0
S605,1BVCA_L11A,WT,S605/1BVCA/1BVCA_relaxed.pdb,0
S605,1BVCA_L11A,Mut,S605/1BVCA/1BVCA_L11A_relaxed.pdb,0
S605,1BVCA_V13A,WT,S605/1BVCA/1BVCA_relaxed.pdb,0
S605,1BVCA_V13A,Mut,S605/1BVCA/1BVCA_V13A_relaxed.pdb,0
S605,1BVCA_A15L,WT,S605/1BVCA/1BVCA_relaxed.pdb,0
S605,1BVCA_A15L,Mut,S605/1BVCA/1BVCA_A15L_relaxed.pdb,0
S605,1BVCA_F106A,WT,S605/1BVCA/1BVCA_relaxed.pdb,0
S605,1BVCA_F106A,Mut,S605/1BVCA/1BVCA_F106A_relaxed.pdb,0
S605,1BVCA_L115A,WT,S605/1BVCA/1BVCA_relaxed.pdb,0
S605,1BVCA_L115A,Mut,S605/1BVCA/1BVCA_L115A_relaxed.pdb,0
S605,1BVCA_F123A,WT,S605/1BVCA/1BVCA_relaxed.pdb,0
S605,1BVCA_F123A,Mut,S605/1BVCA/1BVCA_F123A_relaxed.pdb,0
S605,1BVCA_A125L,WT,S605/1BVCA/1BVCA_relaxed.pdb,0
S605,1BVCA_A125L,Mut,S605/1BVCA/1BVCA_A125L_relaxed.pdb,0
S605,1BVCA_L135A,WT,S605/1BVCA/1BVCA_relaxed.pdb,0
S605,1BVCA_L135A,Mut,S605/1BVCA/1BVCA_L135A_relaxed.pdb,0
S605,1BVCA_L137A,WT,S605/1BVCA/1BVCA_relaxed.pdb,0
S605,1BVCA_L137A,Mut,S605/1BVCA/1BVCA_L137A_relaxed.pdb,0
S605,1BVCA_A144L,WT,S605/1BVCA/1BVCA_relaxed.pdb,0
S605,1BVCA_A144L,Mut,S605/1BVCA/1BVCA_A144L_relaxed.pdb,0
S605,1CEYA_A88G,WT,S605/1CEYA/1CEYA_relaxed.pdb,0
S605,1CEYA_A88G,Mut,S605/1CEYA/1CEYA_A88G_relaxed.pdb,0
S605,1CEYA_A77G,WT,S605/1CEYA/1CEYA_relaxed.pdb,0
S605,1CEYA_A77G,Mut,S605/1CEYA/1CEYA_A77G_relaxed.pdb,0
S605,1CEYA_A80G,WT,S605/1CEYA/1CEYA_relaxed.pdb,0
S605,1CEYA_A80G,Mut,S605/1CEYA/1CEYA_A80G_relaxed.pdb,0
S605,1CEYA_F14N,WT,S605/1CEYA/1CEYA_relaxed.pdb,0
S605,1CEYA_F14N,Mut,S605/1CEYA/1CEYA_F14N_relaxed.pdb,0
S605,1CSPA_F27A,WT,S605/1CSPA/1CSPA_relaxed.pdb,0
S605,1CSPA_F27A,Mut,S605/1CSPA/1CSPA_F27A_relaxed.pdb,0
S605,1CSPA_F17A,WT,S605/1CSPA/1CSPA_relaxed.pdb,0
S605,1CSPA_F17A,Mut,S605/1CSPA/1CSPA_F17A_relaxed.pdb,0
S605,1CSPA_F15A,WT,S605/1CSPA/1CSPA_relaxed.pdb,0
S605,1CSPA_F15A,Mut,S605/1CSPA/1CSPA_F15A_relaxed.pdb,0
S605,1CSPA_F38A,WT,S605/1CSPA/1CSPA_relaxed.pdb,0
S605,1CSPA_F38A,Mut,S605/1CSPA/1CSPA_F38A_relaxed.pdb,0
S605,1CSPA_E66L,WT,S605/1CSPA/1CSPA_relaxed.pdb,0
S605,1CSPA_E66L,Mut,S605/1CSPA/1CSPA_E66L_relaxed.pdb,0
S605,1CSPA_E3R,WT,S605/1CSPA/1CSPA_relaxed.pdb,0
S605,1CSPA_E3R,Mut,S605/1CSPA/1CSPA_E3R_relaxed.pdb,0
S605,1CYOA_S71L,WT,S605/1CYOA/1CYOA_relaxed.pdb,0
S605,1CYOA_S71L,Mut,S605/1CYOA/1CYOA_S71L_relaxed.pdb,0
S605,1DILA_A53L,WT,S605/1DILA/1DILA_relaxed.pdb,0
S605,1DILA_A53L,Mut,S605/1DILA/1DILA_A53L_relaxed.pdb,0
S605,1DILA_A69V,WT,S605/1DILA/1DILA_relaxed.pdb,0
S605,1DILA_A69V,Mut,S605/1DILA/1DILA_A69V_relaxed.pdb,0
S605,1DIVA_M1G,WT,S605/1DIVA/1DIVA_relaxed.pdb,0
S605,1DIVA_M1G,Mut,S605/1DIVA/1DIVA_M1G_relaxed.pdb,0
S605,1DIVA_M1A,WT,S605/1DIVA/1DIVA_relaxed.pdb,0
S605,1DIVA_M1A,Mut,S605/1DIVA/1DIVA_M1A_relaxed.pdb,0
S605,1DIVA_V3I,WT,S605/1DIVA/1DIVA_relaxed.pdb,0
S605,1DIVA_V3I,Mut,S605/1DIVA/1DIVA_V3I_relaxed.pdb,0
S605,1DIVA_V3L,WT,S605/1DIVA/1DIVA_relaxed.pdb,0
S605,1DIVA_V3L,Mut,S605/1DIVA/1DIVA_V3L_relaxed.pdb,0
S605,1DIVA_V3A,WT,S605/1DIVA/1DIVA_relaxed.pdb,0
S605,1DIVA_V3A,Mut,S605/1DIVA/1DIVA_V3A_relaxed.pdb,0
S605,1DIVA_I4V,WT,S605/1DIVA/1DIVA_relaxed.pdb,0
S605,1DIVA_I4V,Mut,S605/1DIVA/1DIVA_I4V_relaxed.pdb,0
S605,1DIVA_I4A,WT,S605/1DIVA/1DIVA_relaxed.pdb,0
S605,1DIVA_I4A,Mut,S605/1DIVA/1DIVA_I4A_relaxed.pdb,0
S605,1DIVA_L6I,WT,S605/1DIVA/1DIVA_relaxed.pdb,0
S605,1DIVA_L6I,Mut,S605/1DIVA/1DIVA_L6I_relaxed.pdb,0
S605,1DIVA_L6V,WT,S605/1DIVA/1DIVA_relaxed.pdb,0
S605,1DIVA_L6V,Mut,S605/1DIVA/1DIVA_L6V_relaxed.pdb,0
S605,1DIVA_L6A,WT,S605/1DIVA/1DIVA_relaxed.pdb,0
S605,1DIVA_L6A,Mut,S605/1DIVA/1DIVA_L6A_relaxed.pdb,0
S605,1DIVA_K7M,WT,S605/1DIVA/1DIVA_relaxed.pdb,0
S605,1DIVA_K7M,Mut,S605/1DIVA/1DIVA_K7M_relaxed.pdb,0
S605,1DIVA_D8N,WT,S605/1DIVA/1DIVA_relaxed.pdb,0
S605,1DIVA_D8N,Mut,S605/1DIVA/1DIVA_D8N_relaxed.pdb,0
S605,1DIVA_K10M,WT,S605/1DIVA/1DIVA_relaxed.pdb,0
S605,1DIVA_K10M,Mut,S605/1DIVA/1DIVA_K10M_relaxed.pdb,0
S605,1DIVA_K12M,WT,S605/1DIVA/1DIVA_relaxed.pdb,0
S605,1DIVA_K12M,Mut,S605/1DIVA/1DIVA_K12M_relaxed.pdb,0
S605,1DIVA_K14M,WT,S605/1DIVA/1DIVA_relaxed.pdb,0
S605,1DIVA_K14M,Mut,S605/1DIVA/1DIVA_K14M_relaxed.pdb,0
S605,1DIVA_K15M,WT,S605/1DIVA/1DIVA_relaxed.pdb,0
S605,1DIVA_K15M,Mut,S605/1DIVA/1DIVA_K15M_relaxed.pdb,0
S605,1DIVA_E17Q,WT,S605/1DIVA/1DIVA_relaxed.pdb,0
S605,1DIVA_E17Q,Mut,S605/1DIVA/1DIVA_E17Q_relaxed.pdb,0
S605,1DIVA_V21I,WT,S605/1DIVA/1DIVA_relaxed.pdb,0
S605,1DIVA_V21I,Mut,S605/1DIVA/1DIVA_V21I_relaxed.pdb,0
S605,1DIVA_V21L,WT,S605/1DIVA/1DIVA_relaxed.pdb,0
S605,1DIVA_V21L,Mut,S605/1DIVA/1DIVA_V21L_relaxed.pdb,0
S605,1DIVA_V21A,WT,S605/1DIVA/1DIVA_relaxed.pdb,0
S605,1DIVA_V21A,Mut,S605/1DIVA/1DIVA_V21A_relaxed.pdb,0
S605,1DIVA_D23N,WT,S605/1DIVA/1DIVA_relaxed.pdb,0
S605,1DIVA_D23N,Mut,S605/1DIVA/1DIVA_D23N_relaxed.pdb,0
S605,1DIVA_D23A,WT,S605/1DIVA/1DIVA_relaxed.pdb,0
S605,1DIVA_D23A,Mut,S605/1DIVA/1DIVA_D23A_relaxed.pdb,0
S605,1DIVA_L30V,WT,S605/1DIVA/1DIVA_relaxed.pdb,0
S605,1DIVA_L30V,Mut,S605/1DIVA/1DIVA_L30V_relaxed.pdb,0
S605,1DIVA_L30A,WT,S605/1DIVA/1DIVA_relaxed.pdb,0
S605,1DIVA_L30A,Mut,S605/1DIVA/1DIVA_L30A_relaxed.pdb,0
S605,1DIVA_E38Q,WT,S605/1DIVA/1DIVA_relaxed.pdb,0
S605,1DIVA_E38Q,Mut,S605/1DIVA/1DIVA_E38Q_relaxed.pdb,0
S605,1DIVA_E48Q,WT,S605/1DIVA/1DIVA_relaxed.pdb,0
S605,1DIVA_E48Q,Mut,S605/1DIVA/1DIVA_E48Q_relaxed.pdb,0
S605,1DIVA_E54Q,WT,S605/1DIVA/1DIVA_relaxed.pdb,0
S605,1DIVA_E54Q,Mut,S605/1DIVA/1DIVA_E54Q_relaxed.pdb,0
S605,1DIVA_H106Q,WT,S605/1DIVA/1DIVA_relaxed.pdb,0
S605,1DIVA_H106Q,Mut,S605/1DIVA/1DIVA_H106Q_relaxed.pdb,0
S605,1DIVA_H134Q,WT,S605/1DIVA/1DIVA_relaxed.pdb,0
S605,1DIVA_H134Q,Mut,S605/1DIVA/1DIVA_H134Q_relaxed.pdb,0
S605,1DIVA_H144Q,WT,S605/1DIVA/1DIVA_relaxed.pdb,0
S605,1DIVA_H144Q,Mut,S605/1DIVA/1DIVA_H144Q_relaxed.pdb,0
S605,1FLVA_F7L,WT,S605/1FLVA/1FLVA_relaxed.pdb,0
S605,1FLVA_F7L,Mut,S605/1FLVA/1FLVA_F7L_relaxed.pdb,0
S605,1FLVA_V18I,WT,S605/1FLVA/1FLVA_relaxed.pdb,0
S605,1FLVA_V18I,Mut,S605/1FLVA/1FLVA_V18I_relaxed.pdb,0
S605,1FLVA_V18L,WT,S605/1FLVA/1FLVA_relaxed.pdb,0
S605,1FLVA_V18L,Mut,S605/1FLVA/1FLVA_V18L_relaxed.pdb,0
S605,1FLVA_H34A,WT,S605/1FLVA/1FLVA_relaxed.pdb,0
S605,1FLVA_H34A,Mut,S605/1FLVA/1FLVA_H34A_relaxed.pdb,0
S605,1FLVA_Y47F,WT,S605/1FLVA/1FLVA_relaxed.pdb,0
S605,1FLVA_Y47F,Mut,S605/1FLVA/1FLVA_Y47F_relaxed.pdb,0
S605,1FLVA_V83I,WT,S605/1FLVA/1FLVA_relaxed.pdb,0
S605,1FLVA_V83I,Mut,S605/1FLVA/1FLVA_V83I_relaxed.pdb,0
S605,1FLVA_G87A,WT,S605/1FLVA/1FLVA_relaxed.pdb,0
S605,1FLVA_G87A,Mut,S605/1FLVA/1FLVA_G87A_relaxed.pdb,0
S605,1FLVA_G87V,WT,S605/1FLVA/1FLVA_relaxed.pdb,0
S605,1FLVA_G87V,Mut,S605/1FLVA/1FLVA_G87V_relaxed.pdb,0
S605,1FLVA_G87L,WT,S605/1FLVA/1FLVA_relaxed.pdb,0
S605,1FLVA_G87L,Mut,S605/1FLVA/1FLVA_G87L_relaxed.pdb,0
S605,1FLVA_A101V,WT,S605/1FLVA/1FLVA_relaxed.pdb,0
S605,1FLVA_A101V,Mut,S605/1FLVA/1FLVA_A101V_relaxed.pdb,0
S605,1FLVA_A101L,WT,S605/1FLVA/1FLVA_relaxed.pdb,0
S605,1FLVA_A101L,Mut,S605/1FLVA/1FLVA_A101L_relaxed.pdb,0
S605,1FNFA_L1408P,WT,S605/1FNFA/1FNFA_relaxed.pdb,0
S605,1FNFA_L1408P,Mut,S605/1FNFA/1FNFA_L1408P_relaxed.pdb,0
S605,1FTGA_L143A,WT,S605/1FTGA/1FTGA_relaxed.pdb,0
S605,1FTGA_L143A,Mut,S605/1FTGA/1FTGA_L143A_relaxed.pdb,0
S605,1FTGA_L6A,WT,S605/1FTGA/1FTGA_relaxed.pdb,0
S605,1FTGA_L6A,Mut,S605/1FTGA/1FTGA_L6A_relaxed.pdb,0
S605,1FTGA_V139A,WT,S605/1FTGA/1FTGA_relaxed.pdb,0
S605,1FTGA_V139A,Mut,S605/1FTGA/1FTGA_V139A_relaxed.pdb,0
S605,1FTGA_V31A,WT,S605/1FTGA/1FTGA_relaxed.pdb,0
S605,1FTGA_V31A,Mut,S605/1FTGA/1FTGA_V31A_relaxed.pdb,0
S605,1FTGA_V117A,WT,S605/1FTGA/1FTGA_relaxed.pdb,0
S605,1FTGA_V117A,Mut,S605/1FTGA/1FTGA_V117A_relaxed.pdb,0
S605,1FTGA_V160A,WT,S605/1FTGA/1FTGA_relaxed.pdb,0
S605,1FTGA_V160A,Mut,S605/1FTGA/1FTGA_V160A_relaxed.pdb,0
S605,1FTGA_I52V,WT,S605/1FTGA/1FTGA_relaxed.pdb,0
S605,1FTGA_I52V,Mut,S605/1FTGA/1FTGA_I52V_relaxed.pdb,0
S605,1FTGA_I156V,WT,S605/1FTGA/1FTGA_relaxed.pdb,0
S605,1FTGA_I156V,Mut,S605/1FTGA/1FTGA_I156V_relaxed.pdb,0
S605,1FTGA_I104V,WT,S605/1FTGA/1FTGA_relaxed.pdb,0
S605,1FTGA_I104V,Mut,S605/1FTGA/1FTGA_I104V_relaxed.pdb,0
S605,1FTGA_A84G,WT,S605/1FTGA/1FTGA_relaxed.pdb,0
S605,1FTGA_A84G,Mut,S605/1FTGA/1FTGA_A84G_relaxed.pdb,0
S605,1FTGA_I51V,WT,S605/1FTGA/1FTGA_relaxed.pdb,0
S605,1FTGA_I51V,Mut,S605/1FTGA/1FTGA_I51V_relaxed.pdb,0
S605,1FTGA_T122S,WT,S605/1FTGA/1FTGA_relaxed.pdb,0
S605,1FTGA_T122S,Mut,S605/1FTGA/1FTGA_T122S_relaxed.pdb,0
S605,1FTGA_S110A,WT,S605/1FTGA/1FTGA_relaxed.pdb,0
S605,1FTGA_S110A,Mut,S605/1FTGA/1FTGA_S110A_relaxed.pdb,0
S605,1FTGA_S71A,WT,S605/1FTGA/1FTGA_relaxed.pdb,0
S605,1FTGA_S71A,Mut,S605/1FTGA/1FTGA_S71A_relaxed.pdb,0
S605,1FTGA_N97A,WT,S605/1FTGA/1FTGA_relaxed.pdb,0
S605,1FTGA_N97A,Mut,S605/1FTGA/1FTGA_N97A_relaxed.pdb,0
S605,1FTGA_D43A,WT,S605/1FTGA/1FTGA_relaxed.pdb,0
S605,1FTGA_D43A,Mut,S605/1FTGA/1FTGA_D43A_relaxed.pdb,0
S605,1FTGA_D65K,WT,S605/1FTGA/1FTGA_relaxed.pdb,0
S605,1FTGA_D65K,Mut,S605/1FTGA/1FTGA_D65K_relaxed.pdb,0
S605,1FTGA_D126K,WT,S605/1FTGA/1FTGA_relaxed.pdb,0
S605,1FTGA_D126K,Mut,S605/1FTGA/1FTGA_D126K_relaxed.pdb,0
S605,1FTGA_D150K,WT,S605/1FTGA/1FTGA_relaxed.pdb,0
S605,1FTGA_D150K,Mut,S605/1FTGA/1FTGA_D150K_relaxed.pdb,0
S605,1FTGA_E61K,WT,S605/1FTGA/1FTGA_relaxed.pdb,0
S605,1FTGA_E61K,Mut,S605/1FTGA/1FTGA_E61K_relaxed.pdb,0
S605,1FTGA_V18I,WT,S605/1FTGA/1FTGA_relaxed.pdb,0
S605,1FTGA_V18I,Mut,S605/1FTGA/1FTGA_V18I_relaxed.pdb,0
S605,1FTGA_I21A,WT,S605/1FTGA/1FTGA_relaxed.pdb,0
S605,1FTGA_I21A,Mut,S605/1FTGA/1FTGA_I21A_relaxed.pdb,0
S605,1FTGA_I21G,WT,S605/1FTGA/1FTGA_relaxed.pdb,0
S605,1FTGA_I21G,Mut,S605/1FTGA/1FTGA_I21G_relaxed.pdb,0
S605,1FTGA_L50A,WT,S605/1FTGA/1FTGA_relaxed.pdb,0
S605,1FTGA_L50A,Mut,S605/1FTGA/1FTGA_L50A_relaxed.pdb,0
S605,1FTGA_G68A,WT,S605/1FTGA/1FTGA_relaxed.pdb,0
S605,1FTGA_G68A,Mut,S605/1FTGA/1FTGA_G68A_relaxed.pdb,0
S605,1FTGA_V83I,WT,S605/1FTGA/1FTGA_relaxed.pdb,0
S605,1FTGA_V83I,Mut,S605/1FTGA/1FTGA_V83I_relaxed.pdb,0
S605,1FTGA_A101V,WT,S605/1FTGA/1FTGA_relaxed.pdb,0
S605,1FTGA_A101V,Mut,S605/1FTGA/1FTGA_A101V_relaxed.pdb,0
S605,1FTGA_E107A,WT,S605/1FTGA/1FTGA_relaxed.pdb,0
S605,1FTGA_E107A,Mut,S605/1FTGA/1FTGA_E107A_relaxed.pdb,0
S605,1FTGA_Q111G,WT,S605/1FTGA/1FTGA_relaxed.pdb,0
S605,1FTGA_Q111G,Mut,S605/1FTGA/1FTGA_Q111G_relaxed.pdb,0
S605,1HMEA_G35H,WT,S605/1HMEA/1HMEA_relaxed.pdb,0
S605,1HMEA_G35H,Mut,S605/1HMEA/1HMEA_G35H_relaxed.pdb,0
S605,1HNGA_L16V,WT,S605/1HNGA/1HNGA_relaxed.pdb,0
S605,1HNGA_L16V,Mut,S605/1HNGA/1HNGA_L16V_relaxed.pdb,0
S605,1HNGA_I18V,WT,S605/1HNGA/1HNGA_relaxed.pdb,0
S605,1HNGA_I18V,Mut,S605/1HNGA/1HNGA_I18V_relaxed.pdb,0
S605,1HNGA_V30A,WT,S605/1HNGA/1HNGA_relaxed.pdb,0
S605,1HNGA_V30A,Mut,S605/1HNGA/1HNGA_V30A_relaxed.pdb,0
S605,1HNGA_A40G,WT,S605/1HNGA/1HNGA_relaxed.pdb,0
S605,1HNGA_A40G,Mut,S605/1HNGA/1HNGA_A40G_relaxed.pdb,0
S605,1HNGA_L50V,WT,S605/1HNGA/1HNGA_relaxed.pdb,0
S605,1HNGA_L50V,Mut,S605/1HNGA/1HNGA_L50V_relaxed.pdb,0
S605,1HNGA_I57V,WT,S605/1HNGA/1HNGA_relaxed.pdb,0
S605,1HNGA_I57V,Mut,S605/1HNGA/1HNGA_I57V_relaxed.pdb,0
S605,1HNGA_Y76F,WT,S605/1HNGA/1HNGA_relaxed.pdb,0
S605,1HNGA_Y76F,Mut,S605/1HNGA/1HNGA_Y76F_relaxed.pdb,0
S605,1HNGA_V78A,WT,S605/1HNGA/1HNGA_relaxed.pdb,0
S605,1HNGA_V78A,Mut,S605/1HNGA/1HNGA_V78A_relaxed.pdb,0
S605,1HNGA_L89V,WT,S605/1HNGA/1HNGA_relaxed.pdb,0
S605,1HNGA_L89V,Mut,S605/1HNGA/1HNGA_L89V_relaxed.pdb,0
S605,1HNGA_L95V,WT,S605/1HNGA/1HNGA_relaxed.pdb,0
S605,1HNGA_L95V,Mut,S605/1HNGA/1HNGA_L95V_relaxed.pdb,0
S605,1HZ6A_V4A,WT,S605/1HZ6A/1HZ6A_relaxed.pdb,0
S605,1HZ6A_V4A,Mut,S605/1HZ6A/1HZ6A_V4A_relaxed.pdb,0
S605,1HZ6A_T5A,WT,S605/1HZ6A/1HZ6A_relaxed.pdb,0
S605,1HZ6A_T5A,Mut,S605/1HZ6A/1HZ6A_T5A_relaxed.pdb,0
S605,1HZ6A_I6A,WT,S605/1HZ6A/1HZ6A_relaxed.pdb,0
S605,1HZ6A_I6A,Mut,S605/1HZ6A/1HZ6A_I6A_relaxed.pdb,0
S605,1HZ6A_K7A,WT,S605/1HZ6A/1HZ6A_relaxed.pdb,0
S605,1HZ6A_K7A,Mut,S605/1HZ6A/1HZ6A_K7A_relaxed.pdb,0
S605,1HZ6A_A8G,WT,S605/1HZ6A/1HZ6A_relaxed.pdb,0
S605,1HZ6A_A8G,Mut,S605/1HZ6A/1HZ6A_A8G_relaxed.pdb,0
S605,1HZ6A_N9A,WT,S605/1HZ6A/1HZ6A_relaxed.pdb,0
S605,1HZ6A_N9A,Mut,S605/1HZ6A/1HZ6A_N9A_relaxed.pdb,0
S605,1HZ6A_L10A,WT,S605/1HZ6A/1HZ6A_relaxed.pdb,0
S605,1HZ6A_L10A,Mut,S605/1HZ6A/1HZ6A_L10A_relaxed.pdb,0
S605,1HZ6A_I11A,WT,S605/1HZ6A/1HZ6A_relaxed.pdb,0
S605,1HZ6A_I11A,Mut,S605/1HZ6A/1HZ6A_I11A_relaxed.pdb,0
S605,1HZ6A_I11V,WT,S605/1HZ6A/1HZ6A_relaxed.pdb,0
S605,1HZ6A_I11V,Mut,S605/1HZ6A/1HZ6A_I11V_relaxed.pdb,0
S605,1HZ6A_F12A,WT,S605/1HZ6A/1HZ6A_relaxed.pdb,0
S605,1HZ6A_F12A,Mut,S605/1HZ6A/1HZ6A_F12A_relaxed.pdb,0
S605,1HZ6A_F12L,WT,S605/1HZ6A/1HZ6A_relaxed.pdb,0
S605,1HZ6A_F12L,Mut,S605/1HZ6A/1HZ6A_F12L_relaxed.pdb,0
S605,1HZ6A_A13P,WT,S605/1HZ6A/1HZ6A_relaxed.pdb,0
S605,1HZ6A_A13P,Mut,S605/1HZ6A/1HZ6A_A13P_relaxed.pdb,0
S605,1HZ6A_A13V,WT,S605/1HZ6A/1HZ6A_relaxed.pdb,0
S605,1HZ6A_A13V,Mut,S605/1HZ6A/1HZ6A_A13V_relaxed.pdb,0
S605,1HZ6A_N14A,WT,S605/1HZ6A/1HZ6A_relaxed.pdb,0
S605,1HZ6A_N14A,Mut,S605/1HZ6A/1HZ6A_N14A_relaxed.pdb,0
S605,1HZ6A_G15A,WT,S605/1HZ6A/1HZ6A_relaxed.pdb,0
S605,1HZ6A_G15A,Mut,S605/1HZ6A/1HZ6A_G15A_relaxed.pdb,0
S605,1HZ6A_G15V,WT,S605/1HZ6A/1HZ6A_relaxed.pdb,0
S605,1HZ6A_G15V,Mut,S605/1HZ6A/1HZ6A_G15V_relaxed.pdb,0
S605,1HZ6A_S16A,WT,S605/1HZ6A/1HZ6A_relaxed.pdb,0
S605,1HZ6A_S16A,Mut,S605/1HZ6A/1HZ6A_S16A_relaxed.pdb,0
S605,1HZ6A_T17A,WT,S605/1HZ6A/1HZ6A_relaxed.pdb,0
S605,1HZ6A_T17A,Mut,S605/1HZ6A/1HZ6A_T17A_relaxed.pdb,0
S605,1HZ6A_T19A,WT,S605/1HZ6A/1HZ6A_relaxed.pdb,0
S605,1HZ6A_T19A,Mut,S605/1HZ6A/1HZ6A_T19A_relaxed.pdb,0
S605,1HZ6A_A20G,WT,S605/1HZ6A/1HZ6A_relaxed.pdb,0
S605,1HZ6A_A20G,Mut,S605/1HZ6A/1HZ6A_A20G_relaxed.pdb,0
S605,1HZ6A_A20V,WT,S605/1HZ6A/1HZ6A_relaxed.pdb,0
S605,1HZ6A_A20V,Mut,S605/1HZ6A/1HZ6A_A20V_relaxed.pdb,0
S605,1HZ6A_E21A,WT,S605/1HZ6A/1HZ6A_relaxed.pdb,0
S605,1HZ6A_E21A,Mut,S605/1HZ6A/1HZ6A_E21A_relaxed.pdb,0
S605,1HZ6A_F22A,WT,S605/1HZ6A/1HZ6A_relaxed.pdb,0
S605,1HZ6A_F22A,Mut,S605/1HZ6A/1HZ6A_F22A_relaxed.pdb,0
S605,1HZ6A_F22L,WT,S605/1HZ6A/1HZ6A_relaxed.pdb,0
S605,1HZ6A_F22L,Mut,S605/1HZ6A/1HZ6A_F22L_relaxed.pdb,0
S605,1HZ6A_K23A,WT,S605/1HZ6A/1HZ6A_relaxed.pdb,0
S605,1HZ6A_K23A,Mut,S605/1HZ6A/1HZ6A_K23A_relaxed.pdb,0
S605,1HZ6A_G24A,WT,S605/1HZ6A/1HZ6A_relaxed.pdb,0
S605,1HZ6A_G24A,Mut,S605/1HZ6A/1HZ6A_G24A_relaxed.pdb,0
S605,1HZ6A_T25A,WT,S605/1HZ6A/1HZ6A_relaxed.pdb,0
S605,1HZ6A_T25A,Mut,S605/1HZ6A/1HZ6A_T25A_relaxed.pdb,0
S605,1HZ6A_F26G,WT,S605/1HZ6A/1HZ6A_relaxed.pdb,0
S605,1HZ6A_F26G,Mut,S605/1HZ6A/1HZ6A_F26G_relaxed.pdb,0
S605,1HZ6A_F26L,WT,S605/1HZ6A/1HZ6A_relaxed.pdb,0
S605,1HZ6A_F26L,Mut,S605/1HZ6A/1HZ6A_F26L_relaxed.pdb,0
S605,1HZ6A_K28G,WT,S605/1HZ6A/1HZ6A_relaxed.pdb,0
S605,1HZ6A_K28G,Mut,S605/1HZ6A/1HZ6A_K28G_relaxed.pdb,0
S605,1HZ6A_A29G,WT,S605/1HZ6A/1HZ6A_relaxed.pdb,0
S605,1HZ6A_A29G,Mut,S605/1HZ6A/1HZ6A_A29G_relaxed.pdb,0
S605,1HZ6A_T30A,WT,S605/1HZ6A/1HZ6A_relaxed.pdb,0
S605,1HZ6A_T30A,Mut,S605/1HZ6A/1HZ6A_T30A_relaxed.pdb,0
S605,1HZ6A_S31A,WT,S605/1HZ6A/1HZ6A_relaxed.pdb,0
S605,1HZ6A_S31A,Mut,S605/1HZ6A/1HZ6A_S31A_relaxed.pdb,0
S605,1HZ6A_S31G,WT,S605/1HZ6A/1HZ6A_relaxed.pdb,0
S605,1HZ6A_S31G,Mut,S605/1HZ6A/1HZ6A_S31G_relaxed.pdb,0
S605,1HZ6A_E32G,WT,S605/1HZ6A/1HZ6A_relaxed.pdb,0
S605,1HZ6A_E32G,Mut,S605/1HZ6A/1HZ6A_E32G_relaxed.pdb,0
S605,1HZ6A_E32I,WT,S605/1HZ6A/1HZ6A_relaxed.pdb,0
S605,1HZ6A_E32I,Mut,S605/1HZ6A/1HZ6A_E32I_relaxed.pdb,0
S605,1HZ6A_A33G,WT,S605/1HZ6A/1HZ6A_relaxed.pdb,0
S605,1HZ6A_A33G,Mut,S605/1HZ6A/1HZ6A_A33G_relaxed.pdb,0
S605,1HZ6A_Y34A,WT,S605/1HZ6A/1HZ6A_relaxed.pdb,0
S605,1HZ6A_Y34A,Mut,S605/1HZ6A/1HZ6A_Y34A_relaxed.pdb,0
S605,1HZ6A_A35G,WT,S605/1HZ6A/1HZ6A_relaxed.pdb,0
S605,1HZ6A_A35G,Mut,S605/1HZ6A/1HZ6A_A35G_relaxed.pdb,0
S605,1HZ6A_Y36A,WT,S605/1HZ6A/1HZ6A_relaxed.pdb,0
S605,1HZ6A_Y36A,Mut,S605/1HZ6A/1HZ6A_Y36A_relaxed.pdb,0
S605,1HZ6A_A37G,WT,S605/1HZ6A/1HZ6A_relaxed.pdb,0
S605,1HZ6A_A37G,Mut,S605/1HZ6A/1HZ6A_A37G_relaxed.pdb,0
S605,1HZ6A_D38A,WT,S605/1HZ6A/1HZ6A_relaxed.pdb,0
S605,1HZ6A_D38A,Mut,S605/1HZ6A/1HZ6A_D38A_relaxed.pdb,0
S605,1HZ6A_D38G,WT,S605/1HZ6A/1HZ6A_relaxed.pdb,0
S605,1HZ6A_D38G,Mut,S605/1HZ6A/1HZ6A_D38G_relaxed.pdb,0
S605,1HZ6A_T39G,WT,S605/1HZ6A/1HZ6A_relaxed.pdb,0
S605,1HZ6A_T39G,Mut,S605/1HZ6A/1HZ6A_T39G_relaxed.pdb,0
S605,1HZ6A_L40A,WT,S605/1HZ6A/1HZ6A_relaxed.pdb,0
S605,1HZ6A_L40A,Mut,S605/1HZ6A/1HZ6A_L40A_relaxed.pdb,0
S605,1HZ6A_K41A,WT,S605/1HZ6A/1HZ6A_relaxed.pdb,0
S605,1HZ6A_K41A,Mut,S605/1HZ6A/1HZ6A_K41A_relaxed.pdb,0
S605,1HZ6A_K42A,WT,S605/1HZ6A/1HZ6A_relaxed.pdb,0
S605,1HZ6A_K42A,Mut,S605/1HZ6A/1HZ6A_K42A_relaxed.pdb,0
S605,1HZ6A_N44A,WT,S605/1HZ6A/1HZ6A_relaxed.pdb,0
S605,1HZ6A_N44A,Mut,S605/1HZ6A/1HZ6A_N44A_relaxed.pdb,0
S605,1HZ6A_G45A,WT,S605/1HZ6A/1HZ6A_relaxed.pdb,0
S605,1HZ6A_G45A,Mut,S605/1HZ6A/1HZ6A_G45A_relaxed.pdb,0
S605,1HZ6A_E46A,WT,S605/1HZ6A/1HZ6A_relaxed.pdb,0
S605,1HZ6A_E46A,Mut,S605/1HZ6A/1HZ6A_E46A_relaxed.pdb,0
S605,1HZ6A_T48A,WT,S605/1HZ6A/1HZ6A_relaxed.pdb,0
S605,1HZ6A_T48A,Mut,S605/1HZ6A/1HZ6A_T48A_relaxed.pdb,0
S605,1HZ6A_V49A,WT,S605/1HZ6A/1HZ6A_relaxed.pdb,0
S605,1HZ6A_V49A,Mut,S605/1HZ6A/1HZ6A_V49A_relaxed.pdb,0
S605,1HZ6A_D50A,WT,S605/1HZ6A/1HZ6A_relaxed.pdb,0
S605,1HZ6A_D50A,Mut,S605/1HZ6A/1HZ6A_D50A_relaxed.pdb,0
S605,1HZ6A_V51A,WT,S605/1HZ6A/1HZ6A_relaxed.pdb,0
S605,1HZ6A_V51A,Mut,S605/1HZ6A/1HZ6A_V51A_relaxed.pdb,0
S605,1HZ6A_A52G,WT,S605/1HZ6A/1HZ6A_relaxed.pdb,0
S605,1HZ6A_A52G,Mut,S605/1HZ6A/1HZ6A_A52G_relaxed.pdb,0
S605,1HZ6A_K54A,WT,S605/1HZ6A/1HZ6A_relaxed.pdb,0
S605,1HZ6A_K54A,Mut,S605/1HZ6A/1HZ6A_K54A_relaxed.pdb,0
S605,1HZ6A_G55A,WT,S605/1HZ6A/1HZ6A_relaxed.pdb,0
S605,1HZ6A_G55A,Mut,S605/1HZ6A/1HZ6A_G55A_relaxed.pdb,0
S605,1HZ6A_Y56A,WT,S605/1HZ6A/1HZ6A_relaxed.pdb,0
S605,1HZ6A_Y56A,Mut,S605/1HZ6A/1HZ6A_Y56A_relaxed.pdb,0
S605,1IFBA_W6Y,WT,S605/1IFBA/1IFBA_relaxed.pdb,0
S605,1IFBA_W6Y,Mut,S605/1IFBA/1IFBA_W6Y_relaxed.pdb,0
S605,1IFBA_F68A,WT,S605/1IFBA/1IFBA_relaxed.pdb,0
S605,1IFBA_F68A,Mut,S605/1IFBA/1IFBA_F68A_relaxed.pdb,0
S605,1IFBA_W82Y,WT,S605/1IFBA/1IFBA_relaxed.pdb,0
S605,1IFBA_W82Y,Mut,S605/1IFBA/1IFBA_W82Y_relaxed.pdb,0
S605,1IFBA_F93A,WT,S605/1IFBA/1IFBA_relaxed.pdb,0
S605,1IFBA_F93A,Mut,S605/1IFBA/1IFBA_F93A_relaxed.pdb,0
S605,1IGVA_Y13F,WT,S605/1IGVA/1IGVA_relaxed.pdb,0
S605,1IGVA_Y13F,Mut,S605/1IGVA/1IGVA_Y13F_relaxed.pdb,0
S605,1IGVA_F66W,WT,S605/1IGVA/1IGVA_relaxed.pdb,0
S605,1IGVA_F66W,Mut,S605/1IGVA/1IGVA_F66W_relaxed.pdb,0
S605,1IGVA_V70L,WT,S605/1IGVA/1IGVA_relaxed.pdb,0
S605,1IGVA_V70L,Mut,S605/1IGVA/1IGVA_V70L_relaxed.pdb,0
S605,1IGVA_P20G,WT,S605/1IGVA/1IGVA_relaxed.pdb,0
S605,1IGVA_P20G,Mut,S605/1IGVA/1IGVA_P20G_relaxed.pdb,0
S605,1IHBA_F92N,WT,S605/1IHBA/1IHBA_relaxed.pdb,0
S605,1IHBA_F92N,Mut,S605/1IHBA/1IHBA_F92N_relaxed.pdb,0
S605,1IHBA_F71N,WT,S605/1IHBA/1IHBA_relaxed.pdb,0
S605,1IHBA_F71N,Mut,S605/1IHBA/1IHBA_F71N_relaxed.pdb,0
S605,1IHBA_R55V,WT,S605/1IHBA/1IHBA_relaxed.pdb,0
S605,1IHBA_R55V,Mut,S605/1IHBA/1IHBA_R55V_relaxed.pdb,0
S605,1IHBA_F82Q,WT,S605/1IHBA/1IHBA_relaxed.pdb,0
S605,1IHBA_F82Q,Mut,S605/1IHBA/1IHBA_F82Q_relaxed.pdb,0
S605,1IHBA_F37H,WT,S605/1IHBA/1IHBA_relaxed.pdb,0
S605,1IHBA_F37H,Mut,S605/1IHBA/1IHBA_F37H_relaxed.pdb,0
S605,1IOBA_R4Q,WT,S605/1IOBA/1IOBA_relaxed.pdb,0
S605,1IOBA_R4Q,Mut,S605/1IOBA/1IOBA_R4Q_relaxed.pdb,0
S605,1IOBA_R4P,WT,S605/1IOBA/1IOBA_relaxed.pdb,0
S605,1IOBA_R4P,Mut,S605/1IOBA/1IOBA_R4P_relaxed.pdb,0
S605,1IOBA_L6A,WT,S605/1IOBA/1IOBA_relaxed.pdb,0
S605,1IOBA_L6A,Mut,S605/1IOBA/1IOBA_L6A_relaxed.pdb,0
S605,1IOBA_N7G,WT,S605/1IOBA/1IOBA_relaxed.pdb,0
S605,1IOBA_N7G,Mut,S605/1IOBA/1IOBA_N7G_relaxed.pdb,0
S605,1IOBA_N7D,WT,S605/1IOBA/1IOBA_relaxed.pdb,0
S605,1IOBA_N7D,Mut,S605/1IOBA/1IOBA_N7D_relaxed.pdb,0
S605,1IOBA_C8A,WT,S605/1IOBA/1IOBA_relaxed.pdb,0
S605,1IOBA_C8A,Mut,S605/1IOBA/1IOBA_C8A_relaxed.pdb,0
S605,1IOBA_C8S,WT,S605/1IOBA/1IOBA_relaxed.pdb,0
S605,1IOBA_C8S,Mut,S605/1IOBA/1IOBA_C8S_relaxed.pdb,0
S605,1IOBA_L10A,WT,S605/1IOBA/1IOBA_relaxed.pdb,0
S605,1IOBA_L10A,Mut,S605/1IOBA/1IOBA_L10A_relaxed.pdb,0
S605,1LS4A_L17K,WT,S605/1LS4A/1LS4A_relaxed.pdb,0
S605,1LS4A_L17K,Mut,S605/1LS4A/1LS4A_L17K_relaxed.pdb,0
S605,1LS4A_T31A,WT,S605/1LS4A/1LS4A_relaxed.pdb,0
S605,1LS4A_T31A,Mut,S605/1LS4A/1LS4A_T31A_relaxed.pdb,0
S605,1LS4A_A140K,WT,S605/1LS4A/1LS4A_relaxed.pdb,0
S605,1LS4A_A140K,Mut,S605/1LS4A/1LS4A_A140K_relaxed.pdb,0
S605,1LS4A_T144A,WT,S605/1LS4A/1LS4A_relaxed.pdb,0
S605,1LS4A_T144A,Mut,S605/1LS4A/1LS4A_T144A_relaxed.pdb,0
S605,1MGRA_Y84F,WT,S605/1MGRA/1MGRA_relaxed.pdb,0
S605,1MGRA_Y84F,Mut,S605/1MGRA/1MGRA_Y84F_relaxed.pdb,0
S605,1MGRA_Y54F,WT,S605/1MGRA/1MGRA_relaxed.pdb,0
S605,1MGRA_Y54F,Mut,S605/1MGRA/1MGRA_Y54F_relaxed.pdb,0
S605,1MJCA_F31S,WT,S605/1MJCA/1MJCA_relaxed.pdb,0
S605,1MJCA_F31S,Mut,S605/1MJCA/1MJCA_F31S_relaxed.pdb,0
S605,1MJCA_F20S,WT,S605/1MJCA/1MJCA_relaxed.pdb,0
S605,1MJCA_F20S,Mut,S605/1MJCA/1MJCA_F20S_relaxed.pdb,0
S605,1MJCA_S52W,WT,S605/1MJCA/1MJCA_relaxed.pdb,0
S605,1MJCA_S52W,Mut,S605/1MJCA/1MJCA_S52W_relaxed.pdb,0
S605,1MJCA_F20L,WT,S605/1MJCA/1MJCA_relaxed.pdb,0
S605,1MJCA_F20L,Mut,S605/1MJCA/1MJCA_F20L_relaxed.pdb,0
S605,1MSIA_E25A,WT,S605/1MSIA/1MSIA_relaxed.pdb,0
S605,1MSIA_E25A,Mut,S605/1MSIA/1MSIA_E25A_relaxed.pdb,0
S605,1MSIA_R47A,WT,S605/1MSIA/1MSIA_relaxed.pdb,0
S605,1MSIA_R47A,Mut,S605/1MSIA/1MSIA_R47A_relaxed.pdb,0
S605,1MSIA_D58N,WT,S605/1MSIA/1MSIA_relaxed.pdb,0
S605,1MSIA_D58N,Mut,S605/1MSIA/1MSIA_D58N_relaxed.pdb,0
S605,1OIAA_Y86T,WT,S605/1OIAA/1OIAA_relaxed.pdb,0
S605,1OIAA_Y86T,Mut,S605/1OIAA/1OIAA_Y86T_relaxed.pdb,0
S605,1OIAA_Y78F,WT,S605/1OIAA/1OIAA_relaxed.pdb,0
S605,1OIAA_Y78F,Mut,S605/1OIAA/1OIAA_Y78F_relaxed.pdb,0
S605,1OIAA_Y78D,WT,S605/1OIAA/1OIAA_relaxed.pdb,0
S605,1OIAA_Y78D,Mut,S605/1OIAA/1OIAA_Y78D_relaxed.pdb,0
S605,1ONCA_F28T,WT,S605/1ONCA/1ONCA_relaxed.pdb,0
S605,1ONCA_F28T,Mut,S605/1ONCA/1ONCA_F28T_relaxed.pdb,0
S605,1PGAA_I6T,WT,S605/1PGAA/1PGAA_relaxed.pdb,0
S605,1PGAA_I6T,Mut,S605/1PGAA/1PGAA_I6T_relaxed.pdb,0
S605,1PGAA_I6N,WT,S605/1PGAA/1PGAA_relaxed.pdb,0
S605,1PGAA_I6N,Mut,S605/1PGAA/1PGAA_I6N_relaxed.pdb,0
S605,1PGAA_T53F,WT,S605/1PGAA/1PGAA_relaxed.pdb,0
S605,1PGAA_T53F,Mut,S605/1PGAA/1PGAA_T53F_relaxed.pdb,0
S605,1PGAA_T53Y,WT,S605/1PGAA/1PGAA_relaxed.pdb,0
S605,1PGAA_T53Y,Mut,S605/1PGAA/1PGAA_T53Y_relaxed.pdb,0
S605,1PGAA_T53V,WT,S605/1PGAA/1PGAA_relaxed.pdb,0
S605,1PGAA_T53V,Mut,S605/1PGAA/1PGAA_T53V_relaxed.pdb,0
S605,1PGAA_T53I,WT,S605/1PGAA/1PGAA_relaxed.pdb,0
S605,1PGAA_T53I,Mut,S605/1PGAA/1PGAA_T53I_relaxed.pdb,0
S605,1PGAA_T2P,WT,S605/1PGAA/1PGAA_relaxed.pdb,0
S605,1PGAA_T2P,Mut,S605/1PGAA/1PGAA_T2P_relaxed.pdb,0
S605,1PGAA_G9P,WT,S605/1PGAA/1PGAA_relaxed.pdb,0
S605,1PGAA_G9P,Mut,S605/1PGAA/1PGAA_G9P_relaxed.pdb,0
S605,1PGAA_K10P,WT,S605/1PGAA/1PGAA_relaxed.pdb,0
S605,1PGAA_K10P,Mut,S605/1PGAA/1PGAA_K10P_relaxed.pdb,0
S605,1PGAA_V21P,WT,S605/1PGAA/1PGAA_relaxed.pdb,0
S605,1PGAA_V21P,Mut,S605/1PGAA/1PGAA_V21P_relaxed.pdb,0
S605,1PGAA_A23P,WT,S605/1PGAA/1PGAA_relaxed.pdb,0
S605,1PGAA_A23P,Mut,S605/1PGAA/1PGAA_A23P_relaxed.pdb,0
S605,1PGAA_A24P,WT,S605/1PGAA/1PGAA_relaxed.pdb,0
S605,1PGAA_A24P,Mut,S605/1PGAA/1PGAA_A24P_relaxed.pdb,0
S605,1PGAA_T25P,WT,S605/1PGAA/1PGAA_relaxed.pdb,0
S605,1PGAA_T25P,Mut,S605/1PGAA/1PGAA_T25P_relaxed.pdb,0
S605,1PGAA_A26P,WT,S605/1PGAA/1PGAA_relaxed.pdb,0
S605,1PGAA_A26P,Mut,S605/1PGAA/1PGAA_A26P_relaxed.pdb,0
S605,1PGAA_V29P,WT,S605/1PGAA/1PGAA_relaxed.pdb,0
S605,1PGAA_V29P,Mut,S605/1PGAA/1PGAA_V29P_relaxed.pdb,0
S605,1PGAA_D36P,WT,S605/1PGAA/1PGAA_relaxed.pdb,0
S605,1PGAA_D36P,Mut,S605/1PGAA/1PGAA_D36P_relaxed.pdb,0
S605,1PGAA_A48P,WT,S605/1PGAA/1PGAA_relaxed.pdb,0
S605,1PGAA_A48P,Mut,S605/1PGAA/1PGAA_A48P_relaxed.pdb,0
S605,1PGAA_T51S,WT,S605/1PGAA/1PGAA_relaxed.pdb,0
S605,1PGAA_T51S,Mut,S605/1PGAA/1PGAA_T51S_relaxed.pdb,0
S605,1QLPA_S381A,WT,S605/1QLPA/1QLPA_relaxed.pdb,0
S605,1QLPA_S381A,Mut,S605/1QLPA/1QLPA_S381A_relaxed.pdb,0
S605,1QLPA_A248F,WT,S605/1QLPA/1QLPA_relaxed.pdb,0
S605,1QLPA_A248F,Mut,S605/1QLPA/1QLPA_A248F_relaxed.pdb,0
S605,1QLPA_A70G,WT,S605/1QLPA/1QLPA_relaxed.pdb,0
S605,1QLPA_A70G,Mut,S605/1QLPA/1QLPA_A70G_relaxed.pdb,0
S605,1QLPA_V364L,WT,S605/1QLPA/1QLPA_relaxed.pdb,0
S605,1QLPA_V364L,Mut,S605/1QLPA/1QLPA_V364L_relaxed.pdb,0
S605,1QLPA_V55I,WT,S605/1QLPA/1QLPA_relaxed.pdb,0
S605,1QLPA_V55I,Mut,S605/1QLPA/1QLPA_V55I_relaxed.pdb,0
S605,1QLPA_A248V,WT,S605/1QLPA/1QLPA_relaxed.pdb,0
S605,1QLPA_A248V,Mut,S605/1QLPA/1QLPA_A248V_relaxed.pdb,0
S605,1QLPA_A31L,WT,S605/1QLPA/1QLPA_relaxed.pdb,0
S605,1QLPA_A31L,Mut,S605/1QLPA/1QLPA_A31L_relaxed.pdb,0
S605,1QLPA_A284V,WT,S605/1QLPA/1QLPA_relaxed.pdb,0
S605,1QLPA_A284V,Mut,S605/1QLPA/1QLPA_A284V_relaxed.pdb,0
S605,1QLPA_V321I,WT,S605/1QLPA/1QLPA_relaxed.pdb,0
S605,1QLPA_V321I,Mut,S605/1QLPA/1QLPA_V321I_relaxed.pdb,0
S605,1QLPA_A248I,WT,S605/1QLPA/1QLPA_relaxed.pdb,0
S605,1QLPA_A248I,Mut,S605/1QLPA/1QLPA_A248I_relaxed.pdb,0
S605,1QLPA_A248L,WT,S605/1QLPA/1QLPA_relaxed.pdb,0
S605,1QLPA_A248L,Mut,S605/1QLPA/1QLPA_A248L_relaxed.pdb,0
S605,1QLPA_A284I,WT,S605/1QLPA/1QLPA_relaxed.pdb,0
S605,1QLPA_A284I,Mut,S605/1QLPA/1QLPA_A284I_relaxed.pdb,0
S605,1QLPA_M374I,WT,S605/1QLPA/1QLPA_relaxed.pdb,0
S605,1QLPA_M374I,Mut,S605/1QLPA/1QLPA_M374I_relaxed.pdb,0
S605,1QLPA_A183V,WT,S605/1QLPA/1QLPA_relaxed.pdb,0
S605,1QLPA_A183V,Mut,S605/1QLPA/1QLPA_A183V_relaxed.pdb,0
S605,1QLPA_A183I,WT,S605/1QLPA/1QLPA_relaxed.pdb,0
S605,1QLPA_A183I,Mut,S605/1QLPA/1QLPA_A183I_relaxed.pdb,0
S605,1QLPA_A31P,WT,S605/1QLPA/1QLPA_relaxed.pdb,0
S605,1QLPA_A31P,Mut,S605/1QLPA/1QLPA_A31P_relaxed.pdb,0
S605,1QLPA_A284L,WT,S605/1QLPA/1QLPA_relaxed.pdb,0
S605,1QLPA_A284L,Mut,S605/1QLPA/1QLPA_A284L_relaxed.pdb,0
S605,1RGGA_D25H,WT,S605/1RGGA/1RGGA_relaxed.pdb,0
S605,1RGGA_D25H,Mut,S605/1RGGA/1RGGA_D25H_relaxed.pdb,0
S605,1RGGA_Y30F,WT,S605/1RGGA/1RGGA_relaxed.pdb,0
S605,1RGGA_Y30F,Mut,S605/1RGGA/1RGGA_Y30F_relaxed.pdb,0
S605,1RGGA_R40E,WT,S605/1RGGA/1RGGA_relaxed.pdb,0
S605,1RGGA_R40E,Mut,S605/1RGGA/1RGGA_R40E_relaxed.pdb,0
S605,1RGGA_E41K,WT,S605/1RGGA/1RGGA_relaxed.pdb,0
S605,1RGGA_E41K,Mut,S605/1RGGA/1RGGA_E41K_relaxed.pdb,0
S605,1RGGA_Y55F,WT,S605/1RGGA/1RGGA_relaxed.pdb,0
S605,1RGGA_Y55F,Mut,S605/1RGGA/1RGGA_Y55F_relaxed.pdb,0
S605,1RGGA_E74K,WT,S605/1RGGA/1RGGA_relaxed.pdb,0
S605,1RGGA_E74K,Mut,S605/1RGGA/1RGGA_E74K_relaxed.pdb,0
S605,1RGGA_Y80F,WT,S605/1RGGA/1RGGA_relaxed.pdb,0
S605,1RGGA_Y80F,Mut,S605/1RGGA/1RGGA_Y80F_relaxed.pdb,0
S605,1RISA_L75A,WT,S605/1RISA/1RISA_relaxed.pdb,0
S605,1RISA_L75A,Mut,S605/1RISA/1RISA_L75A_relaxed.pdb,0
S605,1RISA_I8A,WT,S605/1RISA/1RISA_relaxed.pdb,0
S605,1RISA_I8A,Mut,S605/1RISA/1RISA_I8A_relaxed.pdb,0
S605,1RISA_L79A,WT,S605/1RISA/1RISA_relaxed.pdb,0
S605,1RISA_L79A,Mut,S605/1RISA/1RISA_L79A_relaxed.pdb,0
S605,1RISA_Y33A,WT,S605/1RISA/1RISA_relaxed.pdb,0
S605,1RISA_Y33A,Mut,S605/1RISA/1RISA_Y33A_relaxed.pdb,0
S605,1RISA_F60A,WT,S605/1RISA/1RISA_relaxed.pdb,0
S605,1RISA_F60A,Mut,S605/1RISA/1RISA_F60A_relaxed.pdb,0
S605,1RISA_L48A,WT,S605/1RISA/1RISA_relaxed.pdb,0
S605,1RISA_L48A,Mut,S605/1RISA/1RISA_L48A_relaxed.pdb,0
S605,1RISA_L21A,WT,S605/1RISA/1RISA_relaxed.pdb,0
S605,1RISA_L21A,Mut,S605/1RISA/1RISA_L21A_relaxed.pdb,0
S605,1RTBA_F46V,WT,S605/1RTBA/1RTBA_relaxed.pdb,0
S605,1RTBA_F46V,Mut,S605/1RTBA/1RTBA_F46V_relaxed.pdb,0
S605,1RTBA_F46A,WT,S605/1RTBA/1RTBA_relaxed.pdb,0
S605,1RTBA_F46A,Mut,S605/1RTBA/1RTBA_F46A_relaxed.pdb,0
S605,1SHFA_S124H,WT,S605/1SHFA/1SHFA_relaxed.pdb,0
S605,1SHFA_S124H,Mut,S605/1SHFA/1SHFA_S124H_relaxed.pdb,0
S605,1SHFA_S124D,WT,S605/1SHFA/1SHFA_relaxed.pdb,0
S605,1SHFA_S124D,Mut,S605/1SHFA/1SHFA_S124D_relaxed.pdb,0
S605,1SHFA_S124G,WT,S605/1SHFA/1SHFA_relaxed.pdb,0
S605,1SHFA_S124G,Mut,S605/1SHFA/1SHFA_S124G_relaxed.pdb,0
S605,1SHFA_S124F,WT,S605/1SHFA/1SHFA_relaxed.pdb,0
S605,1SHFA_S124F,Mut,S605/1SHFA/1SHFA_S124F_relaxed.pdb,0
S605,1SHFA_S124N,WT,S605/1SHFA/1SHFA_relaxed.pdb,0
S605,1SHFA_S124N,Mut,S605/1SHFA/1SHFA_S124N_relaxed.pdb,0
S605,1SHFA_E107K,WT,S605/1SHFA/1SHFA_relaxed.pdb,0
S605,1SHFA_E107K,Mut,S605/1SHFA/1SHFA_E107K_relaxed.pdb,0
S605,1SHFA_E107H,WT,S605/1SHFA/1SHFA_relaxed.pdb,0
S605,1SHFA_E107H,Mut,S605/1SHFA/1SHFA_E107H_relaxed.pdb,0
S605,1SHFA_E107F,WT,S605/1SHFA/1SHFA_relaxed.pdb,0
S605,1SHFA_E107F,Mut,S605/1SHFA/1SHFA_E107F_relaxed.pdb,0
S605,1SHFA_E107Y,WT,S605/1SHFA/1SHFA_relaxed.pdb,0
S605,1SHFA_E107Y,Mut,S605/1SHFA/1SHFA_E107Y_relaxed.pdb,0
S605,1SHFA_S124L,WT,S605/1SHFA/1SHFA_relaxed.pdb,0
S605,1SHFA_S124L,Mut,S605/1SHFA/1SHFA_S124L_relaxed.pdb,0
S605,1SHFA_G128A,WT,S605/1SHFA/1SHFA_relaxed.pdb,0
S605,1SHFA_G128A,Mut,S605/1SHFA/1SHFA_G128A_relaxed.pdb,0
S605,1SHFA_E107L,WT,S605/1SHFA/1SHFA_relaxed.pdb,0
S605,1SHFA_E107L,Mut,S605/1SHFA/1SHFA_E107L_relaxed.pdb,0
S605,1SHFA_E107P,WT,S605/1SHFA/1SHFA_relaxed.pdb,0
S605,1SHFA_E107P,Mut,S605/1SHFA/1SHFA_E107P_relaxed.pdb,0
S605,1SHGA_Y13F,WT,S605/1SHGA/1SHGA_relaxed.pdb,0
S605,1SHGA_Y13F,Mut,S605/1SHGA/1SHGA_Y13F_relaxed.pdb,0
S605,1SHGA_K18F,WT,S605/1SHGA/1SHGA_relaxed.pdb,0
S605,1SHGA_K18F,Mut,S605/1SHGA/1SHGA_K18F_relaxed.pdb,0
S605,1SHGA_Y57F,WT,S605/1SHGA/1SHGA_relaxed.pdb,0
S605,1SHGA_Y57F,Mut,S605/1SHGA/1SHGA_Y57F_relaxed.pdb,0
S605,1STNA_L7V,WT,S605/1STNA/1STNA_relaxed.pdb,0
S605,1STNA_L7V,Mut,S605/1STNA/1STNA_L7V_relaxed.pdb,0
S605,1STNA_K9F,WT,S605/1STNA/1STNA_relaxed.pdb,0
S605,1STNA_K9F,Mut,S605/1STNA/1STNA_K9F_relaxed.pdb,0
S605,1STNA_P11G,WT,S605/1STNA/1STNA_relaxed.pdb,0
S605,1STNA_P11G,Mut,S605/1STNA/1STNA_P11G_relaxed.pdb,0
S605,1STNA_P11A,WT,S605/1STNA/1STNA_relaxed.pdb,0
S605,1STNA_P11A,Mut,S605/1STNA/1STNA_P11A_relaxed.pdb,0
S605,1STNA_P11F,WT,S605/1STNA/1STNA_relaxed.pdb,0
S605,1STNA_P11F,Mut,S605/1STNA/1STNA_P11F_relaxed.pdb,0
S605,1STNA_T13C,WT,S605/1STNA/1STNA_relaxed.pdb,0
S605,1STNA_T13C,Mut,S605/1STNA/1STNA_T13C_relaxed.pdb,0
S605,1STNA_L14V,WT,S605/1STNA/1STNA_relaxed.pdb,0
S605,1STNA_L14V,Mut,S605/1STNA/1STNA_L14V_relaxed.pdb,0
S605,1STNA_I15M,WT,S605/1STNA/1STNA_relaxed.pdb,0
S605,1STNA_I15M,Mut,S605/1STNA/1STNA_I15M_relaxed.pdb,0
S605,1STNA_D19F,WT,S605/1STNA/1STNA_relaxed.pdb,0
S605,1STNA_D19F,Mut,S605/1STNA/1STNA_D19F_relaxed.pdb,0
S605,1STNA_D21K,WT,S605/1STNA/1STNA_relaxed.pdb,0
S605,1STNA_D21K,Mut,S605/1STNA/1STNA_D21K_relaxed.pdb,0
S605,1STNA_T22I,WT,S605/1STNA/1STNA_relaxed.pdb,0
S605,1STNA_T22I,Mut,S605/1STNA/1STNA_T22I_relaxed.pdb,0
S605,1STNA_V23G,WT,S605/1STNA/1STNA_relaxed.pdb,0
S605,1STNA_V23G,Mut,S605/1STNA/1STNA_V23G_relaxed.pdb,0
S605,1STNA_V23I,WT,S605/1STNA/1STNA_relaxed.pdb,0
S605,1STNA_V23I,Mut,S605/1STNA/1STNA_V23I_relaxed.pdb,0
S605,1STNA_V23L,WT,S605/1STNA/1STNA_relaxed.pdb,0
S605,1STNA_V23L,Mut,S605/1STNA/1STNA_V23L_relaxed.pdb,0
S605,1STNA_K24F,WT,S605/1STNA/1STNA_relaxed.pdb,0
S605,1STNA_K24F,Mut,S605/1STNA/1STNA_K24F_relaxed.pdb,0
S605,1STNA_L25A,WT,S605/1STNA/1STNA_relaxed.pdb,0
S605,1STNA_L25A,Mut,S605/1STNA/1STNA_L25A_relaxed.pdb,0
S605,1STNA_Y27C,WT,S605/1STNA/1STNA_relaxed.pdb,0
S605,1STNA_Y27C,Mut,S605/1STNA/1STNA_Y27C_relaxed.pdb,0
S605,1STNA_Y27D,WT,S605/1STNA/1STNA_relaxed.pdb,0
S605,1STNA_Y27D,Mut,S605/1STNA/1STNA_Y27D_relaxed.pdb,0
S605,1STNA_Y27E,WT,S605/1STNA/1STNA_relaxed.pdb,0
S605,1STNA_Y27E,Mut,S605/1STNA/1STNA_Y27E_relaxed.pdb,0
S605,1STNA_Y27G,WT,S605/1STNA/1STNA_relaxed.pdb,0
S605,1STNA_Y27G,Mut,S605/1STNA/1STNA_Y27G_relaxed.pdb,0
S605,1STNA_Y27P,WT,S605/1STNA/1STNA_relaxed.pdb,0
S605,1STNA_Y27P,Mut,S605/1STNA/1STNA_Y27P_relaxed.pdb,0
S605,1STNA_G29V,WT,S605/1STNA/1STNA_relaxed.pdb,0
S605,1STNA_G29V,Mut,S605/1STNA/1STNA_G29V_relaxed.pdb,0
S605,1STNA_P31G,WT,S605/1STNA/1STNA_relaxed.pdb,0
S605,1STNA_P31G,Mut,S605/1STNA/1STNA_P31G_relaxed.pdb,0
S605,1STNA_P31A,WT,S605/1STNA/1STNA_relaxed.pdb,0
S605,1STNA_P31A,Mut,S605/1STNA/1STNA_P31A_relaxed.pdb,0
S605,1STNA_T33C,WT,S605/1STNA/1STNA_relaxed.pdb,0
S605,1STNA_T33C,Mut,S605/1STNA/1STNA_T33C_relaxed.pdb,0
S605,1STNA_F34G,WT,S605/1STNA/1STNA_relaxed.pdb,0
S605,1STNA_F34G,Mut,S605/1STNA/1STNA_F34G_relaxed.pdb,0
S605,1STNA_L36V,WT,S605/1STNA/1STNA_relaxed.pdb,0
S605,1STNA_L36V,Mut,S605/1STNA/1STNA_L36V_relaxed.pdb,0
S605,1STNA_L37I,WT,S605/1STNA/1STNA_relaxed.pdb,0
S605,1STNA_L37I,Mut,S605/1STNA/1STNA_L37I_relaxed.pdb,0
S605,1STNA_V39I,WT,S605/1STNA/1STNA_relaxed.pdb,0
S605,1STNA_V39I,Mut,S605/1STNA/1STNA_V39I_relaxed.pdb,0
S605,1STNA_V39L,WT,S605/1STNA/1STNA_relaxed.pdb,0
S605,1STNA_V39L,Mut,S605/1STNA/1STNA_V39L_relaxed.pdb,0
S605,1STNA_T41I,WT,S605/1STNA/1STNA_relaxed.pdb,0
S605,1STNA_T41I,Mut,S605/1STNA/1STNA_T41I_relaxed.pdb,0
S605,1STNA_P42G,WT,S605/1STNA/1STNA_relaxed.pdb,0
S605,1STNA_P42G,Mut,S605/1STNA/1STNA_P42G_relaxed.pdb,0
S605,1STNA_P42A,WT,S605/1STNA/1STNA_relaxed.pdb,0
S605,1STNA_P42A,Mut,S605/1STNA/1STNA_P42A_relaxed.pdb,0
S605,1STNA_T44C,WT,S605/1STNA/1STNA_relaxed.pdb,0
S605,1STNA_T44C,Mut,S605/1STNA/1STNA_T44C_relaxed.pdb,0
S605,1STNA_P47G,WT,S605/1STNA/1STNA_relaxed.pdb,0
S605,1STNA_P47G,Mut,S605/1STNA/1STNA_P47G_relaxed.pdb,0
S605,1STNA_P47A,WT,S605/1STNA/1STNA_relaxed.pdb,0
S605,1STNA_P47A,Mut,S605/1STNA/1STNA_P47A_relaxed.pdb,0
S605,1STNA_P47F,WT,S605/1STNA/1STNA_relaxed.pdb,0
S605,1STNA_P47F,Mut,S605/1STNA/1STNA_P47F_relaxed.pdb,0
S605,1STNA_V51L,WT,S605/1STNA/1STNA_relaxed.pdb,0
S605,1STNA_V51L,Mut,S605/1STNA/1STNA_V51L_relaxed.pdb,0
S605,1STNA_Y54F,WT,S605/1STNA/1STNA_relaxed.pdb,0
S605,1STNA_Y54F,Mut,S605/1STNA/1STNA_Y54F_relaxed.pdb,0
S605,1STNA_G55V,WT,S605/1STNA/1STNA_relaxed.pdb,0
S605,1STNA_G55V,Mut,S605/1STNA/1STNA_G55V_relaxed.pdb,0
S605,1STNA_P56G,WT,S605/1STNA/1STNA_relaxed.pdb,0
S605,1STNA_P56G,Mut,S605/1STNA/1STNA_P56G_relaxed.pdb,0
S605,1STNA_P56A,WT,S605/1STNA/1STNA_relaxed.pdb,0
S605,1STNA_P56A,Mut,S605/1STNA/1STNA_P56A_relaxed.pdb,0
S605,1STNA_K63Q,WT,S605/1STNA/1STNA_relaxed.pdb,0
S605,1STNA_K63Q,Mut,S605/1STNA/1STNA_K63Q_relaxed.pdb,0
S605,1STNA_M65F,WT,S605/1STNA/1STNA_relaxed.pdb,0
S605,1STNA_M65F,Mut,S605/1STNA/1STNA_M65F_relaxed.pdb,0
S605,1STNA_M65I,WT,S605/1STNA/1STNA_relaxed.pdb,0
S605,1STNA_M65I,Mut,S605/1STNA/1STNA_M65I_relaxed.pdb,0
S605,1STNA_V66K,WT,S605/1STNA/1STNA_relaxed.pdb,0
S605,1STNA_V66K,Mut,S605/1STNA/1STNA_V66K_relaxed.pdb,0
S605,1STNA_V66I,WT,S605/1STNA/1STNA_relaxed.pdb,0
S605,1STNA_V66I,Mut,S605/1STNA/1STNA_V66I_relaxed.pdb,0
S605,1STNA_K70E,WT,S605/1STNA/1STNA_relaxed.pdb,0
S605,1STNA_K70E,Mut,S605/1STNA/1STNA_K70E_relaxed.pdb,0
S605,1STNA_I72A,WT,S605/1STNA/1STNA_relaxed.pdb,0
S605,1STNA_I72A,Mut,S605/1STNA/1STNA_I72A_relaxed.pdb,0
S605,1STNA_I72G,WT,S605/1STNA/1STNA_relaxed.pdb,0
S605,1STNA_I72G,Mut,S605/1STNA/1STNA_I72G_relaxed.pdb,0
S605,1STNA_I72L,WT,S605/1STNA/1STNA_relaxed.pdb,0
S605,1STNA_I72L,Mut,S605/1STNA/1STNA_I72L_relaxed.pdb,0
S605,1STNA_V74G,WT,S605/1STNA/1STNA_relaxed.pdb,0
S605,1STNA_V74G,Mut,S605/1STNA/1STNA_V74G_relaxed.pdb,0
S605,1STNA_V74S,WT,S605/1STNA/1STNA_relaxed.pdb,0
S605,1STNA_V74S,Mut,S605/1STNA/1STNA_V74S_relaxed.pdb,0
S605,1STNA_V74L,WT,S605/1STNA/1STNA_relaxed.pdb,0
S605,1STNA_V74L,Mut,S605/1STNA/1STNA_V74L_relaxed.pdb,0
S605,1STNA_D77K,WT,S605/1STNA/1STNA_relaxed.pdb,0
S605,1STNA_D77K,Mut,S605/1STNA/1STNA_D77K_relaxed.pdb,0
S605,1STNA_K78Q,WT,S605/1STNA/1STNA_relaxed.pdb,0
S605,1STNA_K78Q,Mut,S605/1STNA/1STNA_K78Q_relaxed.pdb,0
S605,1STNA_T82C,WT,S605/1STNA/1STNA_relaxed.pdb,0
S605,1STNA_T82C,Mut,S605/1STNA/1STNA_T82C_relaxed.pdb,0
S605,1STNA_T82I,WT,S605/1STNA/1STNA_relaxed.pdb,0
S605,1STNA_T82I,Mut,S605/1STNA/1STNA_T82I_relaxed.pdb,0
S605,1STNA_D83F,WT,S605/1STNA/1STNA_relaxed.pdb,0
S605,1STNA_D83F,Mut,S605/1STNA/1STNA_D83F_relaxed.pdb,0
S605,1STNA_K84Q,WT,S605/1STNA/1STNA_relaxed.pdb,0
S605,1STNA_K84Q,Mut,S605/1STNA/1STNA_K84Q_relaxed.pdb,0
S605,1STNA_G86F,WT,S605/1STNA/1STNA_relaxed.pdb,0
S605,1STNA_G86F,Mut,S605/1STNA/1STNA_G86F_relaxed.pdb,0
S605,1STNA_L89I,WT,S605/1STNA/1STNA_relaxed.pdb,0
S605,1STNA_L89I,Mut,S605/1STNA/1STNA_L89I_relaxed.pdb,0
S605,1STNA_Y91A,WT,S605/1STNA/1STNA_relaxed.pdb,0
S605,1STNA_Y91A,Mut,S605/1STNA/1STNA_Y91A_relaxed.pdb,0
S605,1STNA_Y91G,WT,S605/1STNA/1STNA_relaxed.pdb,0
S605,1STNA_Y91G,Mut,S605/1STNA/1STNA_Y91G_relaxed.pdb,0
S605,1STNA_I92G,WT,S605/1STNA/1STNA_relaxed.pdb,0
S605,1STNA_I92G,Mut,S605/1STNA/1STNA_I92G_relaxed.pdb,0
S605,1STNA_I92M,WT,S605/1STNA/1STNA_relaxed.pdb,0
S605,1STNA_I92M,Mut,S605/1STNA/1STNA_I92M_relaxed.pdb,0
S605,1STNA_Y93A,WT,S605/1STNA/1STNA_relaxed.pdb,0
S605,1STNA_Y93A,Mut,S605/1STNA/1STNA_Y93A_relaxed.pdb,0
S605,1STNA_Y93G,WT,S605/1STNA/1STNA_relaxed.pdb,0
S605,1STNA_Y93G,Mut,S605/1STNA/1STNA_Y93G_relaxed.pdb,0
S605,1STNA_D95F,WT,S605/1STNA/1STNA_relaxed.pdb,0
S605,1STNA_D95F,Mut,S605/1STNA/1STNA_D95F_relaxed.pdb,0
S605,1STNA_G96V,WT,S605/1STNA/1STNA_relaxed.pdb,0
S605,1STNA_G96V,Mut,S605/1STNA/1STNA_G96V_relaxed.pdb,0
S605,1STNA_G96F,WT,S605/1STNA/1STNA_relaxed.pdb,0
S605,1STNA_G96F,Mut,S605/1STNA/1STNA_G96F_relaxed.pdb,0
S605,1STNA_V99G,WT,S605/1STNA/1STNA_relaxed.pdb,0
S605,1STNA_V99G,Mut,S605/1STNA/1STNA_V99G_relaxed.pdb,0
S605,1STNA_V99S,WT,S605/1STNA/1STNA_relaxed.pdb,0
S605,1STNA_V99S,Mut,S605/1STNA/1STNA_V99S_relaxed.pdb,0
S605,1STNA_N100A,WT,S605/1STNA/1STNA_relaxed.pdb,0
S605,1STNA_N100A,Mut,S605/1STNA/1STNA_N100A_relaxed.pdb,0
S605,1STNA_L103G,WT,S605/1STNA/1STNA_relaxed.pdb,0
S605,1STNA_L103G,Mut,S605/1STNA/1STNA_L103G_relaxed.pdb,0
S605,1STNA_V104G,WT,S605/1STNA/1STNA_relaxed.pdb,0
S605,1STNA_V104G,Mut,S605/1STNA/1STNA_V104G_relaxed.pdb,0
S605,1STNA_V104I,WT,S605/1STNA/1STNA_relaxed.pdb,0
S605,1STNA_V104I,Mut,S605/1STNA/1STNA_V104I_relaxed.pdb,0
S605,1STNA_R105C,WT,S605/1STNA/1STNA_relaxed.pdb,0
S605,1STNA_R105C,Mut,S605/1STNA/1STNA_R105C_relaxed.pdb,0
S605,1STNA_L108A,WT,S605/1STNA/1STNA_relaxed.pdb,0
S605,1STNA_L108A,Mut,S605/1STNA/1STNA_L108A_relaxed.pdb,0
S605,1STNA_L108G,WT,S605/1STNA/1STNA_relaxed.pdb,0
S605,1STNA_L108G,Mut,S605/1STNA/1STNA_L108G_relaxed.pdb,0
S605,1STNA_L108V,WT,S605/1STNA/1STNA_relaxed.pdb,0
S605,1STNA_L108V,Mut,S605/1STNA/1STNA_L108V_relaxed.pdb,0
S605,1STNA_V111I,WT,S605/1STNA/1STNA_relaxed.pdb,0
S605,1STNA_V111I,Mut,S605/1STNA/1STNA_V111I_relaxed.pdb,0
S605,1STNA_V111L,WT,S605/1STNA/1STNA_relaxed.pdb,0
S605,1STNA_V111L,Mut,S605/1STNA/1STNA_V111L_relaxed.pdb,0
S605,1STNA_V114I,WT,S605/1STNA/1STNA_relaxed.pdb,0
S605,1STNA_V114I,Mut,S605/1STNA/1STNA_V114I_relaxed.pdb,0
S605,1STNA_P117G,WT,S605/1STNA/1STNA_relaxed.pdb,0
S605,1STNA_P117G,Mut,S605/1STNA/1STNA_P117G_relaxed.pdb,0
S605,1STNA_P117A,WT,S605/1STNA/1STNA_relaxed.pdb,0
S605,1STNA_P117A,Mut,S605/1STNA/1STNA_P117A_relaxed.pdb,0
S605,1STNA_P117L,WT,S605/1STNA/1STNA_relaxed.pdb,0
S605,1STNA_P117L,Mut,S605/1STNA/1STNA_P117L_relaxed.pdb,0
S605,1STNA_P117F,WT,S605/1STNA/1STNA_relaxed.pdb,0
S605,1STNA_P117F,Mut,S605/1STNA/1STNA_P117F_relaxed.pdb,0
S605,1STNA_H124E,WT,S605/1STNA/1STNA_relaxed.pdb,0
S605,1STNA_H124E,Mut,S605/1STNA/1STNA_H124E_relaxed.pdb,0
S605,1STNA_L125G,WT,S605/1STNA/1STNA_relaxed.pdb,0
S605,1STNA_L125G,Mut,S605/1STNA/1STNA_L125G_relaxed.pdb,0
S605,1STNA_L125I,WT,S605/1STNA/1STNA_relaxed.pdb,0
S605,1STNA_L125I,Mut,S605/1STNA/1STNA_L125I_relaxed.pdb,0
S605,1STNA_L137V,WT,S605/1STNA/1STNA_relaxed.pdb,0
S605,1STNA_L137V,Mut,S605/1STNA/1STNA_L137V_relaxed.pdb,0
S605,1STNA_I139L,WT,S605/1STNA/1STNA_relaxed.pdb,0
S605,1STNA_I139L,Mut,S605/1STNA/1STNA_I139L_relaxed.pdb,0
S605,1STNA_S141A,WT,S605/1STNA/1STNA_relaxed.pdb,0
S605,1STNA_S141A,Mut,S605/1STNA/1STNA_S141A_relaxed.pdb,0
S605,1STNA_W140H,WT,S605/1STNA/1STNA_relaxed.pdb,0
S605,1STNA_W140H,Mut,S605/1STNA/1STNA_W140H_relaxed.pdb,0
S605,1STNA_W140F,WT,S605/1STNA/1STNA_relaxed.pdb,0
S605,1STNA_W140F,Mut,S605/1STNA/1STNA_W140F_relaxed.pdb,0
S605,1STNA_W140Y,WT,S605/1STNA/1STNA_relaxed.pdb,0
S605,1STNA_W140Y,Mut,S605/1STNA/1STNA_W140Y_relaxed.pdb,0
S605,1STNA_W140L,WT,S605/1STNA/1STNA_relaxed.pdb,0
S605,1STNA_W140L,Mut,S605/1STNA/1STNA_W140L_relaxed.pdb,0
S605,1TENA_Y869A,WT,S605/1TENA/1TENA_relaxed.pdb,0
S605,1TENA_Y869A,Mut,S605/1TENA/1TENA_Y869A_relaxed.pdb,0
S605,1TITA_L60A,WT,S605/1TITA/1TITA_relaxed.pdb,0
S605,1TITA_L60A,Mut,S605/1TITA/1TITA_L60A_relaxed.pdb,0
S605,1TITA_V86A,WT,S605/1TITA/1TITA_relaxed.pdb,0
S605,1TITA_V86A,Mut,S605/1TITA/1TITA_V86A_relaxed.pdb,0
S605,1TITA_L58A,WT,S605/1TITA/1TITA_relaxed.pdb,0
S605,1TITA_L58A,Mut,S605/1TITA/1TITA_L58A_relaxed.pdb,0
S605,1TITA_F73L,WT,S605/1TITA/1TITA_relaxed.pdb,0
S605,1TITA_F73L,Mut,S605/1TITA/1TITA_F73L_relaxed.pdb,0
S605,1TITA_C63S,WT,S605/1TITA/1TITA_relaxed.pdb,0
S605,1TITA_C63S,Mut,S605/1TITA/1TITA_C63S_relaxed.pdb,0
S605,1TITA_L41A,WT,S605/1TITA/1TITA_relaxed.pdb,0
S605,1TITA_L41A,Mut,S605/1TITA/1TITA_L41A_relaxed.pdb,0
S605,1TITA_Y9P,WT,S605/1TITA/1TITA_relaxed.pdb,0
S605,1TITA_Y9P,Mut,S605/1TITA/1TITA_Y9P_relaxed.pdb,0
S605,1TITA_Y9G,WT,S605/1TITA/1TITA_relaxed.pdb,0
S605,1TITA_Y9G,Mut,S605/1TITA/1TITA_Y9G_relaxed.pdb,0
S605,1TITA_Y9F,WT,S605/1TITA/1TITA_relaxed.pdb,0
S605,1TITA_Y9F,Mut,S605/1TITA/1TITA_Y9F_relaxed.pdb,0
S605,1TITA_Y9S,WT,S605/1TITA/1TITA_relaxed.pdb,0
S605,1TITA_Y9S,Mut,S605/1TITA/1TITA_Y9S_relaxed.pdb,0
S605,1TTGA_P5A,WT,S605/1TTGA/1TTGA_relaxed.pdb,0
S605,1TTGA_P5A,Mut,S605/1TTGA/1TTGA_P5A_relaxed.pdb,0
S605,1TTGA_P25A,WT,S605/1TTGA/1TTGA_relaxed.pdb,0
S605,1TTGA_P25A,Mut,S605/1TTGA/1TTGA_P25A_relaxed.pdb,0
S605,1TTGA_I34V,WT,S605/1TTGA/1TTGA_relaxed.pdb,0
S605,1TTGA_I34V,Mut,S605/1TTGA/1TTGA_I34V_relaxed.pdb,0
S605,1TTGA_V50A,WT,S605/1TTGA/1TTGA_relaxed.pdb,0
S605,1TTGA_V50A,Mut,S605/1TTGA/1TTGA_V50A_relaxed.pdb,0
S605,1TTGA_P64A,WT,S605/1TTGA/1TTGA_relaxed.pdb,0
S605,1TTGA_P64A,Mut,S605/1TTGA/1TTGA_P64A_relaxed.pdb,0
S605,1TTGA_P82A,WT,S605/1TTGA/1TTGA_relaxed.pdb,0
S605,1TTGA_P82A,Mut,S605/1TTGA/1TTGA_P82A_relaxed.pdb,0
S605,1TTGA_P87A,WT,S605/1TTGA/1TTGA_relaxed.pdb,0
S605,1TTGA_P87A,Mut,S605/1TTGA/1TTGA_P87A_relaxed.pdb,0
S605,1UBQA_V26L,WT,S605/1UBQA/1UBQA_relaxed.pdb,0
S605,1UBQA_V26L,Mut,S605/1UBQA/1UBQA_V26L_relaxed.pdb,0
S605,1UBQA_V26I,WT,S605/1UBQA/1UBQA_relaxed.pdb,0
S605,1UBQA_V26I,Mut,S605/1UBQA/1UBQA_V26I_relaxed.pdb,0
S605,1UBQA_V26A,WT,S605/1UBQA/1UBQA_relaxed.pdb,0
S605,1UBQA_V26A,Mut,S605/1UBQA/1UBQA_V26A_relaxed.pdb,0
S605,1UBQA_V26G,WT,S605/1UBQA/1UBQA_relaxed.pdb,0
S605,1UBQA_V26G,Mut,S605/1UBQA/1UBQA_V26G_relaxed.pdb,0
S605,1W4HA_A130G,WT,S605/1W4HA/1W4HA_relaxed.pdb,0
S605,1W4HA_A130G,Mut,S605/1W4HA/1W4HA_A130G_relaxed.pdb,0
S605,1W4HA_L131A,WT,S605/1W4HA/1W4HA_relaxed.pdb,0
S605,1W4HA_L131A,Mut,S605/1W4HA/1W4HA_L131A_relaxed.pdb,0
S605,1W4HA_S132G,WT,S605/1W4HA/1W4HA_relaxed.pdb,0
S605,1W4HA_S132G,Mut,S605/1W4HA/1W4HA_S132G_relaxed.pdb,0
S605,1W4HA_P133A,WT,S605/1W4HA/1W4HA_relaxed.pdb,0
S605,1W4HA_P133A,Mut,S605/1W4HA/1W4HA_P133A_relaxed.pdb,0
S605,1W4HA_A134G,WT,S605/1W4HA/1W4HA_relaxed.pdb,0
S605,1W4HA_A134G,Mut,S605/1W4HA/1W4HA_A134G_relaxed.pdb,0
S605,1W4HA_I135V,WT,S605/1W4HA/1W4HA_relaxed.pdb,0
S605,1W4HA_I135V,Mut,S605/1W4HA/1W4HA_I135V_relaxed.pdb,0
S605,1W4HA_I135A,WT,S605/1W4HA/1W4HA_relaxed.pdb,0
S605,1W4HA_I135A,Mut,S605/1W4HA/1W4HA_I135A_relaxed.pdb,0
S605,1W4HA_L138A,WT,S605/1W4HA/1W4HA_relaxed.pdb,0
S605,1W4HA_L138A,Mut,S605/1W4HA/1W4HA_L138A_relaxed.pdb,0
S605,1W4HA_L139A,WT,S605/1W4HA/1W4HA_relaxed.pdb,0
S605,1W4HA_L139A,Mut,S605/1W4HA/1W4HA_L139A_relaxed.pdb,0
S605,1W4HA_A140G,WT,S605/1W4HA/1W4HA_relaxed.pdb,0
S605,1W4HA_A140G,Mut,S605/1W4HA/1W4HA_A140G_relaxed.pdb,0
S605,1W4HA_L144A,WT,S605/1W4HA/1W4HA_relaxed.pdb,0
S605,1W4HA_L144A,Mut,S605/1W4HA/1W4HA_L144A_relaxed.pdb,0
S605,1W4HA_A146G,WT,S605/1W4HA/1W4HA_relaxed.pdb,0
S605,1W4HA_A146G,Mut,S605/1W4HA/1W4HA_A146G_relaxed.pdb,0
S605,1W4HA_A148G,WT,S605/1W4HA/1W4HA_relaxed.pdb,0
S605,1W4HA_A148G,Mut,S605/1W4HA/1W4HA_A148G_relaxed.pdb,0
S605,1W4HA_I149V,WT,S605/1W4HA/1W4HA_relaxed.pdb,0
S605,1W4HA_I149V,Mut,S605/1W4HA/1W4HA_I149V_relaxed.pdb,0
S605,1W4HA_T152S,WT,S605/1W4HA/1W4HA_relaxed.pdb,0
S605,1W4HA_T152S,Mut,S605/1W4HA/1W4HA_T152S_relaxed.pdb,0
S605,1W4HA_T152A,WT,S605/1W4HA/1W4HA_relaxed.pdb,0
S605,1W4HA_T152A,Mut,S605/1W4HA/1W4HA_T152A_relaxed.pdb,0
S605,1W4HA_V154G,WT,S605/1W4HA/1W4HA_relaxed.pdb,0
S605,1W4HA_V154G,Mut,S605/1W4HA/1W4HA_V154G_relaxed.pdb,0
S605,1W4HA_L158A,WT,S605/1W4HA/1W4HA_relaxed.pdb,0
S605,1W4HA_L158A,Mut,S605/1W4HA/1W4HA_L158A_relaxed.pdb,0
S605,1W4HA_T159S,WT,S605/1W4HA/1W4HA_relaxed.pdb,0
S605,1W4HA_T159S,Mut,S605/1W4HA/1W4HA_T159S_relaxed.pdb,0
S605,1W4HA_D162N,WT,S605/1W4HA/1W4HA_relaxed.pdb,0
S605,1W4HA_D162N,Mut,S605/1W4HA/1W4HA_D162N_relaxed.pdb,0
S605,1W4HA_V163A,WT,S605/1W4HA/1W4HA_relaxed.pdb,0
S605,1W4HA_V163A,Mut,S605/1W4HA/1W4HA_V163A_relaxed.pdb,0
S605,1W4HA_H166A,WT,S605/1W4HA/1W4HA_relaxed.pdb,0
S605,1W4HA_H166A,Mut,S605/1W4HA/1W4HA_H166A_relaxed.pdb,0
S605,1W4HA_H166G,WT,S605/1W4HA/1W4HA_relaxed.pdb,0
S605,1W4HA_H166G,Mut,S605/1W4HA/1W4HA_H166G_relaxed.pdb,0
S605,1W4HA_A168G,WT,S605/1W4HA/1W4HA_relaxed.pdb,0
S605,1W4HA_A168G,Mut,S605/1W4HA/1W4HA_A168G_relaxed.pdb,0
S605,1ZNJA_T8A,WT,S605/1ZNJA/1ZNJA_relaxed.pdb,0
S605,1ZNJA_T8A,Mut,S605/1ZNJA/1ZNJA_T8A_relaxed.pdb,0
S605,1ZNJA_T8H,WT,S605/1ZNJA/1ZNJA_relaxed.pdb,0
S605,1ZNJA_T8H,Mut,S605/1ZNJA/1ZNJA_T8H_relaxed.pdb,0
S605,1ZNJA_T8R,WT,S605/1ZNJA/1ZNJA_relaxed.pdb,0
S605,1ZNJA_T8R,Mut,S605/1ZNJA/1ZNJA_T8R_relaxed.pdb,0
S605,2AFGA_C16S,WT,S605/2AFGA/2AFGA_relaxed.pdb,0
S605,2AFGA_C16S,Mut,S605/2AFGA/2AFGA_C16S_relaxed.pdb,0
S605,2AFGA_H21Y,WT,S605/2AFGA/2AFGA_relaxed.pdb,0
S605,2AFGA_H21Y,Mut,S605/2AFGA/2AFGA_H21Y_relaxed.pdb,0
S605,2AFGA_V31I,WT,S605/2AFGA/2AFGA_relaxed.pdb,0
S605,2AFGA_V31I,Mut,S605/2AFGA/2AFGA_V31I_relaxed.pdb,0
S605,2AFGA_L44F,WT,S605/2AFGA/2AFGA_relaxed.pdb,0
S605,2AFGA_L44F,Mut,S605/2AFGA/2AFGA_L44F_relaxed.pdb,0
S605,2AFGA_L44W,WT,S605/2AFGA/2AFGA_relaxed.pdb,0
S605,2AFGA_L44W,Mut,S605/2AFGA/2AFGA_L44W_relaxed.pdb,0
S605,2AFGA_F85W,WT,S605/2AFGA/2AFGA_relaxed.pdb,0
S605,2AFGA_F85W,Mut,S605/2AFGA/2AFGA_F85W_relaxed.pdb,0
S605,2AFGA_H102Y,WT,S605/2AFGA/2AFGA_relaxed.pdb,0
S605,2AFGA_H102Y,Mut,S605/2AFGA/2AFGA_H102Y_relaxed.pdb,0
S605,2AFGA_N106G,WT,S605/2AFGA/2AFGA_relaxed.pdb,0
S605,2AFGA_N106G,Mut,S605/2AFGA/2AFGA_N106G_relaxed.pdb,0
S605,2AFGA_F108Y,WT,S605/2AFGA/2AFGA_relaxed.pdb,0
S605,2AFGA_F108Y,Mut,S605/2AFGA/2AFGA_F108Y_relaxed.pdb,0
S605,2AFGA_V109I,WT,S605/2AFGA/2AFGA_relaxed.pdb,0
S605,2AFGA_V109I,Mut,S605/2AFGA/2AFGA_V109I_relaxed.pdb,0
S605,2AFGA_C117I,WT,S605/2AFGA/2AFGA_relaxed.pdb,0
S605,2AFGA_C117I,Mut,S605/2AFGA/2AFGA_C117I_relaxed.pdb,0
S605,2AFGA_F132W,WT,S605/2AFGA/2AFGA_relaxed.pdb,0
S605,2AFGA_F132W,Mut,S605/2AFGA/2AFGA_F132W_relaxed.pdb,0
S605,2CI2I_F69L,WT,S605/2CI2I/2CI2I_relaxed.pdb,0
S605,2CI2I_F69L,Mut,S605/2CI2I/2CI2I_F69L_relaxed.pdb,0
S605,2CI2I_R67A,WT,S605/2CI2I/2CI2I_relaxed.pdb,0
S605,2CI2I_R67A,Mut,S605/2CI2I/2CI2I_R67A_relaxed.pdb,0
S605,2CI2I_L51V,WT,S605/2CI2I/2CI2I_relaxed.pdb,0
S605,2CI2I_L51V,Mut,S605/2CI2I/2CI2I_L51V_relaxed.pdb,0
S605,2CI2I_E33N,WT,S605/2CI2I/2CI2I_relaxed.pdb,0
S605,2CI2I_E33N,Mut,S605/2CI2I/2CI2I_E33N_relaxed.pdb,0
S605,2HMBA_F16Y,WT,S605/2HMBA/2HMBA_relaxed.pdb,0
S605,2HMBA_F16Y,Mut,S605/2HMBA/2HMBA_F16Y_relaxed.pdb,0
S605,2HMBA_T40E,WT,S605/2HMBA/2HMBA_relaxed.pdb,0
S605,2HMBA_T40E,Mut,S605/2HMBA/2HMBA_T40E_relaxed.pdb,0
S605,2HMBA_T40Q,WT,S605/2HMBA/2HMBA_relaxed.pdb,0
S605,2HMBA_T40Q,Mut,S605/2HMBA/2HMBA_T40Q_relaxed.pdb,0
S605,2HMBA_T40V,WT,S605/2HMBA/2HMBA_relaxed.pdb,0
S605,2HMBA_T40V,Mut,S605/2HMBA/2HMBA_T40V_relaxed.pdb,0
S605,2HMBA_F57S,WT,S605/2HMBA/2HMBA_relaxed.pdb,0
S605,2HMBA_F57S,Mut,S605/2HMBA/2HMBA_F57S_relaxed.pdb,0
S605,2HMBA_R106T,WT,S605/2HMBA/2HMBA_relaxed.pdb,0
S605,2HMBA_R106T,Mut,S605/2HMBA/2HMBA_R106T_relaxed.pdb,0
S605,2HMBA_R126K,WT,S605/2HMBA/2HMBA_relaxed.pdb,0
S605,2HMBA_R126K,Mut,S605/2HMBA/2HMBA_R126K_relaxed.pdb,0
S605,2HMBA_R126Q,WT,S605/2HMBA/2HMBA_relaxed.pdb,0
S605,2HMBA_R126Q,Mut,S605/2HMBA/2HMBA_R126Q_relaxed.pdb,0
S605,2HMBA_Y128F,WT,S605/2HMBA/2HMBA_relaxed.pdb,0
S605,2HMBA_Y128F,Mut,S605/2HMBA/2HMBA_Y128F_relaxed.pdb,0
S605,2IFBA_I23C,WT,S605/2IFBA/2IFBA_relaxed.pdb,0
S605,2IFBA_I23C,Mut,S605/2IFBA/2IFBA_I23C_relaxed.pdb,0
S605,2IFBA_S53C,WT,S605/2IFBA/2IFBA_relaxed.pdb,0
S605,2IFBA_S53C,Mut,S605/2IFBA/2IFBA_S53C_relaxed.pdb,0
S605,2IFBA_V60C,WT,S605/2IFBA/2IFBA_relaxed.pdb,0
S605,2IFBA_V60C,Mut,S605/2IFBA/2IFBA_V60C_relaxed.pdb,0
S605,2IFBA_V60N,WT,S605/2IFBA/2IFBA_relaxed.pdb,0
S605,2IFBA_V60N,Mut,S605/2IFBA/2IFBA_V60N_relaxed.pdb,0
S605,2IFBA_L64A,WT,S605/2IFBA/2IFBA_relaxed.pdb,0
S605,2IFBA_L64A,Mut,S605/2IFBA/2IFBA_L64A_relaxed.pdb,0
S605,2IFBA_L64G,WT,S605/2IFBA/2IFBA_relaxed.pdb,0
S605,2IFBA_L64G,Mut,S605/2IFBA/2IFBA_L64G_relaxed.pdb,0
S605,2IFBA_G65A,WT,S605/2IFBA/2IFBA_relaxed.pdb,0
S605,2IFBA_G65A,Mut,S605/2IFBA/2IFBA_G65A_relaxed.pdb,0
S605,2IFBA_L72C,WT,S605/2IFBA/2IFBA_relaxed.pdb,0
S605,2IFBA_L72C,Mut,S605/2IFBA/2IFBA_L72C_relaxed.pdb,0
S605,2IFBA_L89C,WT,S605/2IFBA/2IFBA_relaxed.pdb,0
S605,2IFBA_L89C,Mut,S605/2IFBA/2IFBA_L89C_relaxed.pdb,0
S605,2IFBA_A104C,WT,S605/2IFBA/2IFBA_relaxed.pdb,0
S605,2IFBA_A104C,Mut,S605/2IFBA/2IFBA_A104C_relaxed.pdb,0
S605,2LZMA_F153C,WT,S605/2LZMA/2LZMA_relaxed.pdb,0
S605,2LZMA_F153C,Mut,S605/2LZMA/2LZMA_F153C_relaxed.pdb,0
S605,2LZMA_G156D,WT,S605/2LZMA/2LZMA_relaxed.pdb,0
S605,2LZMA_G156D,Mut,S605/2LZMA/2LZMA_G156D_relaxed.pdb,0
S605,2LZMA_A146T,WT,S605/2LZMA/2LZMA_relaxed.pdb,0
S605,2LZMA_A146T,Mut,S605/2LZMA/2LZMA_A146T_relaxed.pdb,0
S605,2LZMA_I58Y,WT,S605/2LZMA/2LZMA_relaxed.pdb,0
S605,2LZMA_I58Y,Mut,S605/2LZMA/2LZMA_I58Y_relaxed.pdb,0
S605,2LZMA_A160T,WT,S605/2LZMA/2LZMA_relaxed.pdb,0
S605,2LZMA_A160T,Mut,S605/2LZMA/2LZMA_A160T_relaxed.pdb,0
S605,2LZMA_M6I,WT,S605/2LZMA/2LZMA_relaxed.pdb,0
S605,2LZMA_M6I,Mut,S605/2LZMA/2LZMA_M6I_relaxed.pdb,0
S605,2LZMA_Q105G,WT,S605/2LZMA/2LZMA_relaxed.pdb,0
S605,2LZMA_Q105G,Mut,S605/2LZMA/2LZMA_Q105G_relaxed.pdb,0
S605,2LZMA_G51D,WT,S605/2LZMA/2LZMA_relaxed.pdb,0
S605,2LZMA_G51D,Mut,S605/2LZMA/2LZMA_G51D_relaxed.pdb,0
S605,2LZMA_G77A,WT,S605/2LZMA/2LZMA_relaxed.pdb,0
S605,2LZMA_G77A,Mut,S605/2LZMA/2LZMA_G77A_relaxed.pdb,0
S605,2LZMA_K147E,WT,S605/2LZMA/2LZMA_relaxed.pdb,0
S605,2LZMA_K147E,Mut,S605/2LZMA/2LZMA_K147E_relaxed.pdb,0
S605,2LZMA_R119E,WT,S605/2LZMA/2LZMA_relaxed.pdb,0
S605,2LZMA_R119E,Mut,S605/2LZMA/2LZMA_R119E_relaxed.pdb,0
S605,2LZMA_A146I,WT,S605/2LZMA/2LZMA_relaxed.pdb,0
S605,2LZMA_A146I,Mut,S605/2LZMA/2LZMA_A146I_relaxed.pdb,0
S605,2LZMA_K135E,WT,S605/2LZMA/2LZMA_relaxed.pdb,0
S605,2LZMA_K135E,Mut,S605/2LZMA/2LZMA_K135E_relaxed.pdb,0
S605,2LZMA_S38D,WT,S605/2LZMA/2LZMA_relaxed.pdb,0
S605,2LZMA_S38D,Mut,S605/2LZMA/2LZMA_S38D_relaxed.pdb,0
S605,2LZMA_P37A,WT,S605/2LZMA/2LZMA_relaxed.pdb,0
S605,2LZMA_P37A,Mut,S605/2LZMA/2LZMA_P37A_relaxed.pdb,0
S605,2LZMA_C54Y,WT,S605/2LZMA/2LZMA_relaxed.pdb,0
S605,2LZMA_C54Y,Mut,S605/2LZMA/2LZMA_C54Y_relaxed.pdb,0
S605,2LZMA_L66P,WT,S605/2LZMA/2LZMA_relaxed.pdb,0
S605,2LZMA_L66P,Mut,S605/2LZMA/2LZMA_L66P_relaxed.pdb,0
S605,2LZMA_A82P,WT,S605/2LZMA/2LZMA_relaxed.pdb,0
S605,2LZMA_A82P,Mut,S605/2LZMA/2LZMA_A82P_relaxed.pdb,0
S605,2LZMA_P86G,WT,S605/2LZMA/2LZMA_relaxed.pdb,0
S605,2LZMA_P86G,Mut,S605/2LZMA/2LZMA_P86G_relaxed.pdb,0
S605,2LZMA_L91P,WT,S605/2LZMA/2LZMA_relaxed.pdb,0
S605,2LZMA_L91P,Mut,S605/2LZMA/2LZMA_L91P_relaxed.pdb,0
S605,2LZMA_W126R,WT,S605/2LZMA/2LZMA_relaxed.pdb,0
S605,2LZMA_W126R,Mut,S605/2LZMA/2LZMA_W126R_relaxed.pdb,0
S605,2LZMA_L7A,WT,S605/2LZMA/2LZMA_relaxed.pdb,0
S605,2LZMA_L7A,Mut,S605/2LZMA/2LZMA_L7A_relaxed.pdb,0
S605,2LZMA_I27A,WT,S605/2LZMA/2LZMA_relaxed.pdb,0
S605,2LZMA_I27A,Mut,S605/2LZMA/2LZMA_I27A_relaxed.pdb,0
S605,2LZMA_A42G,WT,S605/2LZMA/2LZMA_relaxed.pdb,0
S605,2LZMA_A42G,Mut,S605/2LZMA/2LZMA_A42G_relaxed.pdb,0
S605,2LZMA_I50A,WT,S605/2LZMA/2LZMA_relaxed.pdb,0
S605,2LZMA_I50A,Mut,S605/2LZMA/2LZMA_I50A_relaxed.pdb,0
S605,2LZMA_V87A,WT,S605/2LZMA/2LZMA_relaxed.pdb,0
S605,2LZMA_V87A,Mut,S605/2LZMA/2LZMA_V87A_relaxed.pdb,0
S605,2LZMA_L121A,WT,S605/2LZMA/2LZMA_relaxed.pdb,0
S605,2LZMA_L121A,Mut,S605/2LZMA/2LZMA_L121A_relaxed.pdb,0
S605,2LZMA_A130G,WT,S605/2LZMA/2LZMA_relaxed.pdb,0
S605,2LZMA_A130G,Mut,S605/2LZMA/2LZMA_A130G_relaxed.pdb,0
S605,2LZMA_I150V,WT,S605/2LZMA/2LZMA_relaxed.pdb,0
S605,2LZMA_I150V,Mut,S605/2LZMA/2LZMA_I150V_relaxed.pdb,0
S605,2Q98A_H27A,WT,S605/2Q98A/2Q98A_relaxed.pdb,0
S605,2Q98A_H27A,Mut,S605/2Q98A/2Q98A_H27A_relaxed.pdb,0
S605,2Q98A_H30A,WT,S605/2Q98A/2Q98A_relaxed.pdb,0
S605,2Q98A_H30A,Mut,S605/2Q98A/2Q98A_H30A_relaxed.pdb,0
S605,2Q98A_H46A,WT,S605/2Q98A/2Q98A_relaxed.pdb,0
S605,2Q98A_H46A,Mut,S605/2Q98A/2Q98A_H46A_relaxed.pdb,0
S605,2Q98A_H59A,WT,S605/2Q98A/2Q98A_relaxed.pdb,0
S605,2Q98A_H59A,Mut,S605/2Q98A/2Q98A_H59A_relaxed.pdb,0
S605,2Q98A_H97A,WT,S605/2Q98A/2Q98A_relaxed.pdb,0
S605,2Q98A_H97A,Mut,S605/2Q98A/2Q98A_H97A_relaxed.pdb,0
S605,2Q98A_H138A,WT,S605/2Q98A/2Q98A_relaxed.pdb,0
S605,2Q98A_H138A,Mut,S605/2Q98A/2Q98A_H138A_relaxed.pdb,0
S605,2Q98A_H173A,WT,S605/2Q98A/2Q98A_relaxed.pdb,0
S605,2Q98A_H173A,Mut,S605/2Q98A/2Q98A_H173A_relaxed.pdb,0
S605,2Q98A_H180A,WT,S605/2Q98A/2Q98A_relaxed.pdb,0
S605,2Q98A_H180A,Mut,S605/2Q98A/2Q98A_H180A_relaxed.pdb,0
S605,2Q98A_H195A,WT,S605/2Q98A/2Q98A_relaxed.pdb,0
S605,2Q98A_H195A,Mut,S605/2Q98A/2Q98A_H195A_relaxed.pdb,0
S605,2RN2A_S68G,WT,S605/2RN2A/2RN2A_relaxed.pdb,0
S605,2RN2A_S68G,Mut,S605/2RN2A/2RN2A_S68G_relaxed.pdb,0
S605,2RN2A_S68A,WT,S605/2RN2A/2RN2A_relaxed.pdb,0
S605,2RN2A_S68A,Mut,S605/2RN2A/2RN2A_S68A_relaxed.pdb,0
S605,2RN2A_S68T,WT,S605/2RN2A/2RN2A_relaxed.pdb,0
S605,2RN2A_S68T,Mut,S605/2RN2A/2RN2A_S68T_relaxed.pdb,0
S605,2RN2A_S68V,WT,S605/2RN2A/2RN2A_relaxed.pdb,0
S605,2RN2A_S68V,Mut,S605/2RN2A/2RN2A_S68V_relaxed.pdb,0
S605,2RN2A_S68L,WT,S605/2RN2A/2RN2A_relaxed.pdb,0
S605,2RN2A_S68L,Mut,S605/2RN2A/2RN2A_S68L_relaxed.pdb,0
S605,2RN2A_H83A,WT,S605/2RN2A/2RN2A_relaxed.pdb,0
S605,2RN2A_H83A,Mut,S605/2RN2A/2RN2A_H83A_relaxed.pdb,0
S605,2RN2A_H62A,WT,S605/2RN2A/2RN2A_relaxed.pdb,0
S605,2RN2A_H62A,Mut,S605/2RN2A/2RN2A_H62A_relaxed.pdb,0
S605,2RN2A_D10A,WT,S605/2RN2A/2RN2A_relaxed.pdb,0
S605,2RN2A_D10A,Mut,S605/2RN2A/2RN2A_D10A_relaxed.pdb,0
S605,2RN2A_R27A,WT,S605/2RN2A/2RN2A_relaxed.pdb,0
S605,2RN2A_R27A,Mut,S605/2RN2A/2RN2A_R27A_relaxed.pdb,0
S605,2RN2A_I53A,WT,S605/2RN2A/2RN2A_relaxed.pdb,0
S605,2RN2A_I53A,Mut,S605/2RN2A/2RN2A_I53A_relaxed.pdb,0
S605,2RN2A_H62P,WT,S605/2RN2A/2RN2A_relaxed.pdb,0
S605,2RN2A_H62P,Mut,S605/2RN2A/2RN2A_H62P_relaxed.pdb,0
S605,2RN2A_Q105G,WT,S605/2RN2A/2RN2A_relaxed.pdb,0
S605,2RN2A_Q105G,Mut,S605/2RN2A/2RN2A_Q105G_relaxed.pdb,0
S605,2TRXA_T66L,WT,S605/2TRXA/2TRXA_relaxed.pdb,0
S605,2TRXA_T66L,Mut,S605/2TRXA/2TRXA_T66L_relaxed.pdb,0
S605,2TRXA_D26I,WT,S605/2TRXA/2TRXA_relaxed.pdb,0
S605,2TRXA_D26I,Mut,S605/2TRXA/2TRXA_D26I_relaxed.pdb,0
S605,2TRXA_P34S,WT,S605/2TRXA/2TRXA_relaxed.pdb,0
S605,2TRXA_P34S,Mut,S605/2TRXA/2TRXA_P34S_relaxed.pdb,0
S605,2TRXA_P76A,WT,S605/2TRXA/2TRXA_relaxed.pdb,0
S605,2TRXA_P76A,Mut,S605/2TRXA/2TRXA_P76A_relaxed.pdb,0
S605,3BLSA_Y150F,WT,S605/3BLSA/3BLSA_relaxed.pdb,0
S605,3BLSA_Y150F,Mut,S605/3BLSA/3BLSA_Y150F_relaxed.pdb,0
S605,3D2AA_M134E,WT,S605/3D2AA/3D2AA_relaxed.pdb,0
S605,3D2AA_M134E,Mut,S605/3D2AA/3D2AA_M134E_relaxed.pdb,0
S605,3D2AA_M137P,WT,S605/3D2AA/3D2AA_relaxed.pdb,0
S605,3D2AA_M137P,Mut,S605/3D2AA/3D2AA_M137P_relaxed.pdb,0
S605,3D2AA_S163P,WT,S605/3D2AA/3D2AA_relaxed.pdb,0
S605,3D2AA_S163P,Mut,S605/3D2AA/3D2AA_S163P_relaxed.pdb,0
S605,3MBPA_W10A,WT,S605/3MBPA/3MBPA_relaxed.pdb,0
S605,3MBPA_W10A,Mut,S605/3MBPA/3MBPA_W10A_relaxed.pdb,0
S605,3MBPA_P48S,WT,S605/3MBPA/3MBPA_relaxed.pdb,0
S605,3MBPA_P48S,Mut,S605/3MBPA/3MBPA_P48S_relaxed.pdb,0
S605,3MBPA_I59A,WT,S605/3MBPA/3MBPA_relaxed.pdb,0
S605,3MBPA_I59A,Mut,S605/3MBPA/3MBPA_I59A_relaxed.pdb,0
S605,3MBPA_I108A,WT,S605/3MBPA/3MBPA_relaxed.pdb,0
S605,3MBPA_I108A,Mut,S605/3MBPA/3MBPA_I108A_relaxed.pdb,0
S605,3MBPA_L115A,WT,S605/3MBPA/3MBPA_relaxed.pdb,0
S605,3MBPA_L115A,Mut,S605/3MBPA/3MBPA_L115A_relaxed.pdb,0
S605,3MBPA_P133S,WT,S605/3MBPA/3MBPA_relaxed.pdb,0
S605,3MBPA_P133S,Mut,S605/3MBPA/3MBPA_P133S_relaxed.pdb,0
S605,3MBPA_L147A,WT,S605/3MBPA/3MBPA_relaxed.pdb,0
S605,3MBPA_L147A,Mut,S605/3MBPA/3MBPA_L147A_relaxed.pdb,0
S605,3MBPA_P159A,WT,S605/3MBPA/3MBPA_relaxed.pdb,0
S605,3MBPA_P159A,Mut,S605/3MBPA/3MBPA_P159A_relaxed.pdb,0
S605,3MBPA_P159S,WT,S605/3MBPA/3MBPA_relaxed.pdb,0
S605,3MBPA_P159S,Mut,S605/3MBPA/3MBPA_P159S_relaxed.pdb,0
S605,3MBPA_I161A,WT,S605/3MBPA/3MBPA_relaxed.pdb,0
S605,3MBPA_I161A,Mut,S605/3MBPA/3MBPA_I161A_relaxed.pdb,0
S605,3MBPA_L192A,WT,S605/3MBPA/3MBPA_relaxed.pdb,0
S605,3MBPA_L192A,Mut,S605/3MBPA/3MBPA_L192A_relaxed.pdb,0
S605,3MBPA_L195A,WT,S605/3MBPA/3MBPA_relaxed.pdb,0
S605,3MBPA_L195A,Mut,S605/3MBPA/3MBPA_L195A_relaxed.pdb,0
S605,3MBPA_I226A,WT,S605/3MBPA/3MBPA_relaxed.pdb,0
S605,3MBPA_I226A,Mut,S605/3MBPA/3MBPA_I226A_relaxed.pdb,0
S605,3MBPA_V347A,WT,S605/3MBPA/3MBPA_relaxed.pdb,0
S605,3MBPA_V347A,Mut,S605/3MBPA/3MBPA_V347A_relaxed.pdb,0
S605,3MBPA_L361A,WT,S605/3MBPA/3MBPA_relaxed.pdb,0
S605,3MBPA_L361A,Mut,S605/3MBPA/3MBPA_L361A_relaxed.pdb,0
S605,3PGKA_H388Q,WT,S605/3PGKA/3PGKA_relaxed.pdb,0
S605,3PGKA_H388Q,Mut,S605/3PGKA/3PGKA_H388Q_relaxed.pdb,0
S605,4LYZA_I55T,WT,S605/4LYZA/4LYZA_relaxed.pdb,0
S605,4LYZA_I55T,Mut,S605/4LYZA/4LYZA_I55T_relaxed.pdb,0
S605,5AZUA_I7S,WT,S605/5AZUA/5AZUA_relaxed.pdb,0
S605,5AZUA_I7S,Mut,S605/5AZUA/5AZUA_I7S_relaxed.pdb,0
S879,107LA_G44S,WT,S879/107LA/107LA_relaxed.pdb,0
S879,107LA_G44S,Mut,S879/107LA/107LA_G44S_relaxed.pdb,0
S879,108LA_I44S,WT,S879/108LA/108LA_relaxed.pdb,0
S879,108LA_I44S,Mut,S879/108LA/108LA_I44S_relaxed.pdb,0
S879,109LA_K44S,WT,S879/109LA/109LA_relaxed.pdb,0
S879,109LA_K44S,Mut,S879/109LA/109LA_K44S_relaxed.pdb,0
S879,110LA_L44S,WT,S879/110LA/110LA_relaxed.pdb,0
S879,110LA_L44S,Mut,S879/110LA/110LA_L44S_relaxed.pdb,0
S879,111LA_N44S,WT,S879/111LA/111LA_relaxed.pdb,0
S879,111LA_N44S,Mut,S879/111LA/111LA_N44S_relaxed.pdb,0
S879,112LA_P44S,WT,S879/112LA/112LA_relaxed.pdb,0
S879,112LA_P44S,Mut,S879/112LA/112LA_P44S_relaxed.pdb,0
S879,113LA_R44S,WT,S879/113LA/113LA_relaxed.pdb,0
S879,113LA_R44S,Mut,S879/113LA/113LA_R44S_relaxed.pdb,0
S879,114LA_T44S,WT,S879/114LA/114LA_relaxed.pdb,0
S879,114LA_T44S,Mut,S879/114LA/114LA_T44S_relaxed.pdb,0
S879,115LA_V44S,WT,S879/115LA/115LA_relaxed.pdb,0
S879,115LA_V44S,Mut,S879/115LA/115LA_V44S_relaxed.pdb,0
S879,118LA_S130A,WT,S879/118LA/118LA_relaxed.pdb,0
S879,118LA_S130A,Mut,S879/118LA/118LA_S130A_relaxed.pdb,0
S879,119LA_S134A,WT,S879/119LA/119LA_relaxed.pdb,0
S879,119LA_S134A,Mut,S879/119LA/119LA_S134A_relaxed.pdb,0
S879,120LA_S41A,WT,S879/120LA/120LA_relaxed.pdb,0
S879,120LA_S41A,Mut,S879/120LA/120LA_S41A_relaxed.pdb,0
S879,122LA_S73A,WT,S879/122LA/122LA_relaxed.pdb,0
S879,122LA_S73A,Mut,S879/122LA/122LA_S73A_relaxed.pdb,0
S879,123LA_S82A,WT,S879/123LA/123LA_relaxed.pdb,0
S879,123LA_S82A,Mut,S879/123LA/123LA_S82A_relaxed.pdb,0
S879,125LA_S98A,WT,S879/125LA/125LA_relaxed.pdb,0
S879,125LA_S98A,Mut,S879/125LA/125LA_S98A_relaxed.pdb,0
S879,126LA_T149V,WT,S879/126LA/126LA_relaxed.pdb,0
S879,126LA_T149V,Mut,S879/126LA/126LA_T149V_relaxed.pdb,0
S879,127LA_T75V,WT,S879/127LA/127LA_relaxed.pdb,0
S879,127LA_T75V,Mut,S879/127LA/127LA_T75V_relaxed.pdb,0
S879,128LA_T87V,WT,S879/128LA/128LA_relaxed.pdb,0
S879,128LA_T87V,Mut,S879/128LA/128LA_T87V_relaxed.pdb,0
S879,137LA_F44S,WT,S879/137LA/137LA_relaxed.pdb,0
S879,137LA_F44S,Mut,S879/137LA/137LA_F44S_relaxed.pdb,0
S879,1AARA_F45W,WT,S879/1AARA/1AARA_relaxed.pdb,0
S879,1AARA_F45W,Mut,S879/1AARA/1AARA_F45W_relaxed.pdb,0
S879,1AARA_H68E,WT,S879/1AARA/1AARA_relaxed.pdb,0
S879,1AARA_H68E,Mut,S879/1AARA/1AARA_H68E_relaxed.pdb,0
S879,1AARA_H68Q,WT,S879/1AARA/1AARA_relaxed.pdb,0
S879,1AARA_H68Q,Mut,S879/1AARA/1AARA_H68Q_relaxed.pdb,0
S879,1AARA_K27Q,WT,S879/1AARA/1AARA_relaxed.pdb,0
S879,1AARA_K27Q,Mut,S879/1AARA/1AARA_K27Q_relaxed.pdb,0
S879,1AARA_K29N,WT,S879/1AARA/1AARA_relaxed.pdb,0
S879,1AARA_K29N,Mut,S879/1AARA/1AARA_K29N_relaxed.pdb,0
S879,1AARA_K29Q,WT,S879/1AARA/1AARA_relaxed.pdb,0
S879,1AARA_K29Q,Mut,S879/1AARA/1AARA_K29Q_relaxed.pdb,0
S879,1AARA_K6E,WT,S879/1AARA/1AARA_relaxed.pdb,0
S879,1AARA_K6E,Mut,S879/1AARA/1AARA_K6E_relaxed.pdb,0
S879,1AARA_K6Q,WT,S879/1AARA/1AARA_relaxed.pdb,0
S879,1AARA_K6Q,Mut,S879/1AARA/1AARA_K6Q_relaxed.pdb,0
S879,1AARA_R42E,WT,S879/1AARA/1AARA_relaxed.pdb,0
S879,1AARA_R42E,Mut,S879/1AARA/1AARA_R42E_relaxed.pdb,0
S879,1AARA_R72Q,WT,S879/1AARA/1AARA_relaxed.pdb,0
S879,1AARA_R72Q,Mut,S879/1AARA/1AARA_R72Q_relaxed.pdb,0
S879,1AJ3A_P61A,WT,S879/1AJ3A/1AJ3A_relaxed.pdb,0
S879,1AJ3A_P61A,Mut,S879/1AJ3A/1AJ3A_P61A_relaxed.pdb,0
S879,1AJ3A_Q107A,WT,S879/1AJ3A/1AJ3A_relaxed.pdb,0
S879,1AJ3A_Q107A,Mut,S879/1AJ3A/1AJ3A_Q107A_relaxed.pdb,0
S879,1AJ3A_Q107G,WT,S879/1AJ3A/1AJ3A_relaxed.pdb,0
S879,1AJ3A_Q107G,Mut,S879/1AJ3A/1AJ3A_Q107G_relaxed.pdb,0
S879,1AKKA_L94V,WT,S879/1AKKA/1AKKA_relaxed.pdb,0
S879,1AKKA_L94V,Mut,S879/1AKKA/1AKKA_L94V_relaxed.pdb,0
S879,1APSA_E29D,WT,S879/1APSA/1APSA_relaxed.pdb,0
S879,1APSA_E29D,Mut,S879/1APSA/1APSA_E29D_relaxed.pdb,0
S879,1APSA_F94L,WT,S879/1APSA/1APSA_relaxed.pdb,0
S879,1APSA_F94L,Mut,S879/1APSA/1APSA_F94L_relaxed.pdb,0
S879,1APSA_L65V,WT,S879/1APSA/1APSA_relaxed.pdb,0
S879,1APSA_L65V,Mut,S879/1APSA/1APSA_L65V_relaxed.pdb,0
S879,1APSA_M61A,WT,S879/1APSA/1APSA_relaxed.pdb,0
S879,1APSA_M61A,Mut,S879/1APSA/1APSA_M61A_relaxed.pdb,0
S879,1APSA_P54A,WT,S879/1APSA/1APSA_relaxed.pdb,0
S879,1APSA_P54A,Mut,S879/1APSA/1APSA_P54A_relaxed.pdb,0
S879,1APSA_P71A,WT,S879/1APSA/1APSA_relaxed.pdb,0
S879,1APSA_P71A,Mut,S879/1APSA/1APSA_P71A_relaxed.pdb,0
S879,1AYFB_C95S,WT,S879/1AYFB/1AYFB_relaxed.pdb,0
S879,1AYFB_C95S,Mut,S879/1AYFB/1AYFB_C95S_relaxed.pdb,0
S879,1AYFB_D76E,WT,S879/1AYFB/1AYFB_relaxed.pdb,0
S879,1AYFB_D76E,Mut,S879/1AYFB/1AYFB_D76E_relaxed.pdb,0
S879,1AYFB_H56Q,WT,S879/1AYFB/1AYFB_relaxed.pdb,0
S879,1AYFB_H56Q,Mut,S879/1AYFB/1AYFB_H56Q_relaxed.pdb,0
S879,1AYFB_H56R,WT,S879/1AYFB/1AYFB_relaxed.pdb,0
S879,1AYFB_H56R,Mut,S879/1AYFB/1AYFB_H56R_relaxed.pdb,0
S879,1AYFB_H56T,WT,S879/1AYFB/1AYFB_relaxed.pdb,0
S879,1AYFB_H56T,Mut,S879/1AYFB/1AYFB_H56T_relaxed.pdb,0
S879,1AYFB_T54A,WT,S879/1AYFB/1AYFB_relaxed.pdb,0
S879,1AYFB_T54A,Mut,S879/1AYFB/1AYFB_T54A_relaxed.pdb,0
S879,1AYFB_T54S,WT,S879/1AYFB/1AYFB_relaxed.pdb,0
S879,1AYFB_T54S,Mut,S879/1AYFB/1AYFB_T54S_relaxed.pdb,0
S879,1AYFB_Y82F,WT,S879/1AYFB/1AYFB_relaxed.pdb,0
S879,1AYFB_Y82F,Mut,S879/1AYFB/1AYFB_Y82F_relaxed.pdb,0
S879,1AYFB_Y82L,WT,S879/1AYFB/1AYFB_relaxed.pdb,0
S879,1AYFB_Y82L,Mut,S879/1AYFB/1AYFB_Y82L_relaxed.pdb,0
S879,1AYFB_Y82S,WT,S879/1AYFB/1AYFB_relaxed.pdb,0
S879,1AYFB_Y82S,Mut,S879/1AYFB/1AYFB_Y82S_relaxed.pdb,0
S879,1AYFB_Y82W,WT,S879/1AYFB/1AYFB_relaxed.pdb,0
S879,1AYFB_Y82W,Mut,S879/1AYFB/1AYFB_Y82W_relaxed.pdb,0
S879,1B5MA_D60R,WT,S879/1B5MA/1B5MA_relaxed.pdb,0
S879,1B5MA_D60R,Mut,S879/1B5MA/1B5MA_D60R_relaxed.pdb,0
S879,1B5MA_P81A,WT,S879/1B5MA/1B5MA_relaxed.pdb,0
S879,1B5MA_P81A,Mut,S879/1B5MA/1B5MA_P81A_relaxed.pdb,0
S879,1BNIA_A32P,WT,S879/1BNIA/1BNIA_relaxed.pdb,0
S879,1BNIA_A32P,Mut,S879/1BNIA/1BNIA_A32P_relaxed.pdb,0
S879,1BNIA_D75N,WT,S879/1BNIA/1BNIA_relaxed.pdb,0
S879,1BNIA_D75N,Mut,S879/1BNIA/1BNIA_D75N_relaxed.pdb,0
S879,1BNIA_E73G,WT,S879/1BNIA/1BNIA_relaxed.pdb,0
S879,1BNIA_E73G,Mut,S879/1BNIA/1BNIA_E73G_relaxed.pdb,0
S879,1BNIA_G52A,WT,S879/1BNIA/1BNIA_relaxed.pdb,0
S879,1BNIA_G52A,Mut,S879/1BNIA/1BNIA_G52A_relaxed.pdb,0
S879,1BNIA_G52V,WT,S879/1BNIA/1BNIA_relaxed.pdb,0
S879,1BNIA_G52V,Mut,S879/1BNIA/1BNIA_G52V_relaxed.pdb,0
S879,1BNIA_G53V,WT,S879/1BNIA/1BNIA_relaxed.pdb,0
S879,1BNIA_G53V,Mut,S879/1BNIA/1BNIA_G53V_relaxed.pdb,0
S879,1BNIA_I55G,WT,S879/1BNIA/1BNIA_relaxed.pdb,0
S879,1BNIA_I55G,Mut,S879/1BNIA/1BNIA_I55G_relaxed.pdb,0
S879,1BNIA_I88G,WT,S879/1BNIA/1BNIA_relaxed.pdb,0
S879,1BNIA_I88G,Mut,S879/1BNIA/1BNIA_I88G_relaxed.pdb,0
S879,1BNIA_I96G,WT,S879/1BNIA/1BNIA_relaxed.pdb,0
S879,1BNIA_I96G,Mut,S879/1BNIA/1BNIA_I96G_relaxed.pdb,0
S879,1BNIA_L89G,WT,S879/1BNIA/1BNIA_relaxed.pdb,0
S879,1BNIA_L89G,Mut,S879/1BNIA/1BNIA_L89G_relaxed.pdb,0
S879,1BNIA_L95G,WT,S879/1BNIA/1BNIA_relaxed.pdb,0
S879,1BNIA_L95G,Mut,S879/1BNIA/1BNIA_L95G_relaxed.pdb,0
S879,1BNIA_Q15A,WT,S879/1BNIA/1BNIA_relaxed.pdb,0
S879,1BNIA_Q15A,Mut,S879/1BNIA/1BNIA_Q15A_relaxed.pdb,0
S879,1BNIA_Q15G,WT,S879/1BNIA/1BNIA_relaxed.pdb,0
S879,1BNIA_Q15G,Mut,S879/1BNIA/1BNIA_Q15G_relaxed.pdb,0
S879,1BNIA_R72G,WT,S879/1BNIA/1BNIA_relaxed.pdb,0
S879,1BNIA_R72G,Mut,S879/1BNIA/1BNIA_R72G_relaxed.pdb,0
S879,1BNIA_T100G,WT,S879/1BNIA/1BNIA_relaxed.pdb,0
S879,1BNIA_T100G,Mut,S879/1BNIA/1BNIA_T100G_relaxed.pdb,0
S879,1BNIA_T6P,WT,S879/1BNIA/1BNIA_relaxed.pdb,0
S879,1BNIA_T6P,Mut,S879/1BNIA/1BNIA_T6P_relaxed.pdb,0
S879,1BNIA_Y13G,WT,S879/1BNIA/1BNIA_relaxed.pdb,0
S879,1BNIA_Y13G,Mut,S879/1BNIA/1BNIA_Y13G_relaxed.pdb,0
S879,1BNIA_Y97G,WT,S879/1BNIA/1BNIA_relaxed.pdb,0
S879,1BNIA_Y97G,Mut,S879/1BNIA/1BNIA_Y97G_relaxed.pdb,0
S879,1BNLA_D76A,WT,S879/1BNLA/1BNLA_relaxed.pdb,0
S879,1BNLA_D76A,Mut,S879/1BNLA/1BNLA_D76A_relaxed.pdb,0
S879,1BPIA_D3A,WT,S879/1BPIA/1BPIA_relaxed.pdb,0
S879,1BPIA_D3A,Mut,S879/1BPIA/1BPIA_D3A_relaxed.pdb,0
S879,1BPIA_D50A,WT,S879/1BPIA/1BPIA_relaxed.pdb,0
S879,1BPIA_D50A,Mut,S879/1BPIA/1BPIA_D50A_relaxed.pdb,0
S879,1BPIA_E49A,WT,S879/1BPIA/1BPIA_relaxed.pdb,0
S879,1BPIA_E49A,Mut,S879/1BPIA/1BPIA_E49A_relaxed.pdb,0
S879,1BPIA_E7A,WT,S879/1BPIA/1BPIA_relaxed.pdb,0
S879,1BPIA_E7A,Mut,S879/1BPIA/1BPIA_E7A_relaxed.pdb,0
S879,1BPIA_F45A,WT,S879/1BPIA/1BPIA_relaxed.pdb,0
S879,1BPIA_F45A,Mut,S879/1BPIA/1BPIA_F45A_relaxed.pdb,0
S879,1BPIA_F4A,WT,S879/1BPIA/1BPIA_relaxed.pdb,0
S879,1BPIA_F4A,Mut,S879/1BPIA/1BPIA_F4A_relaxed.pdb,0
S879,1BPIA_G12A,WT,S879/1BPIA/1BPIA_relaxed.pdb,0
S879,1BPIA_G12A,Mut,S879/1BPIA/1BPIA_G12A_relaxed.pdb,0
S879,1BPIA_G28A,WT,S879/1BPIA/1BPIA_relaxed.pdb,0
S879,1BPIA_G28A,Mut,S879/1BPIA/1BPIA_G28A_relaxed.pdb,0
S879,1BPIA_G36A,WT,S879/1BPIA/1BPIA_relaxed.pdb,0
S879,1BPIA_G36A,Mut,S879/1BPIA/1BPIA_G36A_relaxed.pdb,0
S879,1BPIA_G56A,WT,S879/1BPIA/1BPIA_relaxed.pdb,0
S879,1BPIA_G56A,Mut,S879/1BPIA/1BPIA_G56A_relaxed.pdb,0
S879,1BPIA_G57A,WT,S879/1BPIA/1BPIA_relaxed.pdb,0
S879,1BPIA_G57A,Mut,S879/1BPIA/1BPIA_G57A_relaxed.pdb,0
S879,1BPIA_I18A,WT,S879/1BPIA/1BPIA_relaxed.pdb,0
S879,1BPIA_I18A,Mut,S879/1BPIA/1BPIA_I18A_relaxed.pdb,0
S879,1BPIA_I19A,WT,S879/1BPIA/1BPIA_relaxed.pdb,0
S879,1BPIA_I19A,Mut,S879/1BPIA/1BPIA_I19A_relaxed.pdb,0
S879,1BPIA_K15A,WT,S879/1BPIA/1BPIA_relaxed.pdb,0
S879,1BPIA_K15A,Mut,S879/1BPIA/1BPIA_K15A_relaxed.pdb,0
S879,1BPIA_K26A,WT,S879/1BPIA/1BPIA_relaxed.pdb,0
S879,1BPIA_K26A,Mut,S879/1BPIA/1BPIA_K26A_relaxed.pdb,0
S879,1BPIA_K41A,WT,S879/1BPIA/1BPIA_relaxed.pdb,0
S879,1BPIA_K41A,Mut,S879/1BPIA/1BPIA_K41A_relaxed.pdb,0
S879,1BPIA_K46A,WT,S879/1BPIA/1BPIA_relaxed.pdb,0
S879,1BPIA_K46A,Mut,S879/1BPIA/1BPIA_K46A_relaxed.pdb,0
S879,1BPIA_L29A,WT,S879/1BPIA/1BPIA_relaxed.pdb,0
S879,1BPIA_L29A,Mut,S879/1BPIA/1BPIA_L29A_relaxed.pdb,0
S879,1BPIA_L6A,WT,S879/1BPIA/1BPIA_relaxed.pdb,0
S879,1BPIA_L6A,Mut,S879/1BPIA/1BPIA_L6A_relaxed.pdb,0
S879,1BPIA_M52A,WT,S879/1BPIA/1BPIA_relaxed.pdb,0
S879,1BPIA_M52A,Mut,S879/1BPIA/1BPIA_M52A_relaxed.pdb,0
S879,1BPIA_N24A,WT,S879/1BPIA/1BPIA_relaxed.pdb,0
S879,1BPIA_N24A,Mut,S879/1BPIA/1BPIA_N24A_relaxed.pdb,0
S879,1BPIA_N43G,WT,S879/1BPIA/1BPIA_relaxed.pdb,0
S879,1BPIA_N43G,Mut,S879/1BPIA/1BPIA_N43G_relaxed.pdb,0
S879,1BPIA_N44A,WT,S879/1BPIA/1BPIA_relaxed.pdb,0
S879,1BPIA_N44A,Mut,S879/1BPIA/1BPIA_N44A_relaxed.pdb,0
S879,1BPIA_P13A,WT,S879/1BPIA/1BPIA_relaxed.pdb,0
S879,1BPIA_P13A,Mut,S879/1BPIA/1BPIA_P13A_relaxed.pdb,0
S879,1BPIA_P13S,WT,S879/1BPIA/1BPIA_relaxed.pdb,0
S879,1BPIA_P13S,Mut,S879/1BPIA/1BPIA_P13S_relaxed.pdb,0
S879,1BPIA_P2A,WT,S879/1BPIA/1BPIA_relaxed.pdb,0
S879,1BPIA_P2A,Mut,S879/1BPIA/1BPIA_P2A_relaxed.pdb,0
S879,1BPIA_P8A,WT,S879/1BPIA/1BPIA_relaxed.pdb,0
S879,1BPIA_P8A,Mut,S879/1BPIA/1BPIA_P8A_relaxed.pdb,0
S879,1BPIA_P9A,WT,S879/1BPIA/1BPIA_relaxed.pdb,0
S879,1BPIA_P9A,Mut,S879/1BPIA/1BPIA_P9A_relaxed.pdb,0
S879,1BPIA_Q31A,WT,S879/1BPIA/1BPIA_relaxed.pdb,0
S879,1BPIA_Q31A,Mut,S879/1BPIA/1BPIA_Q31A_relaxed.pdb,0
S879,1BPIA_R17A,WT,S879/1BPIA/1BPIA_relaxed.pdb,0
S879,1BPIA_R17A,Mut,S879/1BPIA/1BPIA_R17A_relaxed.pdb,0
S879,1BPIA_R1A,WT,S879/1BPIA/1BPIA_relaxed.pdb,0
S879,1BPIA_R1A,Mut,S879/1BPIA/1BPIA_R1A_relaxed.pdb,0
S879,1BPIA_R20A,WT,S879/1BPIA/1BPIA_relaxed.pdb,0
S879,1BPIA_R20A,Mut,S879/1BPIA/1BPIA_R20A_relaxed.pdb,0
S879,1BPIA_R39A,WT,S879/1BPIA/1BPIA_relaxed.pdb,0
S879,1BPIA_R39A,Mut,S879/1BPIA/1BPIA_R39A_relaxed.pdb,0
S879,1BPIA_R42A,WT,S879/1BPIA/1BPIA_relaxed.pdb,0
S879,1BPIA_R42A,Mut,S879/1BPIA/1BPIA_R42A_relaxed.pdb,0
S879,1BPIA_R53A,WT,S879/1BPIA/1BPIA_relaxed.pdb,0
S879,1BPIA_R53A,Mut,S879/1BPIA/1BPIA_R53A_relaxed.pdb,0
S879,1BPIA_S47A,WT,S879/1BPIA/1BPIA_relaxed.pdb,0
S879,1BPIA_S47A,Mut,S879/1BPIA/1BPIA_S47A_relaxed.pdb,0
S879,1BPIA_T11A,WT,S879/1BPIA/1BPIA_relaxed.pdb,0
S879,1BPIA_T11A,Mut,S879/1BPIA/1BPIA_T11A_relaxed.pdb,0
S879,1BPIA_T32A,WT,S879/1BPIA/1BPIA_relaxed.pdb,0
S879,1BPIA_T32A,Mut,S879/1BPIA/1BPIA_T32A_relaxed.pdb,0
S879,1BPIA_T54A,WT,S879/1BPIA/1BPIA_relaxed.pdb,0
S879,1BPIA_T54A,Mut,S879/1BPIA/1BPIA_T54A_relaxed.pdb,0
S879,1BPIA_V34A,WT,S879/1BPIA/1BPIA_relaxed.pdb,0
S879,1BPIA_V34A,Mut,S879/1BPIA/1BPIA_V34A_relaxed.pdb,0
S879,1BPIA_Y10A,WT,S879/1BPIA/1BPIA_relaxed.pdb,0
S879,1BPIA_Y10A,Mut,S879/1BPIA/1BPIA_Y10A_relaxed.pdb,0
S879,1BPIA_Y23A,WT,S879/1BPIA/1BPIA_relaxed.pdb,0
S879,1BPIA_Y23A,Mut,S879/1BPIA/1BPIA_Y23A_relaxed.pdb,0
S879,1BPIA_Y35L,WT,S879/1BPIA/1BPIA_relaxed.pdb,0
S879,1BPIA_Y35L,Mut,S879/1BPIA/1BPIA_Y35L_relaxed.pdb,0
S879,1BPTA_A23Y,WT,S879/1BPTA/1BPTA_relaxed.pdb,0
S879,1BPTA_A23Y,Mut,S879/1BPTA/1BPTA_A23Y_relaxed.pdb,0
S879,1C2RA_G34S,WT,S879/1C2RA/1C2RA_relaxed.pdb,0
S879,1C2RA_G34S,Mut,S879/1C2RA/1C2RA_G34S_relaxed.pdb,0
S879,1C2RA_K12D,WT,S879/1C2RA/1C2RA_relaxed.pdb,0
S879,1C2RA_K12D,Mut,S879/1C2RA/1C2RA_K12D_relaxed.pdb,0
S879,1C2RA_K14E,WT,S879/1C2RA/1C2RA_relaxed.pdb,0
S879,1C2RA_K14E,Mut,S879/1C2RA/1C2RA_K14E_relaxed.pdb,0
S879,1C2RA_K32E,WT,S879/1C2RA/1C2RA_relaxed.pdb,0
S879,1C2RA_K32E,Mut,S879/1C2RA/1C2RA_K32E_relaxed.pdb,0
S879,1C2RA_P35A,WT,S879/1C2RA/1C2RA_relaxed.pdb,0
S879,1C2RA_P35A,Mut,S879/1C2RA/1C2RA_P35A_relaxed.pdb,0
S879,1CTWA_A78I,WT,S879/1CTWA/1CTWA_relaxed.pdb,0
S879,1CTWA_A78I,Mut,S879/1CTWA/1CTWA_A78I_relaxed.pdb,0
S879,1CU0A_M78I,WT,S879/1CU0A/1CU0A_relaxed.pdb,0
S879,1CU0A_M78I,Mut,S879/1CU0A/1CU0A_M78I_relaxed.pdb,0
S879,1CU2A_M84L,WT,S879/1CU2A/1CU2A_relaxed.pdb,0
S879,1CU2A_M84L,Mut,S879/1CU2A/1CU2A_M84L_relaxed.pdb,0
S879,1CU3A_M87V,WT,S879/1CU3A/1CU3A_relaxed.pdb,0
S879,1CU3A_M87V,Mut,S879/1CU3A/1CU3A_M87V_relaxed.pdb,0
S879,1CU5A_M91L,WT,S879/1CU5A/1CU5A_relaxed.pdb,0
S879,1CU5A_M91L,Mut,S879/1CU5A/1CU5A_M91L_relaxed.pdb,0
S879,1CU6A_A91L,WT,S879/1CU6A/1CU6A_relaxed.pdb,0
S879,1CU6A_A91L,Mut,S879/1CU6A/1CU6A_A91L_relaxed.pdb,0
S879,1CUPA_M100I,WT,S879/1CUPA/1CUPA_relaxed.pdb,0
S879,1CUPA_M100I,Mut,S879/1CUPA/1CUPA_M100I_relaxed.pdb,0
S879,1CUQA_M103V,WT,S879/1CUQA/1CUQA_relaxed.pdb,0
S879,1CUQA_M103V,Mut,S879/1CUQA/1CUQA_M103V_relaxed.pdb,0
S879,1CV0A_M104F,WT,S879/1CV0A/1CV0A_relaxed.pdb,0
S879,1CV0A_M104F,Mut,S879/1CV0A/1CV0A_M104F_relaxed.pdb,0
S879,1CV1A_M111V,WT,S879/1CV1A/1CV1A_relaxed.pdb,0
S879,1CV1A_M111V,Mut,S879/1CV1A/1CV1A_M111V_relaxed.pdb,0
S879,1CV3A_M121L,WT,S879/1CV3A/1CV3A_relaxed.pdb,0
S879,1CV3A_M121L,Mut,S879/1CV3A/1CV3A_M121L_relaxed.pdb,0
S879,1CV4A_M118L,WT,S879/1CV4A/1CV4A_relaxed.pdb,0
S879,1CV4A_M118L,Mut,S879/1CV4A/1CV4A_M118L_relaxed.pdb,0
S879,1CV5A_M133L,WT,S879/1CV5A/1CV5A_relaxed.pdb,0
S879,1CV5A_M133L,Mut,S879/1CV5A/1CV5A_M133L_relaxed.pdb,0
S879,1CV6A_M149V,WT,S879/1CV6A/1CV6A_relaxed.pdb,0
S879,1CV6A_M149V,Mut,S879/1CV6A/1CV6A_M149V_relaxed.pdb,0
S879,1CVKA_A118L,WT,S879/1CVKA/1CVKA_relaxed.pdb,0
S879,1CVKA_A118L,Mut,S879/1CVKA/1CVKA_A118L_relaxed.pdb,0
S879,1CYOA_F35H,WT,S879/1CYOA/1CYOA_relaxed.pdb,0
S879,1CYOA_F35H,Mut,S879/1CYOA/1CYOA_F35H_relaxed.pdb,0
S879,1CYOA_F35L,WT,S879/1CYOA/1CYOA_relaxed.pdb,0
S879,1CYOA_F35L,Mut,S879/1CYOA/1CYOA_F35L_relaxed.pdb,0
S879,1CYOA_F35Y,WT,S879/1CYOA/1CYOA_relaxed.pdb,0
S879,1CYOA_F35Y,Mut,S879/1CYOA/1CYOA_F35Y_relaxed.pdb,0
S879,1CYOA_S71L,WT,S879/1CYOA/1CYOA_relaxed.pdb,0
S879,1CYOA_S71L,Mut,S879/1CYOA/1CYOA_S71L_relaxed.pdb,0
S879,1CYOA_V45E,WT,S879/1CYOA/1CYOA_relaxed.pdb,0
S879,1CYOA_V45E,Mut,S879/1CYOA/1CYOA_V45E_relaxed.pdb,0
S879,1CYOA_V45G,WT,S879/1CYOA/1CYOA_relaxed.pdb,0
S879,1CYOA_V45G,Mut,S879/1CYOA/1CYOA_V45G_relaxed.pdb,0
S879,1CYOA_V45H,WT,S879/1CYOA/1CYOA_relaxed.pdb,0
S879,1CYOA_V45H,Mut,S879/1CYOA/1CYOA_V45H_relaxed.pdb,0
S879,1CYOA_V45T,WT,S879/1CYOA/1CYOA_relaxed.pdb,0
S879,1CYOA_V45T,Mut,S879/1CYOA/1CYOA_V45T_relaxed.pdb,0
S879,1CYOA_V45Y,WT,S879/1CYOA/1CYOA_relaxed.pdb,0
S879,1CYOA_V45Y,Mut,S879/1CYOA/1CYOA_V45Y_relaxed.pdb,0
S879,1CYOA_V61E,WT,S879/1CYOA/1CYOA_relaxed.pdb,0
S879,1CYOA_V61E,Mut,S879/1CYOA/1CYOA_V61E_relaxed.pdb,0
S879,1CYOA_V61H,WT,S879/1CYOA/1CYOA_relaxed.pdb,0
S879,1CYOA_V61H,Mut,S879/1CYOA/1CYOA_V61H_relaxed.pdb,0
S879,1CYOA_V61K,WT,S879/1CYOA/1CYOA_relaxed.pdb,0
S879,1CYOA_V61K,Mut,S879/1CYOA/1CYOA_V61K_relaxed.pdb,0
S879,1CYOA_V61Y,WT,S879/1CYOA/1CYOA_relaxed.pdb,0
S879,1CYOA_V61Y,Mut,S879/1CYOA/1CYOA_V61Y_relaxed.pdb,0
S879,1D2WA_M27I,WT,S879/1D2WA/1D2WA_relaxed.pdb,0
S879,1D2WA_M27I,Mut,S879/1D2WA/1D2WA_M27I_relaxed.pdb,0
S879,1D2YA_M50I,WT,S879/1D2YA/1D2YA_relaxed.pdb,0
S879,1D2YA_M50I,Mut,S879/1D2YA/1D2YA_M50I_relaxed.pdb,0
S879,1D3JA_M66L,WT,S879/1D3JA/1D3JA_relaxed.pdb,0
S879,1D3JA_M66L,Mut,S879/1D3JA/1D3JA_M66L_relaxed.pdb,0
S879,1DIVA_D23A,WT,S879/1DIVA/1DIVA_relaxed.pdb,0
S879,1DIVA_D23A,Mut,S879/1DIVA/1DIVA_D23A_relaxed.pdb,0
S879,1DIVA_D23N,WT,S879/1DIVA/1DIVA_relaxed.pdb,0
S879,1DIVA_D23N,Mut,S879/1DIVA/1DIVA_D23N_relaxed.pdb,0
S879,1DIVA_D8N,WT,S879/1DIVA/1DIVA_relaxed.pdb,0
S879,1DIVA_D8N,Mut,S879/1DIVA/1DIVA_D8N_relaxed.pdb,0
S879,1DIVA_E17Q,WT,S879/1DIVA/1DIVA_relaxed.pdb,0
S879,1DIVA_E17Q,Mut,S879/1DIVA/1DIVA_E17Q_relaxed.pdb,0
S879,1DIVA_E38Q,WT,S879/1DIVA/1DIVA_relaxed.pdb,0
S879,1DIVA_E38Q,Mut,S879/1DIVA/1DIVA_E38Q_relaxed.pdb,0
S879,1DIVA_E48Q,WT,S879/1DIVA/1DIVA_relaxed.pdb,0
S879,1DIVA_E48Q,Mut,S879/1DIVA/1DIVA_E48Q_relaxed.pdb,0
S879,1DIVA_E54Q,WT,S879/1DIVA/1DIVA_relaxed.pdb,0
S879,1DIVA_E54Q,Mut,S879/1DIVA/1DIVA_E54Q_relaxed.pdb,0
S879,1DIVA_H106Q,WT,S879/1DIVA/1DIVA_relaxed.pdb,0
S879,1DIVA_H106Q,Mut,S879/1DIVA/1DIVA_H106Q_relaxed.pdb,0
S879,1DIVA_H134Q,WT,S879/1DIVA/1DIVA_relaxed.pdb,0
S879,1DIVA_H134Q,Mut,S879/1DIVA/1DIVA_H134Q_relaxed.pdb,0
S879,1DIVA_H144Q,WT,S879/1DIVA/1DIVA_relaxed.pdb,0
S879,1DIVA_H144Q,Mut,S879/1DIVA/1DIVA_H144Q_relaxed.pdb,0
S879,1DIVA_I4A,WT,S879/1DIVA/1DIVA_relaxed.pdb,0
S879,1DIVA_I4A,Mut,S879/1DIVA/1DIVA_I4A_relaxed.pdb,0
S879,1DIVA_I4V,WT,S879/1DIVA/1DIVA_relaxed.pdb,0
S879,1DIVA_I4V,Mut,S879/1DIVA/1DIVA_I4V_relaxed.pdb,0
S879,1DIVA_K10M,WT,S879/1DIVA/1DIVA_relaxed.pdb,0
S879,1DIVA_K10M,Mut,S879/1DIVA/1DIVA_K10M_relaxed.pdb,0
S879,1DIVA_K12M,WT,S879/1DIVA/1DIVA_relaxed.pdb,0
S879,1DIVA_K12M,Mut,S879/1DIVA/1DIVA_K12M_relaxed.pdb,0
S879,1DIVA_K14M,WT,S879/1DIVA/1DIVA_relaxed.pdb,0
S879,1DIVA_K14M,Mut,S879/1DIVA/1DIVA_K14M_relaxed.pdb,0
S879,1DIVA_K15M,WT,S879/1DIVA/1DIVA_relaxed.pdb,0
S879,1DIVA_K15M,Mut,S879/1DIVA/1DIVA_K15M_relaxed.pdb,0
S879,1DIVA_K7M,WT,S879/1DIVA/1DIVA_relaxed.pdb,0
S879,1DIVA_K7M,Mut,S879/1DIVA/1DIVA_K7M_relaxed.pdb,0
S879,1DIVA_L30A,WT,S879/1DIVA/1DIVA_relaxed.pdb,0
S879,1DIVA_L30A,Mut,S879/1DIVA/1DIVA_L30A_relaxed.pdb,0
S879,1DIVA_L30V,WT,S879/1DIVA/1DIVA_relaxed.pdb,0
S879,1DIVA_L30V,Mut,S879/1DIVA/1DIVA_L30V_relaxed.pdb,0
S879,1DIVA_L6A,WT,S879/1DIVA/1DIVA_relaxed.pdb,0
S879,1DIVA_L6A,Mut,S879/1DIVA/1DIVA_L6A_relaxed.pdb,0
S879,1DIVA_L6I,WT,S879/1DIVA/1DIVA_relaxed.pdb,0
S879,1DIVA_L6I,Mut,S879/1DIVA/1DIVA_L6I_relaxed.pdb,0
S879,1DIVA_L6V,WT,S879/1DIVA/1DIVA_relaxed.pdb,0
S879,1DIVA_L6V,Mut,S879/1DIVA/1DIVA_L6V_relaxed.pdb,0
S879,1DIVA_M1A,WT,S879/1DIVA/1DIVA_relaxed.pdb,0
S879,1DIVA_M1A,Mut,S879/1DIVA/1DIVA_M1A_relaxed.pdb,0
S879,1DIVA_M1G,WT,S879/1DIVA/1DIVA_relaxed.pdb,0
S879,1DIVA_M1G,Mut,S879/1DIVA/1DIVA_M1G_relaxed.pdb,0
S879,1DIVA_V21A,WT,S879/1DIVA/1DIVA_relaxed.pdb,0
S879,1DIVA_V21A,Mut,S879/1DIVA/1DIVA_V21A_relaxed.pdb,0
S879,1DIVA_V21I,WT,S879/1DIVA/1DIVA_relaxed.pdb,0
S879,1DIVA_V21I,Mut,S879/1DIVA/1DIVA_V21I_relaxed.pdb,0
S879,1DIVA_V21L,WT,S879/1DIVA/1DIVA_relaxed.pdb,0
S879,1DIVA_V21L,Mut,S879/1DIVA/1DIVA_V21L_relaxed.pdb,0
S879,1DIVA_V3A,WT,S879/1DIVA/1DIVA_relaxed.pdb,0
S879,1DIVA_V3A,Mut,S879/1DIVA/1DIVA_V3A_relaxed.pdb,0
S879,1DIVA_V3I,WT,S879/1DIVA/1DIVA_relaxed.pdb,0
S879,1DIVA_V3I,Mut,S879/1DIVA/1DIVA_V3I_relaxed.pdb,0
S879,1DIVA_V3L,WT,S879/1DIVA/1DIVA_relaxed.pdb,0
S879,1DIVA_V3L,Mut,S879/1DIVA/1DIVA_V3L_relaxed.pdb,0
S879,1EL1A_A93S,WT,S879/1EL1A/1EL1A_relaxed.pdb,0
S879,1EL1A_A93S,Mut,S879/1EL1A/1EL1A_A93S_relaxed.pdb,0
S879,1EL1A_H21G,WT,S879/1EL1A/1EL1A_relaxed.pdb,0
S879,1EL1A_H21G,Mut,S879/1EL1A/1EL1A_H21G_relaxed.pdb,0
S879,1EL1A_I56L,WT,S879/1EL1A/1EL1A_relaxed.pdb,0
S879,1EL1A_I56L,Mut,S879/1EL1A/1EL1A_I56L_relaxed.pdb,0
S879,1EL1A_V109K,WT,S879/1EL1A/1EL1A_relaxed.pdb,0
S879,1EL1A_V109K,Mut,S879/1EL1A/1EL1A_V109K_relaxed.pdb,0
S879,1EY0A_P117A,WT,S879/1EY0A/1EY0A_relaxed.pdb,0
S879,1EY0A_P117A,Mut,S879/1EY0A/1EY0A_P117A_relaxed.pdb,0
S879,1EY0A_P117G,WT,S879/1EY0A/1EY0A_relaxed.pdb,0
S879,1EY0A_P117G,Mut,S879/1EY0A/1EY0A_P117G_relaxed.pdb,0
S879,1EY0A_P117T,WT,S879/1EY0A/1EY0A_relaxed.pdb,0
S879,1EY0A_P117T,Mut,S879/1EY0A/1EY0A_P117T_relaxed.pdb,0
S879,1FANA_A45F,WT,S879/1FANA/1FANA_relaxed.pdb,0
S879,1FANA_A45F,Mut,S879/1FANA/1FANA_A45F_relaxed.pdb,0
S879,1FLVA_A101L,WT,S879/1FLVA/1FLVA_relaxed.pdb,0
S879,1FLVA_A101L,Mut,S879/1FLVA/1FLVA_A101L_relaxed.pdb,0
S879,1FLVA_A101V,WT,S879/1FLVA/1FLVA_relaxed.pdb,0
S879,1FLVA_A101V,Mut,S879/1FLVA/1FLVA_A101V_relaxed.pdb,0
S879,1FLVA_F7L,WT,S879/1FLVA/1FLVA_relaxed.pdb,0
S879,1FLVA_F7L,Mut,S879/1FLVA/1FLVA_F7L_relaxed.pdb,0
S879,1FLVA_G87A,WT,S879/1FLVA/1FLVA_relaxed.pdb,0
S879,1FLVA_G87A,Mut,S879/1FLVA/1FLVA_G87A_relaxed.pdb,0
S879,1FLVA_G87L,WT,S879/1FLVA/1FLVA_relaxed.pdb,0
S879,1FLVA_G87L,Mut,S879/1FLVA/1FLVA_G87L_relaxed.pdb,0
S879,1FLVA_G87V,WT,S879/1FLVA/1FLVA_relaxed.pdb,0
S879,1FLVA_G87V,Mut,S879/1FLVA/1FLVA_G87V_relaxed.pdb,0
S879,1FLVA_H34A,WT,S879/1FLVA/1FLVA_relaxed.pdb,0
S879,1FLVA_H34A,Mut,S879/1FLVA/1FLVA_H34A_relaxed.pdb,0
S879,1FLVA_V18I,WT,S879/1FLVA/1FLVA_relaxed.pdb,0
S879,1FLVA_V18I,Mut,S879/1FLVA/1FLVA_V18I_relaxed.pdb,0
S879,1FLVA_V18L,WT,S879/1FLVA/1FLVA_relaxed.pdb,0
S879,1FLVA_V18L,Mut,S879/1FLVA/1FLVA_V18L_relaxed.pdb,0
S879,1FLVA_V83I,WT,S879/1FLVA/1FLVA_relaxed.pdb,0
S879,1FLVA_V83I,Mut,S879/1FLVA/1FLVA_V83I_relaxed.pdb,0
S879,1FLVA_Y47F,WT,S879/1FLVA/1FLVA_relaxed.pdb,0
S879,1FLVA_Y47F,Mut,S879/1FLVA/1FLVA_Y47F_relaxed.pdb,0
S879,1FNFA_L1408P,WT,S879/1FNFA/1FNFA_relaxed.pdb,0
S879,1FNFA_L1408P,Mut,S879/1FNFA/1FNFA_L1408P_relaxed.pdb,0
S879,1FTGA_A101V,WT,S879/1FTGA/1FTGA_relaxed.pdb,0
S879,1FTGA_A101V,Mut,S879/1FTGA/1FTGA_A101V_relaxed.pdb,0
S879,1FTGA_E107A,WT,S879/1FTGA/1FTGA_relaxed.pdb,0
S879,1FTGA_E107A,Mut,S879/1FTGA/1FTGA_E107A_relaxed.pdb,0
S879,1FTGA_G68A,WT,S879/1FTGA/1FTGA_relaxed.pdb,0
S879,1FTGA_G68A,Mut,S879/1FTGA/1FTGA_G68A_relaxed.pdb,0
S879,1FTGA_I21A,WT,S879/1FTGA/1FTGA_relaxed.pdb,0
S879,1FTGA_I21A,Mut,S879/1FTGA/1FTGA_I21A_relaxed.pdb,0
S879,1FTGA_I21G,WT,S879/1FTGA/1FTGA_relaxed.pdb,0
S879,1FTGA_I21G,Mut,S879/1FTGA/1FTGA_I21G_relaxed.pdb,0
S879,1FTGA_L50A,WT,S879/1FTGA/1FTGA_relaxed.pdb,0
S879,1FTGA_L50A,Mut,S879/1FTGA/1FTGA_L50A_relaxed.pdb,0
S879,1FTGA_Q111G,WT,S879/1FTGA/1FTGA_relaxed.pdb,0
S879,1FTGA_Q111G,Mut,S879/1FTGA/1FTGA_Q111G_relaxed.pdb,0
S879,1FTGA_V18I,WT,S879/1FTGA/1FTGA_relaxed.pdb,0
S879,1FTGA_V18I,Mut,S879/1FTGA/1FTGA_V18I_relaxed.pdb,0
S879,1FTGA_V83I,WT,S879/1FTGA/1FTGA_relaxed.pdb,0
S879,1FTGA_V83I,Mut,S879/1FTGA/1FTGA_V83I_relaxed.pdb,0
S879,1G06A_S149V,WT,S879/1G06A/1G06A_relaxed.pdb,0
S879,1G06A_S149V,Mut,S879/1G06A/1G06A_S149V_relaxed.pdb,0
S879,1G0GA_A152T,WT,S879/1G0GA/1G0GA_relaxed.pdb,0
S879,1G0GA_A152T,Mut,S879/1G0GA/1G0GA_A152T_relaxed.pdb,0
S879,1G0KA_C152T,WT,S879/1G0KA/1G0KA_relaxed.pdb,0
S879,1G0KA_C152T,Mut,S879/1G0KA/1G0KA_C152T_relaxed.pdb,0
S879,1G0LA_V152T,WT,S879/1G0LA/1G0LA_relaxed.pdb,0
S879,1G0LA_V152T,Mut,S879/1G0LA/1G0LA_V152T_relaxed.pdb,0
S879,1G0MA_I152T,WT,S879/1G0MA/1G0MA_relaxed.pdb,0
S879,1G0MA_I152T,Mut,S879/1G0MA/1G0MA_I152T_relaxed.pdb,0
S879,1G0PA_G149V,WT,S879/1G0PA/1G0PA_relaxed.pdb,0
S879,1G0PA_G149V,Mut,S879/1G0PA/1G0PA_G149V_relaxed.pdb,0
S879,1G0QA_I149V,WT,S879/1G0QA/1G0QA_relaxed.pdb,0
S879,1G0QA_I149V,Mut,S879/1G0QA/1G0QA_I149V_relaxed.pdb,0
S879,1G1VA_T58I,WT,S879/1G1VA/1G1VA_relaxed.pdb,0
S879,1G1VA_T58I,Mut,S879/1G1VA/1G1VA_T58I_relaxed.pdb,0
S879,1G1WA_M105Q,WT,S879/1G1WA/1G1WA_relaxed.pdb,0
S879,1G1WA_M105Q,Mut,S879/1G1WA/1G1WA_M105Q_relaxed.pdb,0
S879,1G6NA_S128P,WT,S879/1G6NA/1G6NA_relaxed.pdb,0
S879,1G6NA_S128P,Mut,S879/1G6NA/1G6NA_S128P_relaxed.pdb,0
S879,1HNGA_A40G,WT,S879/1HNGA/1HNGA_relaxed.pdb,0
S879,1HNGA_A40G,Mut,S879/1HNGA/1HNGA_A40G_relaxed.pdb,0
S879,1HNGA_I18V,WT,S879/1HNGA/1HNGA_relaxed.pdb,0
S879,1HNGA_I18V,Mut,S879/1HNGA/1HNGA_I18V_relaxed.pdb,0
S879,1HNGA_I57V,WT,S879/1HNGA/1HNGA_relaxed.pdb,0
S879,1HNGA_I57V,Mut,S879/1HNGA/1HNGA_I57V_relaxed.pdb,0
S879,1HNGA_L16V,WT,S879/1HNGA/1HNGA_relaxed.pdb,0
S879,1HNGA_L16V,Mut,S879/1HNGA/1HNGA_L16V_relaxed.pdb,0
S879,1HNGA_L50V,WT,S879/1HNGA/1HNGA_relaxed.pdb,0
S879,1HNGA_L50V,Mut,S879/1HNGA/1HNGA_L50V_relaxed.pdb,0
S879,1HNGA_L89V,WT,S879/1HNGA/1HNGA_relaxed.pdb,0
S879,1HNGA_L89V,Mut,S879/1HNGA/1HNGA_L89V_relaxed.pdb,0
S879,1HNGA_L95V,WT,S879/1HNGA/1HNGA_relaxed.pdb,0
S879,1HNGA_L95V,Mut,S879/1HNGA/1HNGA_L95V_relaxed.pdb,0
S879,1HNGA_V30A,WT,S879/1HNGA/1HNGA_relaxed.pdb,0
S879,1HNGA_V30A,Mut,S879/1HNGA/1HNGA_V30A_relaxed.pdb,0
S879,1HNGA_V78A,WT,S879/1HNGA/1HNGA_relaxed.pdb,0
S879,1HNGA_V78A,Mut,S879/1HNGA/1HNGA_V78A_relaxed.pdb,0
S879,1HNGA_Y76F,WT,S879/1HNGA/1HNGA_relaxed.pdb,0
S879,1HNGA_Y76F,Mut,S879/1HNGA/1HNGA_Y76F_relaxed.pdb,0
S879,1HZ6A_A13P,WT,S879/1HZ6A/1HZ6A_relaxed.pdb,0
S879,1HZ6A_A13P,Mut,S879/1HZ6A/1HZ6A_A13P_relaxed.pdb,0
S879,1HZ6A_A13V,WT,S879/1HZ6A/1HZ6A_relaxed.pdb,0
S879,1HZ6A_A13V,Mut,S879/1HZ6A/1HZ6A_A13V_relaxed.pdb,0
S879,1HZ6A_A20G,WT,S879/1HZ6A/1HZ6A_relaxed.pdb,0
S879,1HZ6A_A20G,Mut,S879/1HZ6A/1HZ6A_A20G_relaxed.pdb,0
S879,1HZ6A_A20V,WT,S879/1HZ6A/1HZ6A_relaxed.pdb,0
S879,1HZ6A_A20V,Mut,S879/1HZ6A/1HZ6A_A20V_relaxed.pdb,0
S879,1HZ6A_A29G,WT,S879/1HZ6A/1HZ6A_relaxed.pdb,0
S879,1HZ6A_A29G,Mut,S879/1HZ6A/1HZ6A_A29G_relaxed.pdb,0
S879,1HZ6A_A33G,WT,S879/1HZ6A/1HZ6A_relaxed.pdb,0
S879,1HZ6A_A33G,Mut,S879/1HZ6A/1HZ6A_A33G_relaxed.pdb,0
S879,1HZ6A_A35G,WT,S879/1HZ6A/1HZ6A_relaxed.pdb,0
S879,1HZ6A_A35G,Mut,S879/1HZ6A/1HZ6A_A35G_relaxed.pdb,0
S879,1HZ6A_A37G,WT,S879/1HZ6A/1HZ6A_relaxed.pdb,0
S879,1HZ6A_A37G,Mut,S879/1HZ6A/1HZ6A_A37G_relaxed.pdb,0
S879,1HZ6A_A52G,WT,S879/1HZ6A/1HZ6A_relaxed.pdb,0
S879,1HZ6A_A52G,Mut,S879/1HZ6A/1HZ6A_A52G_relaxed.pdb,0
S879,1HZ6A_A8G,WT,S879/1HZ6A/1HZ6A_relaxed.pdb,0
S879,1HZ6A_A8G,Mut,S879/1HZ6A/1HZ6A_A8G_relaxed.pdb,0
S879,1HZ6A_D38A,WT,S879/1HZ6A/1HZ6A_relaxed.pdb,0
S879,1HZ6A_D38A,Mut,S879/1HZ6A/1HZ6A_D38A_relaxed.pdb,0
S879,1HZ6A_D38G,WT,S879/1HZ6A/1HZ6A_relaxed.pdb,0
S879,1HZ6A_D38G,Mut,S879/1HZ6A/1HZ6A_D38G_relaxed.pdb,0
S879,1HZ6A_D50A,WT,S879/1HZ6A/1HZ6A_relaxed.pdb,0
S879,1HZ6A_D50A,Mut,S879/1HZ6A/1HZ6A_D50A_relaxed.pdb,0
S879,1HZ6A_E21A,WT,S879/1HZ6A/1HZ6A_relaxed.pdb,0
S879,1HZ6A_E21A,Mut,S879/1HZ6A/1HZ6A_E21A_relaxed.pdb,0
S879,1HZ6A_E32G,WT,S879/1HZ6A/1HZ6A_relaxed.pdb,0
S879,1HZ6A_E32G,Mut,S879/1HZ6A/1HZ6A_E32G_relaxed.pdb,0
S879,1HZ6A_E32I,WT,S879/1HZ6A/1HZ6A_relaxed.pdb,0
S879,1HZ6A_E32I,Mut,S879/1HZ6A/1HZ6A_E32I_relaxed.pdb,0
S879,1HZ6A_E46A,WT,S879/1HZ6A/1HZ6A_relaxed.pdb,0
S879,1HZ6A_E46A,Mut,S879/1HZ6A/1HZ6A_E46A_relaxed.pdb,0
S879,1HZ6A_F12A,WT,S879/1HZ6A/1HZ6A_relaxed.pdb,0
S879,1HZ6A_F12A,Mut,S879/1HZ6A/1HZ6A_F12A_relaxed.pdb,0
S879,1HZ6A_F12L,WT,S879/1HZ6A/1HZ6A_relaxed.pdb,0
S879,1HZ6A_F12L,Mut,S879/1HZ6A/1HZ6A_F12L_relaxed.pdb,0
S879,1HZ6A_F22A,WT,S879/1HZ6A/1HZ6A_relaxed.pdb,0
S879,1HZ6A_F22A,Mut,S879/1HZ6A/1HZ6A_F22A_relaxed.pdb,0
S879,1HZ6A_F22L,WT,S879/1HZ6A/1HZ6A_relaxed.pdb,0
S879,1HZ6A_F22L,Mut,S879/1HZ6A/1HZ6A_F22L_relaxed.pdb,0
S879,1HZ6A_F26G,WT,S879/1HZ6A/1HZ6A_relaxed.pdb,0
S879,1HZ6A_F26G,Mut,S879/1HZ6A/1HZ6A_F26G_relaxed.pdb,0
S879,1HZ6A_F26L,WT,S879/1HZ6A/1HZ6A_relaxed.pdb,0
S879,1HZ6A_F26L,Mut,S879/1HZ6A/1HZ6A_F26L_relaxed.pdb,0
S879,1HZ6A_G15A,WT,S879/1HZ6A/1HZ6A_relaxed.pdb,0
S879,1HZ6A_G15A,Mut,S879/1HZ6A/1HZ6A_G15A_relaxed.pdb,0
S879,1HZ6A_G15V,WT,S879/1HZ6A/1HZ6A_relaxed.pdb,0
S879,1HZ6A_G15V,Mut,S879/1HZ6A/1HZ6A_G15V_relaxed.pdb,0
S879,1HZ6A_G24A,WT,S879/1HZ6A/1HZ6A_relaxed.pdb,0
S879,1HZ6A_G24A,Mut,S879/1HZ6A/1HZ6A_G24A_relaxed.pdb,0
S879,1HZ6A_G45A,WT,S879/1HZ6A/1HZ6A_relaxed.pdb,0
S879,1HZ6A_G45A,Mut,S879/1HZ6A/1HZ6A_G45A_relaxed.pdb,0
S879,1HZ6A_G55A,WT,S879/1HZ6A/1HZ6A_relaxed.pdb,0
S879,1HZ6A_G55A,Mut,S879/1HZ6A/1HZ6A_G55A_relaxed.pdb,0
S879,1HZ6A_I11A,WT,S879/1HZ6A/1HZ6A_relaxed.pdb,0
S879,1HZ6A_I11A,Mut,S879/1HZ6A/1HZ6A_I11A_relaxed.pdb,0
S879,1HZ6A_I11V,WT,S879/1HZ6A/1HZ6A_relaxed.pdb,0
S879,1HZ6A_I11V,Mut,S879/1HZ6A/1HZ6A_I11V_relaxed.pdb,0
S879,1HZ6A_I6A,WT,S879/1HZ6A/1HZ6A_relaxed.pdb,0
S879,1HZ6A_I6A,Mut,S879/1HZ6A/1HZ6A_I6A_relaxed.pdb,0
S879,1HZ6A_K23A,WT,S879/1HZ6A/1HZ6A_relaxed.pdb,0
S879,1HZ6A_K23A,Mut,S879/1HZ6A/1HZ6A_K23A_relaxed.pdb,0
S879,1HZ6A_K28G,WT,S879/1HZ6A/1HZ6A_relaxed.pdb,0
S879,1HZ6A_K28G,Mut,S879/1HZ6A/1HZ6A_K28G_relaxed.pdb,0
S879,1HZ6A_K41A,WT,S879/1HZ6A/1HZ6A_relaxed.pdb,0
S879,1HZ6A_K41A,Mut,S879/1HZ6A/1HZ6A_K41A_relaxed.pdb,0
S879,1HZ6A_K42A,WT,S879/1HZ6A/1HZ6A_relaxed.pdb,0
S879,1HZ6A_K42A,Mut,S879/1HZ6A/1HZ6A_K42A_relaxed.pdb,0
S879,1HZ6A_K54A,WT,S879/1HZ6A/1HZ6A_relaxed.pdb,0
S879,1HZ6A_K54A,Mut,S879/1HZ6A/1HZ6A_K54A_relaxed.pdb,0
S879,1HZ6A_K7A,WT,S879/1HZ6A/1HZ6A_relaxed.pdb,0
S879,1HZ6A_K7A,Mut,S879/1HZ6A/1HZ6A_K7A_relaxed.pdb,0
S879,1HZ6A_L10A,WT,S879/1HZ6A/1HZ6A_relaxed.pdb,0
S879,1HZ6A_L10A,Mut,S879/1HZ6A/1HZ6A_L10A_relaxed.pdb,0
S879,1HZ6A_L40A,WT,S879/1HZ6A/1HZ6A_relaxed.pdb,0
S879,1HZ6A_L40A,Mut,S879/1HZ6A/1HZ6A_L40A_relaxed.pdb,0
S879,1HZ6A_N14A,WT,S879/1HZ6A/1HZ6A_relaxed.pdb,0
S879,1HZ6A_N14A,Mut,S879/1HZ6A/1HZ6A_N14A_relaxed.pdb,0
S879,1HZ6A_N44A,WT,S879/1HZ6A/1HZ6A_relaxed.pdb,0
S879,1HZ6A_N44A,Mut,S879/1HZ6A/1HZ6A_N44A_relaxed.pdb,0
S879,1HZ6A_N9A,WT,S879/1HZ6A/1HZ6A_relaxed.pdb,0
S879,1HZ6A_N9A,Mut,S879/1HZ6A/1HZ6A_N9A_relaxed.pdb,0
S879,1HZ6A_S16A,WT,S879/1HZ6A/1HZ6A_relaxed.pdb,0
S879,1HZ6A_S16A,Mut,S879/1HZ6A/1HZ6A_S16A_relaxed.pdb,0
S879,1HZ6A_S31A,WT,S879/1HZ6A/1HZ6A_relaxed.pdb,0
S879,1HZ6A_S31A,Mut,S879/1HZ6A/1HZ6A_S31A_relaxed.pdb,0
S879,1HZ6A_S31G,WT,S879/1HZ6A/1HZ6A_relaxed.pdb,0
S879,1HZ6A_S31G,Mut,S879/1HZ6A/1HZ6A_S31G_relaxed.pdb,0
S879,1HZ6A_T17A,WT,S879/1HZ6A/1HZ6A_relaxed.pdb,0
S879,1HZ6A_T17A,Mut,S879/1HZ6A/1HZ6A_T17A_relaxed.pdb,0
S879,1HZ6A_T19A,WT,S879/1HZ6A/1HZ6A_relaxed.pdb,0
S879,1HZ6A_T19A,Mut,S879/1HZ6A/1HZ6A_T19A_relaxed.pdb,0
S879,1HZ6A_T25A,WT,S879/1HZ6A/1HZ6A_relaxed.pdb,0
S879,1HZ6A_T25A,Mut,S879/1HZ6A/1HZ6A_T25A_relaxed.pdb,0
S879,1HZ6A_T30A,WT,S879/1HZ6A/1HZ6A_relaxed.pdb,0
S879,1HZ6A_T30A,Mut,S879/1HZ6A/1HZ6A_T30A_relaxed.pdb,0
S879,1HZ6A_T39G,WT,S879/1HZ6A/1HZ6A_relaxed.pdb,0
S879,1HZ6A_T39G,Mut,S879/1HZ6A/1HZ6A_T39G_relaxed.pdb,0
S879,1HZ6A_T48A,WT,S879/1HZ6A/1HZ6A_relaxed.pdb,0
S879,1HZ6A_T48A,Mut,S879/1HZ6A/1HZ6A_T48A_relaxed.pdb,0
S879,1HZ6A_T5A,WT,S879/1HZ6A/1HZ6A_relaxed.pdb,0
S879,1HZ6A_T5A,Mut,S879/1HZ6A/1HZ6A_T5A_relaxed.pdb,0
S879,1HZ6A_V49A,WT,S879/1HZ6A/1HZ6A_relaxed.pdb,0
S879,1HZ6A_V49A,Mut,S879/1HZ6A/1HZ6A_V49A_relaxed.pdb,0
S879,1HZ6A_V4A,WT,S879/1HZ6A/1HZ6A_relaxed.pdb,0
S879,1HZ6A_V4A,Mut,S879/1HZ6A/1HZ6A_V4A_relaxed.pdb,0
S879,1HZ6A_V51A,WT,S879/1HZ6A/1HZ6A_relaxed.pdb,0
S879,1HZ6A_V51A,Mut,S879/1HZ6A/1HZ6A_V51A_relaxed.pdb,0
S879,1HZ6A_Y34A,WT,S879/1HZ6A/1HZ6A_relaxed.pdb,0
S879,1HZ6A_Y34A,Mut,S879/1HZ6A/1HZ6A_Y34A_relaxed.pdb,0
S879,1HZ6A_Y36A,WT,S879/1HZ6A/1HZ6A_relaxed.pdb,0
S879,1HZ6A_Y36A,Mut,S879/1HZ6A/1HZ6A_Y36A_relaxed.pdb,0
S879,1HZ6A_Y56A,WT,S879/1HZ6A/1HZ6A_relaxed.pdb,0
S879,1HZ6A_Y56A,Mut,S879/1HZ6A/1HZ6A_Y56A_relaxed.pdb,0
S879,1I6SA_A101N,WT,S879/1I6SA/1I6SA_relaxed.pdb,0
S879,1I6SA_A101N,Mut,S879/1I6SA/1I6SA_A101N_relaxed.pdb,0
S879,1IGVA_P20G,WT,S879/1IGVA/1IGVA_relaxed.pdb,0
S879,1IGVA_P20G,Mut,S879/1IGVA/1IGVA_P20G_relaxed.pdb,0
S879,1IOBA_R4P,WT,S879/1IOBA/1IOBA_relaxed.pdb,0
S879,1IOBA_R4P,Mut,S879/1IOBA/1IOBA_R4P_relaxed.pdb,0
S879,1L24A_P82A,WT,S879/1L24A/1L24A_relaxed.pdb,0
S879,1L24A_P82A,Mut,S879/1L24A/1L24A_P82A_relaxed.pdb,0
S879,1L55A_N92D,WT,S879/1L55A/1L55A_relaxed.pdb,0
S879,1L55A_N92D,Mut,S879/1L55A/1L55A_N92D_relaxed.pdb,0
S879,1L56A_P60K,WT,S879/1L56A/1L56A_relaxed.pdb,0
S879,1L56A_P60K,Mut,S879/1L56A/1L56A_P60K_relaxed.pdb,0
S879,1L59A_N109T,WT,S879/1L59A/1L59A_relaxed.pdb,0
S879,1L59A_N109T,Mut,S879/1L59A/1L59A_N109T_relaxed.pdb,0
S879,1L61A_N38S,WT,S879/1L61A/1L61A_relaxed.pdb,0
S879,1L61A_N38S,Mut,S879/1L61A/1L61A_N38S_relaxed.pdb,0
S879,1L62A_D109T,WT,S879/1L62A/1L62A_relaxed.pdb,0
S879,1L62A_D109T,Mut,S879/1L62A/1L62A_D109T_relaxed.pdb,0
S879,1L63A_A129F,WT,S879/1L63A/1L63A_relaxed.pdb,0
S879,1L63A_A129F,Mut,S879/1L63A/1L63A_A129F_relaxed.pdb,0
S879,1L63A_A129W,WT,S879/1L63A/1L63A_relaxed.pdb,0
S879,1L63A_A129W,Mut,S879/1L63A/1L63A_A129W_relaxed.pdb,0
S879,1L63A_A42V,WT,S879/1L63A/1L63A_relaxed.pdb,0
S879,1L63A_A42V,Mut,S879/1L63A/1L63A_A42V_relaxed.pdb,0
S879,1L63A_A98C,WT,S879/1L63A/1L63A_relaxed.pdb,0
S879,1L63A_A98C,Mut,S879/1L63A/1L63A_A98C_relaxed.pdb,0
S879,1L63A_A98L,WT,S879/1L63A/1L63A_relaxed.pdb,0
S879,1L63A_A98L,Mut,S879/1L63A/1L63A_A98L_relaxed.pdb,0
S879,1L63A_F104M,WT,S879/1L63A/1L63A_relaxed.pdb,0
S879,1L63A_F104M,Mut,S879/1L63A/1L63A_F104M_relaxed.pdb,0
S879,1L63A_I100V,WT,S879/1L63A/1L63A_relaxed.pdb,0
S879,1L63A_I100V,Mut,S879/1L63A/1L63A_I100V_relaxed.pdb,0
S879,1L63A_I27M,WT,S879/1L63A/1L63A_relaxed.pdb,0
S879,1L63A_I27M,Mut,S879/1L63A/1L63A_I27M_relaxed.pdb,0
S879,1L63A_I50M,WT,S879/1L63A/1L63A_relaxed.pdb,0
S879,1L63A_I50M,Mut,S879/1L63A/1L63A_I50M_relaxed.pdb,0
S879,1L63A_I78V,WT,S879/1L63A/1L63A_relaxed.pdb,0
S879,1L63A_I78V,Mut,S879/1L63A/1L63A_I78V_relaxed.pdb,0
S879,1L63A_L66M,WT,S879/1L63A/1L63A_relaxed.pdb,0
S879,1L63A_L66M,Mut,S879/1L63A/1L63A_L66M_relaxed.pdb,0
S879,1L63A_M106I,WT,S879/1L63A/1L63A_relaxed.pdb,0
S879,1L63A_M106I,Mut,S879/1L63A/1L63A_M106I_relaxed.pdb,0
S879,1L63A_M120Y,WT,S879/1L63A/1L63A_relaxed.pdb,0
S879,1L63A_M120Y,Mut,S879/1L63A/1L63A_M120Y_relaxed.pdb,0
S879,1L63A_V103I,WT,S879/1L63A/1L63A_relaxed.pdb,0
S879,1L63A_V103I,Mut,S879/1L63A/1L63A_V103I_relaxed.pdb,0
S879,1L63A_V111M,WT,S879/1L63A/1L63A_relaxed.pdb,0
S879,1L63A_V111M,Mut,S879/1L63A/1L63A_V111M_relaxed.pdb,0
S879,1L63A_V149M,WT,S879/1L63A/1L63A_relaxed.pdb,0
S879,1L63A_V149M,Mut,S879/1L63A/1L63A_V149M_relaxed.pdb,0
S879,1L63A_V87I,WT,S879/1L63A/1L63A_relaxed.pdb,0
S879,1L63A_V87I,Mut,S879/1L63A/1L63A_V87I_relaxed.pdb,0
S879,1L63A_V87M,WT,S879/1L63A/1L63A_relaxed.pdb,0
S879,1L63A_V87M,Mut,S879/1L63A/1L63A_V87M_relaxed.pdb,0
S879,1L65A_A47D,WT,S879/1L65A/1L65A_relaxed.pdb,0
S879,1L65A_A47D,Mut,S879/1L65A/1L65A_A47D_relaxed.pdb,0
S879,1L66A_A43K,WT,S879/1L66A/1L66A_relaxed.pdb,0
S879,1L66A_A43K,Mut,S879/1L66A/1L66A_A43K_relaxed.pdb,0
S879,1L67A_A46L,WT,S879/1L67A/1L67A_relaxed.pdb,0
S879,1L67A_A46L,Mut,S879/1L67A/1L67A_A46L_relaxed.pdb,0
S879,1L76A_P72D,WT,S879/1L76A/1L76A_relaxed.pdb,0
S879,1L76A_P72D,Mut,S879/1L76A/1L76A_P72D_relaxed.pdb,0
S879,1L77A_L102M,WT,S879/1L77A/1L77A_relaxed.pdb,0
S879,1L77A_L102M,Mut,S879/1L77A/1L77A_L102M_relaxed.pdb,0
S879,1L85A_A153F,WT,S879/1L85A/1L85A_relaxed.pdb,0
S879,1L85A_A153F,Mut,S879/1L85A/1L85A_A153F_relaxed.pdb,0
S879,1L86A_I153F,WT,S879/1L86A/1L86A_relaxed.pdb,0
S879,1L86A_I153F,Mut,S879/1L86A/1L86A_I153F_relaxed.pdb,0
S879,1L87A_L153F,WT,S879/1L87A/1L87A_relaxed.pdb,0
S879,1L87A_L153F,Mut,S879/1L87A/1L87A_L153F_relaxed.pdb,0
S879,1L88A_M153F,WT,S879/1L88A/1L88A_relaxed.pdb,0
S879,1L88A_M153F,Mut,S879/1L88A/1L88A_M153F_relaxed.pdb,0
S879,1L90A_A99L,WT,S879/1L90A/1L90A_relaxed.pdb,0
S879,1L90A_A99L,Mut,S879/1L90A/1L90A_A99L_relaxed.pdb,0
S879,1L91A_F99L,WT,S879/1L91A/1L91A_relaxed.pdb,0
S879,1L91A_F99L,Mut,S879/1L91A/1L91A_F99L_relaxed.pdb,0
S879,1L92A_I99L,WT,S879/1L92A/1L92A_relaxed.pdb,0
S879,1L92A_I99L,Mut,S879/1L92A/1L92A_I99L_relaxed.pdb,0
S879,1L93A_M99L,WT,S879/1L93A/1L93A_relaxed.pdb,0
S879,1L93A_M99L,Mut,S879/1L93A/1L93A_M99L_relaxed.pdb,0
S879,1L94A_V99L,WT,S879/1L94A/1L94A_relaxed.pdb,0
S879,1L94A_V99L,Mut,S879/1L94A/1L94A_V99L_relaxed.pdb,0
S879,1L95A_V153F,WT,S879/1L95A/1L95A_relaxed.pdb,0
S879,1L95A_V153F,Mut,S879/1L95A/1L95A_V153F_relaxed.pdb,0
S879,1L96A_P3I,WT,S879/1L96A/1L96A_relaxed.pdb,0
S879,1L96A_P3I,Mut,S879/1L96A/1L96A_P3I_relaxed.pdb,0
S879,1LHHA_P110V,WT,S879/1LHHA/1LHHA_relaxed.pdb,0
S879,1LHHA_P110V,Mut,S879/1LHHA/1LHHA_P110V_relaxed.pdb,0
S879,1LHIA_G71P,WT,S879/1LHIA/1LHIA_relaxed.pdb,0
S879,1LHIA_G71P,Mut,S879/1LHIA/1LHIA_G71P_relaxed.pdb,0
S879,1LHJA_G103P,WT,S879/1LHJA/1LHJA_relaxed.pdb,0
S879,1LHJA_G103P,Mut,S879/1LHJA/1LHJA_G103P_relaxed.pdb,0
S879,1LHKA_P91D,WT,S879/1LHKA/1LHKA_relaxed.pdb,0
S879,1LHKA_P91D,Mut,S879/1LHKA/1LHKA_P91D_relaxed.pdb,0
S879,1LHLA_P47A,WT,S879/1LHLA/1LHLA_relaxed.pdb,0
S879,1LHLA_P47A,Mut,S879/1LHLA/1LHLA_P47A_relaxed.pdb,0
S879,1LYEA_V59T,WT,S879/1LYEA/1LYEA_relaxed.pdb,0
S879,1LYEA_V59T,Mut,S879/1LYEA/1LYEA_V59T_relaxed.pdb,0
S879,1LYFA_S59T,WT,S879/1LYFA/1LYFA_relaxed.pdb,0
S879,1LYFA_S59T,Mut,S879/1LYFA/1LYFA_S59T_relaxed.pdb,0
S879,1LYGA_N59T,WT,S879/1LYGA/1LYGA_relaxed.pdb,0
S879,1LYGA_N59T,Mut,S879/1LYGA/1LYGA_N59T_relaxed.pdb,0
S879,1LYHA_G59T,WT,S879/1LYHA/1LYHA_relaxed.pdb,0
S879,1LYHA_G59T,Mut,S879/1LYHA/1LYHA_G59T_relaxed.pdb,0
S879,1LYIA_D59T,WT,S879/1LYIA/1LYIA_relaxed.pdb,0
S879,1LYIA_D59T,Mut,S879/1LYIA/1LYIA_D59T_relaxed.pdb,0
S879,1LYJA_A59T,WT,S879/1LYJA/1LYJA_relaxed.pdb,0
S879,1LYJA_A59T,Mut,S879/1LYJA/1LYJA_A59T_relaxed.pdb,0
S879,1LZ1A_A47P,WT,S879/1LZ1A/1LZ1A_relaxed.pdb,0
S879,1LZ1A_A47P,Mut,S879/1LZ1A/1LZ1A_A47P_relaxed.pdb,0
S879,1LZ1A_D91P,WT,S879/1LZ1A/1LZ1A_relaxed.pdb,0
S879,1LZ1A_D91P,Mut,S879/1LZ1A/1LZ1A_D91P_relaxed.pdb,0
S879,1LZ1A_P103G,WT,S879/1LZ1A/1LZ1A_relaxed.pdb,0
S879,1LZ1A_P103G,Mut,S879/1LZ1A/1LZ1A_P103G_relaxed.pdb,0
S879,1LZ1A_P71G,WT,S879/1LZ1A/1LZ1A_relaxed.pdb,0
S879,1LZ1A_P71G,Mut,S879/1LZ1A/1LZ1A_P71G_relaxed.pdb,0
S879,1LZ1A_V110P,WT,S879/1LZ1A/1LZ1A_relaxed.pdb,0
S879,1LZ1A_V110P,Mut,S879/1LZ1A/1LZ1A_V110P_relaxed.pdb,0
S879,1NAGA_G43N,WT,S879/1NAGA/1NAGA_relaxed.pdb,0
S879,1NAGA_G43N,Mut,S879/1NAGA/1NAGA_G43N_relaxed.pdb,0
S879,1OIAA_Y78D,WT,S879/1OIAA/1OIAA_relaxed.pdb,0
S879,1OIAA_Y78D,Mut,S879/1OIAA/1OIAA_Y78D_relaxed.pdb,0
S879,1ONCA_F28T,WT,S879/1ONCA/1ONCA_relaxed.pdb,0
S879,1ONCA_F28T,Mut,S879/1ONCA/1ONCA_F28T_relaxed.pdb,0
S879,1OTRB_E34C,WT,S879/1OTRB/1OTRB_relaxed.pdb,0
S879,1OTRB_E34C,Mut,S879/1OTRB/1OTRB_E34C_relaxed.pdb,0
S879,1OTRB_E34G,WT,S879/1OTRB/1OTRB_relaxed.pdb,0
S879,1OTRB_E34G,Mut,S879/1OTRB/1OTRB_E34G_relaxed.pdb,0
S879,1OTRB_E34H,WT,S879/1OTRB/1OTRB_relaxed.pdb,0
S879,1OTRB_E34H,Mut,S879/1OTRB/1OTRB_E34H_relaxed.pdb,0
S879,1OTRB_E34I,WT,S879/1OTRB/1OTRB_relaxed.pdb,0
S879,1OTRB_E34I,Mut,S879/1OTRB/1OTRB_E34I_relaxed.pdb,0
S879,1OTRB_E34K,WT,S879/1OTRB/1OTRB_relaxed.pdb,0
S879,1OTRB_E34K,Mut,S879/1OTRB/1OTRB_E34K_relaxed.pdb,0
S879,1OTRB_E34P,WT,S879/1OTRB/1OTRB_relaxed.pdb,0
S879,1OTRB_E34P,Mut,S879/1OTRB/1OTRB_E34P_relaxed.pdb,0
S879,1OTRB_E34Q,WT,S879/1OTRB/1OTRB_relaxed.pdb,0
S879,1OTRB_E34Q,Mut,S879/1OTRB/1OTRB_E34Q_relaxed.pdb,0
S879,1OTRB_E34T,WT,S879/1OTRB/1OTRB_relaxed.pdb,0
S879,1OTRB_E34T,Mut,S879/1OTRB/1OTRB_E34T_relaxed.pdb,0
S879,1OTRB_E34W,WT,S879/1OTRB/1OTRB_relaxed.pdb,0
S879,1OTRB_E34W,Mut,S879/1OTRB/1OTRB_E34W_relaxed.pdb,0
S879,1OTRB_L67A,WT,S879/1OTRB/1OTRB_relaxed.pdb,0
S879,1OTRB_L67A,Mut,S879/1OTRB/1OTRB_L67A_relaxed.pdb,0
S879,1OTRB_L67N,WT,S879/1OTRB/1OTRB_relaxed.pdb,0
S879,1OTRB_L67N,Mut,S879/1OTRB/1OTRB_L67N_relaxed.pdb,0
S879,1OTRB_L67S,WT,S879/1OTRB/1OTRB_relaxed.pdb,0
S879,1OTRB_L67S,Mut,S879/1OTRB/1OTRB_L67S_relaxed.pdb,0
S879,1OTRB_L67T,WT,S879/1OTRB/1OTRB_relaxed.pdb,0
S879,1OTRB_L67T,Mut,S879/1OTRB/1OTRB_L67T_relaxed.pdb,0
S879,1OTRB_Q41L,WT,S879/1OTRB/1OTRB_relaxed.pdb,0
S879,1OTRB_Q41L,Mut,S879/1OTRB/1OTRB_Q41L_relaxed.pdb,0
S879,1OTRB_Q41N,WT,S879/1OTRB/1OTRB_relaxed.pdb,0
S879,1OTRB_Q41N,Mut,S879/1OTRB/1OTRB_Q41N_relaxed.pdb,0
S879,1OTRB_Q41S,WT,S879/1OTRB/1OTRB_relaxed.pdb,0
S879,1OTRB_Q41S,Mut,S879/1OTRB/1OTRB_Q41S_relaxed.pdb,0
S879,1OTRB_Q41T,WT,S879/1OTRB/1OTRB_relaxed.pdb,0
S879,1OTRB_Q41T,Mut,S879/1OTRB/1OTRB_Q41T_relaxed.pdb,0
S879,1OTRB_Q41V,WT,S879/1OTRB/1OTRB_relaxed.pdb,0
S879,1OTRB_Q41V,Mut,S879/1OTRB/1OTRB_Q41V_relaxed.pdb,0
S879,1OTRB_V17A,WT,S879/1OTRB/1OTRB_relaxed.pdb,0
S879,1OTRB_V17A,Mut,S879/1OTRB/1OTRB_V17A_relaxed.pdb,0
S879,1OTRB_V17N,WT,S879/1OTRB/1OTRB_relaxed.pdb,0
S879,1OTRB_V17N,Mut,S879/1OTRB/1OTRB_V17N_relaxed.pdb,0
S879,1OTRB_V17T,WT,S879/1OTRB/1OTRB_relaxed.pdb,0
S879,1OTRB_V17T,Mut,S879/1OTRB/1OTRB_V17T_relaxed.pdb,0
S879,1OTRB_V5A,WT,S879/1OTRB/1OTRB_relaxed.pdb,0
S879,1OTRB_V5A,Mut,S879/1OTRB/1OTRB_V5A_relaxed.pdb,0
S879,1OTRB_V5N,WT,S879/1OTRB/1OTRB_relaxed.pdb,0
S879,1OTRB_V5N,Mut,S879/1OTRB/1OTRB_V5N_relaxed.pdb,0
S879,1OTRB_V5T,WT,S879/1OTRB/1OTRB_relaxed.pdb,0
S879,1OTRB_V5T,Mut,S879/1OTRB/1OTRB_V5T_relaxed.pdb,0
S879,1P2LA_I87V,WT,S879/1P2LA/1P2LA_relaxed.pdb,0
S879,1P2LA_I87V,Mut,S879/1P2LA/1P2LA_I87V_relaxed.pdb,0
S879,1P2RA_V78I,WT,S879/1P2RA/1P2RA_relaxed.pdb,0
S879,1P2RA_V78I,Mut,S879/1P2RA/1P2RA_V78I_relaxed.pdb,0
S879,1P36A_V100I,WT,S879/1P36A/1P36A_relaxed.pdb,0
S879,1P36A_V100I,Mut,S879/1P36A/1P36A_V100I_relaxed.pdb,0
S879,1P46A_I106M,WT,S879/1P46A/1P46A_relaxed.pdb,0
S879,1P46A_I106M,Mut,S879/1P46A/1P46A_I106M_relaxed.pdb,0
S879,1P6YA_Y120M,WT,S879/1P6YA/1P6YA_relaxed.pdb,0
S879,1P6YA_Y120M,Mut,S879/1P6YA/1P6YA_Y120M_relaxed.pdb,0
S879,1P7SA_I103V,WT,S879/1P7SA/1P7SA_relaxed.pdb,0
S879,1P7SA_I103V,Mut,S879/1P7SA/1P7SA_I103V_relaxed.pdb,0
S879,1PGAA_A23P,WT,S879/1PGAA/1PGAA_relaxed.pdb,0
S879,1PGAA_A23P,Mut,S879/1PGAA/1PGAA_A23P_relaxed.pdb,0
S879,1PGAA_A24P,WT,S879/1PGAA/1PGAA_relaxed.pdb,0
S879,1PGAA_A24P,Mut,S879/1PGAA/1PGAA_A24P_relaxed.pdb,0
S879,1PGAA_A26P,WT,S879/1PGAA/1PGAA_relaxed.pdb,0
S879,1PGAA_A26P,Mut,S879/1PGAA/1PGAA_A26P_relaxed.pdb,0
S879,1PGAA_A48P,WT,S879/1PGAA/1PGAA_relaxed.pdb,0
S879,1PGAA_A48P,Mut,S879/1PGAA/1PGAA_A48P_relaxed.pdb,0
S879,1PGAA_D36P,WT,S879/1PGAA/1PGAA_relaxed.pdb,0
S879,1PGAA_D36P,Mut,S879/1PGAA/1PGAA_D36P_relaxed.pdb,0
S879,1PGAA_D46A,WT,S879/1PGAA/1PGAA_relaxed.pdb,0
S879,1PGAA_D46A,Mut,S879/1PGAA/1PGAA_D46A_relaxed.pdb,0
S879,1PGAA_D47A,WT,S879/1PGAA/1PGAA_relaxed.pdb,0
S879,1PGAA_D47A,Mut,S879/1PGAA/1PGAA_D47A_relaxed.pdb,0
S879,1PGAA_G9P,WT,S879/1PGAA/1PGAA_relaxed.pdb,0
S879,1PGAA_G9P,Mut,S879/1PGAA/1PGAA_G9P_relaxed.pdb,0
S879,1PGAA_K10P,WT,S879/1PGAA/1PGAA_relaxed.pdb,0
S879,1PGAA_K10P,Mut,S879/1PGAA/1PGAA_K10P_relaxed.pdb,0
S879,1PGAA_K50A,WT,S879/1PGAA/1PGAA_relaxed.pdb,0
S879,1PGAA_K50A,Mut,S879/1PGAA/1PGAA_K50A_relaxed.pdb,0
S879,1PGAA_T25P,WT,S879/1PGAA/1PGAA_relaxed.pdb,0
S879,1PGAA_T25P,Mut,S879/1PGAA/1PGAA_T25P_relaxed.pdb,0
S879,1PGAA_T2P,WT,S879/1PGAA/1PGAA_relaxed.pdb,0
S879,1PGAA_T2P,Mut,S879/1PGAA/1PGAA_T2P_relaxed.pdb,0
S879,1PGAA_T49A,WT,S879/1PGAA/1PGAA_relaxed.pdb,0
S879,1PGAA_T49A,Mut,S879/1PGAA/1PGAA_T49A_relaxed.pdb,0
S879,1PGAA_T51S,WT,S879/1PGAA/1PGAA_relaxed.pdb,0
S879,1PGAA_T51S,Mut,S879/1PGAA/1PGAA_T51S_relaxed.pdb,0
S879,1PGAA_T53C,WT,S879/1PGAA/1PGAA_relaxed.pdb,0
S879,1PGAA_T53C,Mut,S879/1PGAA/1PGAA_T53C_relaxed.pdb,0
S879,1PGAA_T53G,WT,S879/1PGAA/1PGAA_relaxed.pdb,0
S879,1PGAA_T53G,Mut,S879/1PGAA/1PGAA_T53G_relaxed.pdb,0
S879,1PGAA_T53H,WT,S879/1PGAA/1PGAA_relaxed.pdb,0
S879,1PGAA_T53H,Mut,S879/1PGAA/1PGAA_T53H_relaxed.pdb,0
S879,1PGAA_T53K,WT,S879/1PGAA/1PGAA_relaxed.pdb,0
S879,1PGAA_T53K,Mut,S879/1PGAA/1PGAA_T53K_relaxed.pdb,0
S879,1PGAA_T53L,WT,S879/1PGAA/1PGAA_relaxed.pdb,0
S879,1PGAA_T53L,Mut,S879/1PGAA/1PGAA_T53L_relaxed.pdb,0
S879,1PGAA_T53M,WT,S879/1PGAA/1PGAA_relaxed.pdb,0
S879,1PGAA_T53M,Mut,S879/1PGAA/1PGAA_T53M_relaxed.pdb,0
S879,1PGAA_T53N,WT,S879/1PGAA/1PGAA_relaxed.pdb,0
S879,1PGAA_T53N,Mut,S879/1PGAA/1PGAA_T53N_relaxed.pdb,0
S879,1PGAA_T53Q,WT,S879/1PGAA/1PGAA_relaxed.pdb,0
S879,1PGAA_T53Q,Mut,S879/1PGAA/1PGAA_T53Q_relaxed.pdb,0
S879,1PGAA_T53S,WT,S879/1PGAA/1PGAA_relaxed.pdb,0
S879,1PGAA_T53S,Mut,S879/1PGAA/1PGAA_T53S_relaxed.pdb,0
S879,1PGAA_T53W,WT,S879/1PGAA/1PGAA_relaxed.pdb,0
S879,1PGAA_T53W,Mut,S879/1PGAA/1PGAA_T53W_relaxed.pdb,0
S879,1PGAA_V21P,WT,S879/1PGAA/1PGAA_relaxed.pdb,0
S879,1PGAA_V21P,Mut,S879/1PGAA/1PGAA_V21P_relaxed.pdb,0
S879,1PGAA_V29P,WT,S879/1PGAA/1PGAA_relaxed.pdb,0
S879,1PGAA_V29P,Mut,S879/1PGAA/1PGAA_V29P_relaxed.pdb,0
S879,1PGAA_V54A,WT,S879/1PGAA/1PGAA_relaxed.pdb,0
S879,1PGAA_V54A,Mut,S879/1PGAA/1PGAA_V54A_relaxed.pdb,0
S879,1QLPA_A284L,WT,S879/1QLPA/1QLPA_relaxed.pdb,0
S879,1QLPA_A284L,Mut,S879/1QLPA/1QLPA_A284L_relaxed.pdb,0
S879,1QLPA_A31P,WT,S879/1QLPA/1QLPA_relaxed.pdb,0
S879,1QLPA_A31P,Mut,S879/1QLPA/1QLPA_A31P_relaxed.pdb,0
S879,1QS5A_L98A,WT,S879/1QS5A/1QS5A_relaxed.pdb,0
S879,1QS5A_L98A,Mut,S879/1QS5A/1QS5A_L98A_relaxed.pdb,0
S879,1QSBA_C98A,WT,S879/1QSBA/1QSBA_relaxed.pdb,0
S879,1QSBA_C98A,Mut,S879/1QSBA/1QSBA_C98A_relaxed.pdb,0
S879,1QT6A_H11E,WT,S879/1QT6A/1QT6A_relaxed.pdb,0
S879,1QT6A_H11E,Mut,S879/1QT6A/1QT6A_H11E_relaxed.pdb,0
S879,1QT7A_N11E,WT,S879/1QT7A/1QT7A_relaxed.pdb,0
S879,1QT7A_N11E,Mut,S879/1QT7A/1QT7A_N11E_relaxed.pdb,0
S879,1QTBA_V42A,WT,S879/1QTBA/1QTBA_relaxed.pdb,0
S879,1QTBA_V42A,Mut,S879/1QTBA/1QTBA_V42A_relaxed.pdb,0
S879,1QTCA_F129A,WT,S879/1QTCA/1QTCA_relaxed.pdb,0
S879,1QTCA_F129A,Mut,S879/1QTCA/1QTCA_F129A_relaxed.pdb,0
S879,1QTDA_W129A,WT,S879/1QTDA/1QTDA_relaxed.pdb,0
S879,1QTDA_W129A,Mut,S879/1QTDA/1QTDA_W129A_relaxed.pdb,0
S879,1RBRA_P62H,WT,S879/1RBRA/1RBRA_relaxed.pdb,0
S879,1RBRA_P62H,Mut,S879/1RBRA/1RBRA_P62H_relaxed.pdb,0
S879,1RGGA_D25H,WT,S879/1RGGA/1RGGA_relaxed.pdb,0
S879,1RGGA_D25H,Mut,S879/1RGGA/1RGGA_D25H_relaxed.pdb,0
S879,1RGGA_R40E,WT,S879/1RGGA/1RGGA_relaxed.pdb,0
S879,1RGGA_R40E,Mut,S879/1RGGA/1RGGA_R40E_relaxed.pdb,0
S879,1RN1C_A21C,WT,S879/1RN1C/1RN1C_relaxed.pdb,0
S879,1RN1C_A21C,Mut,S879/1RN1C/1RN1C_A21C_relaxed.pdb,0
S879,1RN1C_A21E,WT,S879/1RN1C/1RN1C_relaxed.pdb,0
S879,1RN1C_A21E,Mut,S879/1RN1C/1RN1C_A21E_relaxed.pdb,0
S879,1RN1C_A21F,WT,S879/1RN1C/1RN1C_relaxed.pdb,0
S879,1RN1C_A21F,Mut,S879/1RN1C/1RN1C_A21F_relaxed.pdb,0
S879,1RN1C_A21H,WT,S879/1RN1C/1RN1C_relaxed.pdb,0
S879,1RN1C_A21H,Mut,S879/1RN1C/1RN1C_A21H_relaxed.pdb,0
S879,1RN1C_A21I,WT,S879/1RN1C/1RN1C_relaxed.pdb,0
S879,1RN1C_A21I,Mut,S879/1RN1C/1RN1C_A21I_relaxed.pdb,0
S879,1RN1C_A21K,WT,S879/1RN1C/1RN1C_relaxed.pdb,0
S879,1RN1C_A21K,Mut,S879/1RN1C/1RN1C_A21K_relaxed.pdb,0
S879,1RN1C_A21L,WT,S879/1RN1C/1RN1C_relaxed.pdb,0
S879,1RN1C_A21L,Mut,S879/1RN1C/1RN1C_A21L_relaxed.pdb,0
S879,1RN1C_A21M,WT,S879/1RN1C/1RN1C_relaxed.pdb,0
S879,1RN1C_A21M,Mut,S879/1RN1C/1RN1C_A21M_relaxed.pdb,0
S879,1RN1C_A21N,WT,S879/1RN1C/1RN1C_relaxed.pdb,0
S879,1RN1C_A21N,Mut,S879/1RN1C/1RN1C_A21N_relaxed.pdb,0
S879,1RN1C_A21Q,WT,S879/1RN1C/1RN1C_relaxed.pdb,0
S879,1RN1C_A21Q,Mut,S879/1RN1C/1RN1C_A21Q_relaxed.pdb,0
S879,1RN1C_A21R,WT,S879/1RN1C/1RN1C_relaxed.pdb,0
S879,1RN1C_A21R,Mut,S879/1RN1C/1RN1C_A21R_relaxed.pdb,0
S879,1RN1C_A21S,WT,S879/1RN1C/1RN1C_relaxed.pdb,0
S879,1RN1C_A21S,Mut,S879/1RN1C/1RN1C_A21S_relaxed.pdb,0
S879,1RN1C_A21T,WT,S879/1RN1C/1RN1C_relaxed.pdb,0
S879,1RN1C_A21T,Mut,S879/1RN1C/1RN1C_A21T_relaxed.pdb,0
S879,1RN1C_A21V,WT,S879/1RN1C/1RN1C_relaxed.pdb,0
S879,1RN1C_A21V,Mut,S879/1RN1C/1RN1C_A21V_relaxed.pdb,0
S879,1RN1C_A21W,WT,S879/1RN1C/1RN1C_relaxed.pdb,0
S879,1RN1C_A21W,Mut,S879/1RN1C/1RN1C_A21W_relaxed.pdb,0
S879,1RN1C_A21Y,WT,S879/1RN1C/1RN1C_relaxed.pdb,0
S879,1RN1C_A21Y,Mut,S879/1RN1C/1RN1C_A21Y_relaxed.pdb,0
S879,1RN1C_N36A,WT,S879/1RN1C/1RN1C_relaxed.pdb,0
S879,1RN1C_N36A,Mut,S879/1RN1C/1RN1C_N36A_relaxed.pdb,0
S879,1RN1C_N81A,WT,S879/1RN1C/1RN1C_relaxed.pdb,0
S879,1RN1C_N81A,Mut,S879/1RN1C/1RN1C_N81A_relaxed.pdb,0
S879,1RN1C_N9A,WT,S879/1RN1C/1RN1C_relaxed.pdb,0
S879,1RN1C_N9A,Mut,S879/1RN1C/1RN1C_N9A_relaxed.pdb,0
S879,1RN1C_S12A,WT,S879/1RN1C/1RN1C_relaxed.pdb,0
S879,1RN1C_S12A,Mut,S879/1RN1C/1RN1C_S12A_relaxed.pdb,0
S879,1RN1C_S17A,WT,S879/1RN1C/1RN1C_relaxed.pdb,0
S879,1RN1C_S17A,Mut,S879/1RN1C/1RN1C_S17A_relaxed.pdb,0
S879,1RN1C_S64A,WT,S879/1RN1C/1RN1C_relaxed.pdb,0
S879,1RN1C_S64A,Mut,S879/1RN1C/1RN1C_S64A_relaxed.pdb,0
S879,1RN1C_Y11F,WT,S879/1RN1C/1RN1C_relaxed.pdb,0
S879,1RN1C_Y11F,Mut,S879/1RN1C/1RN1C_Y11F_relaxed.pdb,0
S879,1RN1C_Y42F,WT,S879/1RN1C/1RN1C_relaxed.pdb,0
S879,1RN1C_Y42F,Mut,S879/1RN1C/1RN1C_Y42F_relaxed.pdb,0
S879,1RN1C_Y56F,WT,S879/1RN1C/1RN1C_relaxed.pdb,0
S879,1RN1C_Y56F,Mut,S879/1RN1C/1RN1C_Y56F_relaxed.pdb,0
S879,1RN1C_Y57F,WT,S879/1RN1C/1RN1C_relaxed.pdb,0
S879,1RN1C_Y57F,Mut,S879/1RN1C/1RN1C_Y57F_relaxed.pdb,0
S879,1RN1C_Y68F,WT,S879/1RN1C/1RN1C_relaxed.pdb,0
S879,1RN1C_Y68F,Mut,S879/1RN1C/1RN1C_Y68F_relaxed.pdb,0
S879,1ROPA_D30P,WT,S879/1ROPA/1ROPA_relaxed.pdb,0
S879,1ROPA_D30P,Mut,S879/1ROPA/1ROPA_D30P_relaxed.pdb,0
S879,1RTBA_F46A,WT,S879/1RTBA/1RTBA_relaxed.pdb,0
S879,1RTBA_F46A,Mut,S879/1RTBA/1RTBA_F46A_relaxed.pdb,0
S879,1RTBA_P114A,WT,S879/1RTBA/1RTBA_relaxed.pdb,0
S879,1RTBA_P114A,Mut,S879/1RTBA/1RTBA_P114A_relaxed.pdb,0
S879,1RTBA_P114G,WT,S879/1RTBA/1RTBA_relaxed.pdb,0
S879,1RTBA_P114G,Mut,S879/1RTBA/1RTBA_P114G_relaxed.pdb,0
S879,1RTBA_P93A,WT,S879/1RTBA/1RTBA_relaxed.pdb,0
S879,1RTBA_P93A,Mut,S879/1RTBA/1RTBA_P93A_relaxed.pdb,0
S879,1RTBA_P93G,WT,S879/1RTBA/1RTBA_relaxed.pdb,0
S879,1RTBA_P93G,Mut,S879/1RTBA/1RTBA_P93G_relaxed.pdb,0
S879,1RTBA_P93S,WT,S879/1RTBA/1RTBA_relaxed.pdb,0
S879,1RTBA_P93S,Mut,S879/1RTBA/1RTBA_P93S_relaxed.pdb,0
S879,1RTBA_Y97A,WT,S879/1RTBA/1RTBA_relaxed.pdb,0
S879,1RTBA_Y97A,Mut,S879/1RTBA/1RTBA_Y97A_relaxed.pdb,0
S879,1RTBA_Y97G,WT,S879/1RTBA/1RTBA_relaxed.pdb,0
S879,1RTBA_Y97G,Mut,S879/1RTBA/1RTBA_Y97G_relaxed.pdb,0
S879,1SHFA_E107P,WT,S879/1SHFA/1SHFA_relaxed.pdb,0
S879,1SHFA_E107P,Mut,S879/1SHFA/1SHFA_E107P_relaxed.pdb,0
S879,1STNA_D83F,WT,S879/1STNA/1STNA_relaxed.pdb,0
S879,1STNA_D83F,Mut,S879/1STNA/1STNA_D83F_relaxed.pdb,0
S879,1STNA_D95F,WT,S879/1STNA/1STNA_relaxed.pdb,0
S879,1STNA_D95F,Mut,S879/1STNA/1STNA_D95F_relaxed.pdb,0
S879,1STNA_F34G,WT,S879/1STNA/1STNA_relaxed.pdb,0
S879,1STNA_F34G,Mut,S879/1STNA/1STNA_F34G_relaxed.pdb,0
S879,1STNA_I72A,WT,S879/1STNA/1STNA_relaxed.pdb,0
S879,1STNA_I72A,Mut,S879/1STNA/1STNA_I72A_relaxed.pdb,0
S879,1STNA_I72G,WT,S879/1STNA/1STNA_relaxed.pdb,0
S879,1STNA_I72G,Mut,S879/1STNA/1STNA_I72G_relaxed.pdb,0
S879,1STNA_I92G,WT,S879/1STNA/1STNA_relaxed.pdb,0
S879,1STNA_I92G,Mut,S879/1STNA/1STNA_I92G_relaxed.pdb,0
S879,1STNA_L103G,WT,S879/1STNA/1STNA_relaxed.pdb,0
S879,1STNA_L103G,Mut,S879/1STNA/1STNA_L103G_relaxed.pdb,0
S879,1STNA_L108A,WT,S879/1STNA/1STNA_relaxed.pdb,0
S879,1STNA_L108A,Mut,S879/1STNA/1STNA_L108A_relaxed.pdb,0
S879,1STNA_L108G,WT,S879/1STNA/1STNA_relaxed.pdb,0
S879,1STNA_L108G,Mut,S879/1STNA/1STNA_L108G_relaxed.pdb,0
S879,1STNA_L125G,WT,S879/1STNA/1STNA_relaxed.pdb,0
S879,1STNA_L125G,Mut,S879/1STNA/1STNA_L125G_relaxed.pdb,0
S879,1STNA_L36G,WT,S879/1STNA/1STNA_relaxed.pdb,0
S879,1STNA_L36G,Mut,S879/1STNA/1STNA_L36G_relaxed.pdb,0
S879,1STNA_N100A,WT,S879/1STNA/1STNA_relaxed.pdb,0
S879,1STNA_N100A,Mut,S879/1STNA/1STNA_N100A_relaxed.pdb,0
S879,1STNA_P117F,WT,S879/1STNA/1STNA_relaxed.pdb,0
S879,1STNA_P117F,Mut,S879/1STNA/1STNA_P117F_relaxed.pdb,0
S879,1STNA_P117L,WT,S879/1STNA/1STNA_relaxed.pdb,0
S879,1STNA_P117L,Mut,S879/1STNA/1STNA_P117L_relaxed.pdb,0
S879,1STNA_P11A,WT,S879/1STNA/1STNA_relaxed.pdb,0
S879,1STNA_P11A,Mut,S879/1STNA/1STNA_P11A_relaxed.pdb,0
S879,1STNA_P11F,WT,S879/1STNA/1STNA_relaxed.pdb,0
S879,1STNA_P11F,Mut,S879/1STNA/1STNA_P11F_relaxed.pdb,0
S879,1STNA_P11G,WT,S879/1STNA/1STNA_relaxed.pdb,0
S879,1STNA_P11G,Mut,S879/1STNA/1STNA_P11G_relaxed.pdb,0
S879,1STNA_P31A,WT,S879/1STNA/1STNA_relaxed.pdb,0
S879,1STNA_P31A,Mut,S879/1STNA/1STNA_P31A_relaxed.pdb,0
S879,1STNA_P31G,WT,S879/1STNA/1STNA_relaxed.pdb,0
S879,1STNA_P31G,Mut,S879/1STNA/1STNA_P31G_relaxed.pdb,0
S879,1STNA_P42A,WT,S879/1STNA/1STNA_relaxed.pdb,0
S879,1STNA_P42A,Mut,S879/1STNA/1STNA_P42A_relaxed.pdb,0
S879,1STNA_P42G,WT,S879/1STNA/1STNA_relaxed.pdb,0
S879,1STNA_P42G,Mut,S879/1STNA/1STNA_P42G_relaxed.pdb,0
S879,1STNA_P47A,WT,S879/1STNA/1STNA_relaxed.pdb,0
S879,1STNA_P47A,Mut,S879/1STNA/1STNA_P47A_relaxed.pdb,0
S879,1STNA_P47F,WT,S879/1STNA/1STNA_relaxed.pdb,0
S879,1STNA_P47F,Mut,S879/1STNA/1STNA_P47F_relaxed.pdb,0
S879,1STNA_P47G,WT,S879/1STNA/1STNA_relaxed.pdb,0
S879,1STNA_P47G,Mut,S879/1STNA/1STNA_P47G_relaxed.pdb,0
S879,1STNA_P56A,WT,S879/1STNA/1STNA_relaxed.pdb,0
S879,1STNA_P56A,Mut,S879/1STNA/1STNA_P56A_relaxed.pdb,0
S879,1STNA_P56G,WT,S879/1STNA/1STNA_relaxed.pdb,0
S879,1STNA_P56G,Mut,S879/1STNA/1STNA_P56G_relaxed.pdb,0
S879,1STNA_V104G,WT,S879/1STNA/1STNA_relaxed.pdb,0
S879,1STNA_V104G,Mut,S879/1STNA/1STNA_V104G_relaxed.pdb,0
S879,1STNA_V23G,WT,S879/1STNA/1STNA_relaxed.pdb,0
S879,1STNA_V23G,Mut,S879/1STNA/1STNA_V23G_relaxed.pdb,0
S879,1STNA_V74G,WT,S879/1STNA/1STNA_relaxed.pdb,0
S879,1STNA_V74G,Mut,S879/1STNA/1STNA_V74G_relaxed.pdb,0
S879,1STNA_V74S,WT,S879/1STNA/1STNA_relaxed.pdb,0
S879,1STNA_V74S,Mut,S879/1STNA/1STNA_V74S_relaxed.pdb,0
S879,1STNA_V99G,WT,S879/1STNA/1STNA_relaxed.pdb,0
S879,1STNA_V99G,Mut,S879/1STNA/1STNA_V99G_relaxed.pdb,0
S879,1STNA_V99S,WT,S879/1STNA/1STNA_relaxed.pdb,0
S879,1STNA_V99S,Mut,S879/1STNA/1STNA_V99S_relaxed.pdb,0
S879,1STNA_W140F,WT,S879/1STNA/1STNA_relaxed.pdb,0
S879,1STNA_W140F,Mut,S879/1STNA/1STNA_W140F_relaxed.pdb,0
S879,1STNA_W140H,WT,S879/1STNA/1STNA_relaxed.pdb,0
S879,1STNA_W140H,Mut,S879/1STNA/1STNA_W140H_relaxed.pdb,0
S879,1STNA_W140L,WT,S879/1STNA/1STNA_relaxed.pdb,0
S879,1STNA_W140L,Mut,S879/1STNA/1STNA_W140L_relaxed.pdb,0
S879,1STNA_W140Y,WT,S879/1STNA/1STNA_relaxed.pdb,0
S879,1STNA_W140Y,Mut,S879/1STNA/1STNA_W140Y_relaxed.pdb,0
S879,1STNA_Y27D,WT,S879/1STNA/1STNA_relaxed.pdb,0
S879,1STNA_Y27D,Mut,S879/1STNA/1STNA_Y27D_relaxed.pdb,0
S879,1STNA_Y27E,WT,S879/1STNA/1STNA_relaxed.pdb,0
S879,1STNA_Y27E,Mut,S879/1STNA/1STNA_Y27E_relaxed.pdb,0
S879,1STNA_Y27G,WT,S879/1STNA/1STNA_relaxed.pdb,0
S879,1STNA_Y27G,Mut,S879/1STNA/1STNA_Y27G_relaxed.pdb,0
S879,1STNA_Y27P,WT,S879/1STNA/1STNA_relaxed.pdb,0
S879,1STNA_Y27P,Mut,S879/1STNA/1STNA_Y27P_relaxed.pdb,0
S879,1STNA_Y91A,WT,S879/1STNA/1STNA_relaxed.pdb,0
S879,1STNA_Y91A,Mut,S879/1STNA/1STNA_Y91A_relaxed.pdb,0
S879,1STNA_Y91G,WT,S879/1STNA/1STNA_relaxed.pdb,0
S879,1STNA_Y91G,Mut,S879/1STNA/1STNA_Y91G_relaxed.pdb,0
S879,1STNA_Y91S,WT,S879/1STNA/1STNA_relaxed.pdb,0
S879,1STNA_Y91S,Mut,S879/1STNA/1STNA_Y91S_relaxed.pdb,0
S879,1STNA_Y93A,WT,S879/1STNA/1STNA_relaxed.pdb,0
S879,1STNA_Y93A,Mut,S879/1STNA/1STNA_Y93A_relaxed.pdb,0
S879,1STNA_Y93G,WT,S879/1STNA/1STNA_relaxed.pdb,0
S879,1STNA_Y93G,Mut,S879/1STNA/1STNA_Y93G_relaxed.pdb,0
S879,1SYCA_G117P,WT,S879/1SYCA/1SYCA_relaxed.pdb,0
S879,1SYCA_G117P,Mut,S879/1SYCA/1SYCA_G117P_relaxed.pdb,0
S879,1SYEA_T117P,WT,S879/1SYEA/1SYEA_relaxed.pdb,0
S879,1SYEA_T117P,Mut,S879/1SYEA/1SYEA_T117P_relaxed.pdb,0
S879,1SYGA_A117P,WT,S879/1SYGA/1SYGA_relaxed.pdb,0
S879,1SYGA_A117P,Mut,S879/1SYGA/1SYGA_A117P_relaxed.pdb,0
S879,1TENA_Y869A,WT,S879/1TENA/1TENA_relaxed.pdb,0
S879,1TENA_Y869A,Mut,S879/1TENA/1TENA_Y869A_relaxed.pdb,0
S879,1TITA_Y9F,WT,S879/1TITA/1TITA_relaxed.pdb,0
S879,1TITA_Y9F,Mut,S879/1TITA/1TITA_Y9F_relaxed.pdb,0
S879,1TITA_Y9G,WT,S879/1TITA/1TITA_relaxed.pdb,0
S879,1TITA_Y9G,Mut,S879/1TITA/1TITA_Y9G_relaxed.pdb,0
S879,1TITA_Y9P,WT,S879/1TITA/1TITA_relaxed.pdb,0
S879,1TITA_Y9P,Mut,S879/1TITA/1TITA_Y9P_relaxed.pdb,0
S879,1TITA_Y9S,WT,S879/1TITA/1TITA_relaxed.pdb,0
S879,1TITA_Y9S,Mut,S879/1TITA/1TITA_Y9S_relaxed.pdb,0
S879,1TTGA_P25A,WT,S879/1TTGA/1TTGA_relaxed.pdb,0
S879,1TTGA_P25A,Mut,S879/1TTGA/1TTGA_P25A_relaxed.pdb,0
S879,1TTGA_P5A,WT,S879/1TTGA/1TTGA_relaxed.pdb,0
S879,1TTGA_P5A,Mut,S879/1TTGA/1TTGA_P5A_relaxed.pdb,0
S879,1TTGA_P64A,WT,S879/1TTGA/1TTGA_relaxed.pdb,0
S879,1TTGA_P64A,Mut,S879/1TTGA/1TTGA_P64A_relaxed.pdb,0
S879,1TTGA_P82A,WT,S879/1TTGA/1TTGA_relaxed.pdb,0
S879,1TTGA_P82A,Mut,S879/1TTGA/1TTGA_P82A_relaxed.pdb,0
S879,1TTGA_P87A,WT,S879/1TTGA/1TTGA_relaxed.pdb,0
S879,1TTGA_P87A,Mut,S879/1TTGA/1TTGA_P87A_relaxed.pdb,0
S879,1U7SA_A125L,WT,S879/1U7SA/1U7SA_relaxed.pdb,0
S879,1U7SA_A125L,Mut,S879/1U7SA/1U7SA_A125L_relaxed.pdb,0
S879,1U7SA_A144L,WT,S879/1U7SA/1U7SA_relaxed.pdb,0
S879,1U7SA_A144L,Mut,S879/1U7SA/1U7SA_A144L_relaxed.pdb,0
S879,1U7SA_A15L,WT,S879/1U7SA/1U7SA_relaxed.pdb,0
S879,1U7SA_A15L,Mut,S879/1U7SA/1U7SA_A15L_relaxed.pdb,0
S879,1U7SA_D122A,WT,S879/1U7SA/1U7SA_relaxed.pdb,0
S879,1U7SA_D122A,Mut,S879/1U7SA/1U7SA_D122A_relaxed.pdb,0
S879,1U7SA_D20A,WT,S879/1U7SA/1U7SA_relaxed.pdb,0
S879,1U7SA_D20A,Mut,S879/1U7SA/1U7SA_D20A_relaxed.pdb,0
S879,1U7SA_D44A,WT,S879/1U7SA/1U7SA_relaxed.pdb,0
S879,1U7SA_D44A,Mut,S879/1U7SA/1U7SA_D44A_relaxed.pdb,0
S879,1U7SA_D60A,WT,S879/1U7SA/1U7SA_relaxed.pdb,0
S879,1U7SA_D60A,Mut,S879/1U7SA/1U7SA_D60A_relaxed.pdb,0
S879,1U7SA_E109A,WT,S879/1U7SA/1U7SA_relaxed.pdb,0
S879,1U7SA_E109A,Mut,S879/1U7SA/1U7SA_E109A_relaxed.pdb,0
S879,1U7SA_E18A,WT,S879/1U7SA/1U7SA_relaxed.pdb,0
S879,1U7SA_E18A,Mut,S879/1U7SA/1U7SA_E18A_relaxed.pdb,0
S879,1U7SA_E4A,WT,S879/1U7SA/1U7SA_relaxed.pdb,0
S879,1U7SA_E4A,Mut,S879/1U7SA/1U7SA_E4A_relaxed.pdb,0
S879,1U7SA_F106A,WT,S879/1U7SA/1U7SA_relaxed.pdb,0
S879,1U7SA_F106A,Mut,S879/1U7SA/1U7SA_F106A_relaxed.pdb,0
S879,1U7SA_F123A,WT,S879/1U7SA/1U7SA_relaxed.pdb,0
S879,1U7SA_F123A,Mut,S879/1U7SA/1U7SA_F123A_relaxed.pdb,0
S879,1U7SA_F43I,WT,S879/1U7SA/1U7SA_relaxed.pdb,0
S879,1U7SA_F43I,Mut,S879/1U7SA/1U7SA_F43I_relaxed.pdb,0
S879,1U7SA_F43V,WT,S879/1U7SA/1U7SA_relaxed.pdb,0
S879,1U7SA_F43V,Mut,S879/1U7SA/1U7SA_F43V_relaxed.pdb,0
S879,1U7SA_G129A,WT,S879/1U7SA/1U7SA_relaxed.pdb,0
S879,1U7SA_G129A,Mut,S879/1U7SA/1U7SA_G129A_relaxed.pdb,0
S879,1U7SA_G23A,WT,S879/1U7SA/1U7SA_relaxed.pdb,0
S879,1U7SA_G23A,Mut,S879/1U7SA/1U7SA_G23A_relaxed.pdb,0
S879,1U7SA_H116A,WT,S879/1U7SA/1U7SA_relaxed.pdb,0
S879,1U7SA_H116A,Mut,S879/1U7SA/1U7SA_H116A_relaxed.pdb,0
S879,1U7SA_H64A,WT,S879/1U7SA/1U7SA_relaxed.pdb,0
S879,1U7SA_H64A,Mut,S879/1U7SA/1U7SA_H64A_relaxed.pdb,0
S879,1U7SA_H64F,WT,S879/1U7SA/1U7SA_relaxed.pdb,0
S879,1U7SA_H64F,Mut,S879/1U7SA/1U7SA_H64F_relaxed.pdb,0
S879,1U7SA_H64G,WT,S879/1U7SA/1U7SA_relaxed.pdb,0
S879,1U7SA_H64G,Mut,S879/1U7SA/1U7SA_H64G_relaxed.pdb,0
S879,1U7SA_H64I,WT,S879/1U7SA/1U7SA_relaxed.pdb,0
S879,1U7SA_H64I,Mut,S879/1U7SA/1U7SA_H64I_relaxed.pdb,0
S879,1U7SA_H64L,WT,S879/1U7SA/1U7SA_relaxed.pdb,0
S879,1U7SA_H64L,Mut,S879/1U7SA/1U7SA_H64L_relaxed.pdb,0
S879,1U7SA_H64N,WT,S879/1U7SA/1U7SA_relaxed.pdb,0
S879,1U7SA_H64N,Mut,S879/1U7SA/1U7SA_H64N_relaxed.pdb,0
S879,1U7SA_H64R,WT,S879/1U7SA/1U7SA_relaxed.pdb,0
S879,1U7SA_H64R,Mut,S879/1U7SA/1U7SA_H64R_relaxed.pdb,0
S879,1U7SA_H64T,WT,S879/1U7SA/1U7SA_relaxed.pdb,0
S879,1U7SA_H64T,Mut,S879/1U7SA/1U7SA_H64T_relaxed.pdb,0
S879,1U7SA_H64V,WT,S879/1U7SA/1U7SA_relaxed.pdb,0
S879,1U7SA_H64V,Mut,S879/1U7SA/1U7SA_H64V_relaxed.pdb,0
S879,1U7SA_H64W,WT,S879/1U7SA/1U7SA_relaxed.pdb,0
S879,1U7SA_H64W,Mut,S879/1U7SA/1U7SA_H64W_relaxed.pdb,0
S879,1U7SA_H64Y,WT,S879/1U7SA/1U7SA_relaxed.pdb,0
S879,1U7SA_H64Y,Mut,S879/1U7SA/1U7SA_H64Y_relaxed.pdb,0
S879,1U7SA_H97Q,WT,S879/1U7SA/1U7SA_relaxed.pdb,0
S879,1U7SA_H97Q,Mut,S879/1U7SA/1U7SA_H97Q_relaxed.pdb,0
S879,1U7SA_I107A,WT,S879/1U7SA/1U7SA_relaxed.pdb,0
S879,1U7SA_I107A,Mut,S879/1U7SA/1U7SA_I107A_relaxed.pdb,0
S879,1U7SA_I107F,WT,S879/1U7SA/1U7SA_relaxed.pdb,0
S879,1U7SA_I107F,Mut,S879/1U7SA/1U7SA_I107F_relaxed.pdb,0
S879,1U7SA_I107T,WT,S879/1U7SA/1U7SA_relaxed.pdb,0
S879,1U7SA_I107T,Mut,S879/1U7SA/1U7SA_I107T_relaxed.pdb,0
S879,1U7SA_I107V,WT,S879/1U7SA/1U7SA_relaxed.pdb,0
S879,1U7SA_I107V,Mut,S879/1U7SA/1U7SA_I107V_relaxed.pdb,0
S879,1U7SA_I28F,WT,S879/1U7SA/1U7SA_relaxed.pdb,0
S879,1U7SA_I28F,Mut,S879/1U7SA/1U7SA_I28F_relaxed.pdb,0
S879,1U7SA_K133A,WT,S879/1U7SA/1U7SA_relaxed.pdb,0
S879,1U7SA_K133A,Mut,S879/1U7SA/1U7SA_K133A_relaxed.pdb,0
S879,1U7SA_K140A,WT,S879/1U7SA/1U7SA_relaxed.pdb,0
S879,1U7SA_K140A,Mut,S879/1U7SA/1U7SA_K140A_relaxed.pdb,0
S879,1U7SA_K56A,WT,S879/1U7SA/1U7SA_relaxed.pdb,0
S879,1U7SA_K56A,Mut,S879/1U7SA/1U7SA_K56A_relaxed.pdb,0
S879,1U7SA_K77A,WT,S879/1U7SA/1U7SA_relaxed.pdb,0
S879,1U7SA_K77A,Mut,S879/1U7SA/1U7SA_K77A_relaxed.pdb,0
S879,1U7SA_L115A,WT,S879/1U7SA/1U7SA_relaxed.pdb,0
S879,1U7SA_L115A,Mut,S879/1U7SA/1U7SA_L115A_relaxed.pdb,0
S879,1U7SA_L11A,WT,S879/1U7SA/1U7SA_relaxed.pdb,0
S879,1U7SA_L11A,Mut,S879/1U7SA/1U7SA_L11A_relaxed.pdb,0
S879,1U7SA_L135A,WT,S879/1U7SA/1U7SA_relaxed.pdb,0
S879,1U7SA_L135A,Mut,S879/1U7SA/1U7SA_L135A_relaxed.pdb,0
S879,1U7SA_L149A,WT,S879/1U7SA/1U7SA_relaxed.pdb,0
S879,1U7SA_L149A,Mut,S879/1U7SA/1U7SA_L149A_relaxed.pdb,0
S879,1U7SA_L29F,WT,S879/1U7SA/1U7SA_relaxed.pdb,0
S879,1U7SA_L29F,Mut,S879/1U7SA/1U7SA_L29F_relaxed.pdb,0
S879,1U7SA_L29N,WT,S879/1U7SA/1U7SA_relaxed.pdb,0
S879,1U7SA_L29N,Mut,S879/1U7SA/1U7SA_L29N_relaxed.pdb,0
S879,1U7SA_L32F,WT,S879/1U7SA/1U7SA_relaxed.pdb,0
S879,1U7SA_L32F,Mut,S879/1U7SA/1U7SA_L32F_relaxed.pdb,0
S879,1U7SA_L32W,WT,S879/1U7SA/1U7SA_relaxed.pdb,0
S879,1U7SA_L32W,Mut,S879/1U7SA/1U7SA_L32W_relaxed.pdb,0
S879,1U7SA_L9A,WT,S879/1U7SA/1U7SA_relaxed.pdb,0
S879,1U7SA_L9A,Mut,S879/1U7SA/1U7SA_L9A_relaxed.pdb,0
S879,1U7SA_P88A,WT,S879/1U7SA/1U7SA_relaxed.pdb,0
S879,1U7SA_P88A,Mut,S879/1U7SA/1U7SA_P88A_relaxed.pdb,0
S879,1U7SA_R118A,WT,S879/1U7SA/1U7SA_relaxed.pdb,0
S879,1U7SA_R118A,Mut,S879/1U7SA/1U7SA_R118A_relaxed.pdb,0
S879,1U7SA_R139A,WT,S879/1U7SA/1U7SA_relaxed.pdb,0
S879,1U7SA_R139A,Mut,S879/1U7SA/1U7SA_R139A_relaxed.pdb,0
S879,1U7SA_S117A,WT,S879/1U7SA/1U7SA_relaxed.pdb,0
S879,1U7SA_S117A,Mut,S879/1U7SA/1U7SA_S117A_relaxed.pdb,0
S879,1U7SA_T51A,WT,S879/1U7SA/1U7SA_relaxed.pdb,0
S879,1U7SA_T51A,Mut,S879/1U7SA/1U7SA_T51A_relaxed.pdb,0
S879,1U7SA_T67A,WT,S879/1U7SA/1U7SA_relaxed.pdb,0
S879,1U7SA_T67A,Mut,S879/1U7SA/1U7SA_T67A_relaxed.pdb,0
S879,1U7SA_T67F,WT,S879/1U7SA/1U7SA_relaxed.pdb,0
S879,1U7SA_T67F,Mut,S879/1U7SA/1U7SA_T67F_relaxed.pdb,0
S879,1U7SA_T67P,WT,S879/1U7SA/1U7SA_relaxed.pdb,0
S879,1U7SA_T67P,Mut,S879/1U7SA/1U7SA_T67P_relaxed.pdb,0
S879,1U7SA_T67Q,WT,S879/1U7SA/1U7SA_relaxed.pdb,0
S879,1U7SA_T67Q,Mut,S879/1U7SA/1U7SA_T67Q_relaxed.pdb,0
S879,1U7SA_V114A,WT,S879/1U7SA/1U7SA_relaxed.pdb,0
S879,1U7SA_V114A,Mut,S879/1U7SA/1U7SA_V114A_relaxed.pdb,0
S879,1U7SA_V13A,WT,S879/1U7SA/1U7SA_relaxed.pdb,0
S879,1U7SA_V13A,Mut,S879/1U7SA/1U7SA_V13A_relaxed.pdb,0
S879,1U7SA_V66A,WT,S879/1U7SA/1U7SA_relaxed.pdb,0
S879,1U7SA_V66A,Mut,S879/1U7SA/1U7SA_V66A_relaxed.pdb,0
S879,1U7SA_V68A,WT,S879/1U7SA/1U7SA_relaxed.pdb,0
S879,1U7SA_V68A,Mut,S879/1U7SA/1U7SA_V68A_relaxed.pdb,0
S879,1U7SA_V68F,WT,S879/1U7SA/1U7SA_relaxed.pdb,0
S879,1U7SA_V68F,Mut,S879/1U7SA/1U7SA_V68F_relaxed.pdb,0
S879,1U7SA_V68I,WT,S879/1U7SA/1U7SA_relaxed.pdb,0
S879,1U7SA_V68I,Mut,S879/1U7SA/1U7SA_V68I_relaxed.pdb,0
S879,1U7SA_V68L,WT,S879/1U7SA/1U7SA_relaxed.pdb,0
S879,1U7SA_V68L,Mut,S879/1U7SA/1U7SA_V68L_relaxed.pdb,0
S879,1U7SA_V68N,WT,S879/1U7SA/1U7SA_relaxed.pdb,0
S879,1U7SA_V68N,Mut,S879/1U7SA/1U7SA_V68N_relaxed.pdb,0
S879,1U7SA_V68Q,WT,S879/1U7SA/1U7SA_relaxed.pdb,0
S879,1U7SA_V68Q,Mut,S879/1U7SA/1U7SA_V68Q_relaxed.pdb,0
S879,1U7SA_V68S,WT,S879/1U7SA/1U7SA_relaxed.pdb,0
S879,1U7SA_V68S,Mut,S879/1U7SA/1U7SA_V68S_relaxed.pdb,0
S879,1U7SA_V68W,WT,S879/1U7SA/1U7SA_relaxed.pdb,0
S879,1U7SA_V68W,Mut,S879/1U7SA/1U7SA_V68W_relaxed.pdb,0
S879,1U7SA_V68Y,WT,S879/1U7SA/1U7SA_relaxed.pdb,0
S879,1U7SA_V68Y,Mut,S879/1U7SA/1U7SA_V68Y_relaxed.pdb,0
S879,1UBQA_V26A,WT,S879/1UBQA/1UBQA_relaxed.pdb,0
S879,1UBQA_V26A,Mut,S879/1UBQA/1UBQA_V26A_relaxed.pdb,0
S879,1UBQA_V26G,WT,S879/1UBQA/1UBQA_relaxed.pdb,0
S879,1UBQA_V26G,Mut,S879/1UBQA/1UBQA_V26G_relaxed.pdb,0
S879,1UBQA_V26I,WT,S879/1UBQA/1UBQA_relaxed.pdb,0
S879,1UBQA_V26I,Mut,S879/1UBQA/1UBQA_V26I_relaxed.pdb,0
S879,1UBQA_V26L,WT,S879/1UBQA/1UBQA_relaxed.pdb,0
S879,1UBQA_V26L,Mut,S879/1UBQA/1UBQA_V26L_relaxed.pdb,0
S879,1VQBA_L65P,WT,S879/1VQBA/1VQBA_relaxed.pdb,0
S879,1VQBA_L65P,Mut,S879/1VQBA/1VQBA_L65P_relaxed.pdb,0
S879,1VQBA_V70P,WT,S879/1VQBA/1VQBA_relaxed.pdb,0
S879,1VQBA_V70P,Mut,S879/1VQBA/1VQBA_V70P_relaxed.pdb,0
S879,1W4HA_A130G,WT,S879/1W4HA/1W4HA_relaxed.pdb,0
S879,1W4HA_A130G,Mut,S879/1W4HA/1W4HA_A130G_relaxed.pdb,0
S879,1W4HA_A134G,WT,S879/1W4HA/1W4HA_relaxed.pdb,0
S879,1W4HA_A134G,Mut,S879/1W4HA/1W4HA_A134G_relaxed.pdb,0
S879,1W4HA_A140G,WT,S879/1W4HA/1W4HA_relaxed.pdb,0
S879,1W4HA_A140G,Mut,S879/1W4HA/1W4HA_A140G_relaxed.pdb,0
S879,1W4HA_A146G,WT,S879/1W4HA/1W4HA_relaxed.pdb,0
S879,1W4HA_A146G,Mut,S879/1W4HA/1W4HA_A146G_relaxed.pdb,0
S879,1W4HA_A148G,WT,S879/1W4HA/1W4HA_relaxed.pdb,0
S879,1W4HA_A148G,Mut,S879/1W4HA/1W4HA_A148G_relaxed.pdb,0
S879,1W4HA_A168G,WT,S879/1W4HA/1W4HA_relaxed.pdb,0
S879,1W4HA_A168G,Mut,S879/1W4HA/1W4HA_A168G_relaxed.pdb,0
S879,1W4HA_D162N,WT,S879/1W4HA/1W4HA_relaxed.pdb,0
S879,1W4HA_D162N,Mut,S879/1W4HA/1W4HA_D162N_relaxed.pdb,0
S879,1W4HA_H166A,WT,S879/1W4HA/1W4HA_relaxed.pdb,0
S879,1W4HA_H166A,Mut,S879/1W4HA/1W4HA_H166A_relaxed.pdb,0
S879,1W4HA_H166G,WT,S879/1W4HA/1W4HA_relaxed.pdb,0
S879,1W4HA_H166G,Mut,S879/1W4HA/1W4HA_H166G_relaxed.pdb,0
S879,1W4HA_I135A,WT,S879/1W4HA/1W4HA_relaxed.pdb,0
S879,1W4HA_I135A,Mut,S879/1W4HA/1W4HA_I135A_relaxed.pdb,0
S879,1W4HA_I135V,WT,S879/1W4HA/1W4HA_relaxed.pdb,0
S879,1W4HA_I135V,Mut,S879/1W4HA/1W4HA_I135V_relaxed.pdb,0
S879,1W4HA_I149V,WT,S879/1W4HA/1W4HA_relaxed.pdb,0
S879,1W4HA_I149V,Mut,S879/1W4HA/1W4HA_I149V_relaxed.pdb,0
S879,1W4HA_L131A,WT,S879/1W4HA/1W4HA_relaxed.pdb,0
S879,1W4HA_L131A,Mut,S879/1W4HA/1W4HA_L131A_relaxed.pdb,0
S879,1W4HA_L138A,WT,S879/1W4HA/1W4HA_relaxed.pdb,0
S879,1W4HA_L138A,Mut,S879/1W4HA/1W4HA_L138A_relaxed.pdb,0
S879,1W4HA_L139A,WT,S879/1W4HA/1W4HA_relaxed.pdb,0
S879,1W4HA_L139A,Mut,S879/1W4HA/1W4HA_L139A_relaxed.pdb,0
S879,1W4HA_L144A,WT,S879/1W4HA/1W4HA_relaxed.pdb,0
S879,1W4HA_L144A,Mut,S879/1W4HA/1W4HA_L144A_relaxed.pdb,0
S879,1W4HA_L158A,WT,S879/1W4HA/1W4HA_relaxed.pdb,0
S879,1W4HA_L158A,Mut,S879/1W4HA/1W4HA_L158A_relaxed.pdb,0
S879,1W4HA_L167A,WT,S879/1W4HA/1W4HA_relaxed.pdb,0
S879,1W4HA_L167A,Mut,S879/1W4HA/1W4HA_L167A_relaxed.pdb,0
S879,1W4HA_P133A,WT,S879/1W4HA/1W4HA_relaxed.pdb,0
S879,1W4HA_P133A,Mut,S879/1W4HA/1W4HA_P133A_relaxed.pdb,0
S879,1W4HA_S132G,WT,S879/1W4HA/1W4HA_relaxed.pdb,0
S879,1W4HA_S132G,Mut,S879/1W4HA/1W4HA_S132G_relaxed.pdb,0
S879,1W4HA_T152A,WT,S879/1W4HA/1W4HA_relaxed.pdb,0
S879,1W4HA_T152A,Mut,S879/1W4HA/1W4HA_T152A_relaxed.pdb,0
S879,1W4HA_T152S,WT,S879/1W4HA/1W4HA_relaxed.pdb,0
S879,1W4HA_T152S,Mut,S879/1W4HA/1W4HA_T152S_relaxed.pdb,0
S879,1W4HA_T159S,WT,S879/1W4HA/1W4HA_relaxed.pdb,0
S879,1W4HA_T159S,Mut,S879/1W4HA/1W4HA_T159S_relaxed.pdb,0
S879,1W4HA_V154G,WT,S879/1W4HA/1W4HA_relaxed.pdb,0
S879,1W4HA_V154G,Mut,S879/1W4HA/1W4HA_V154G_relaxed.pdb,0
S879,1W4HA_V163A,WT,S879/1W4HA/1W4HA_relaxed.pdb,0
S879,1W4HA_V163A,Mut,S879/1W4HA/1W4HA_V163A_relaxed.pdb,0
S879,1YCCA_C102A,WT,S879/1YCCA/1YCCA_relaxed.pdb,0
S879,1YCCA_C102A,Mut,S879/1YCCA/1YCCA_C102A_relaxed.pdb,0
S879,1YCCA_C102S,WT,S879/1YCCA/1YCCA_relaxed.pdb,0
S879,1YCCA_C102S,Mut,S879/1YCCA/1YCCA_C102S_relaxed.pdb,0
S879,1YCCA_F82Y,WT,S879/1YCCA/1YCCA_relaxed.pdb,0
S879,1YCCA_F82Y,Mut,S879/1YCCA/1YCCA_F82Y_relaxed.pdb,0
S879,1YCCA_K73I,WT,S879/1YCCA/1YCCA_relaxed.pdb,0
S879,1YCCA_K73I,Mut,S879/1YCCA/1YCCA_K73I_relaxed.pdb,0
S879,1YCCA_K73V,WT,S879/1YCCA/1YCCA_relaxed.pdb,0
S879,1YCCA_K73V,Mut,S879/1YCCA/1YCCA_K73V_relaxed.pdb,0
S879,1YCCA_K73W,WT,S879/1YCCA/1YCCA_relaxed.pdb,0
S879,1YCCA_K73W,Mut,S879/1YCCA/1YCCA_K73W_relaxed.pdb,0
S879,1YCCA_L85A,WT,S879/1YCCA/1YCCA_relaxed.pdb,0
S879,1YCCA_L85A,Mut,S879/1YCCA/1YCCA_L85A_relaxed.pdb,0
S879,1YCCA_N52A,WT,S879/1YCCA/1YCCA_relaxed.pdb,0
S879,1YCCA_N52A,Mut,S879/1YCCA/1YCCA_N52A_relaxed.pdb,0
S879,1YCCA_N52H,WT,S879/1YCCA/1YCCA_relaxed.pdb,0
S879,1YCCA_N52H,Mut,S879/1YCCA/1YCCA_N52H_relaxed.pdb,0
S879,1YCCA_N52L,WT,S879/1YCCA/1YCCA_relaxed.pdb,0
S879,1YCCA_N52L,Mut,S879/1YCCA/1YCCA_N52L_relaxed.pdb,0
S879,1YCCA_N52M,WT,S879/1YCCA/1YCCA_relaxed.pdb,0
S879,1YCCA_N52M,Mut,S879/1YCCA/1YCCA_N52M_relaxed.pdb,0
S879,1YCCA_N52Q,WT,S879/1YCCA/1YCCA_relaxed.pdb,0
S879,1YCCA_N52Q,Mut,S879/1YCCA/1YCCA_N52Q_relaxed.pdb,0
S879,1YCCA_N52V,WT,S879/1YCCA/1YCCA_relaxed.pdb,0
S879,1YCCA_N52V,Mut,S879/1YCCA/1YCCA_N52V_relaxed.pdb,0
S879,1YCCA_P76G,WT,S879/1YCCA/1YCCA_relaxed.pdb,0
S879,1YCCA_P76G,Mut,S879/1YCCA/1YCCA_P76G_relaxed.pdb,0
S879,1YCCA_P76L,WT,S879/1YCCA/1YCCA_relaxed.pdb,0
S879,1YCCA_P76L,Mut,S879/1YCCA/1YCCA_P76L_relaxed.pdb,0
S879,1YCCA_P76R,WT,S879/1YCCA/1YCCA_relaxed.pdb,0
S879,1YCCA_P76R,Mut,S879/1YCCA/1YCCA_P76R_relaxed.pdb,0
S879,1YCCA_P76S,WT,S879/1YCCA/1YCCA_relaxed.pdb,0
S879,1YCCA_P76S,Mut,S879/1YCCA/1YCCA_P76S_relaxed.pdb,0
S879,1YCCA_P76V,WT,S879/1YCCA/1YCCA_relaxed.pdb,0
S879,1YCCA_P76V,Mut,S879/1YCCA/1YCCA_P76V_relaxed.pdb,0
S879,1YCCA_P76W,WT,S879/1YCCA/1YCCA_relaxed.pdb,0
S879,1YCCA_P76W,Mut,S879/1YCCA/1YCCA_P76W_relaxed.pdb,0
S879,1YCCA_P76Y,WT,S879/1YCCA/1YCCA_relaxed.pdb,0
S879,1YCCA_P76Y,Mut,S879/1YCCA/1YCCA_P76Y_relaxed.pdb,0
S879,1ZNJA_T8A,WT,S879/1ZNJA/1ZNJA_relaxed.pdb,0
S879,1ZNJA_T8A,Mut,S879/1ZNJA/1ZNJA_T8A_relaxed.pdb,0
S879,1ZNJA_T8H,WT,S879/1ZNJA/1ZNJA_relaxed.pdb,0
S879,1ZNJA_T8H,Mut,S879/1ZNJA/1ZNJA_T8H_relaxed.pdb,0
S879,1ZNJA_T8R,WT,S879/1ZNJA/1ZNJA_relaxed.pdb,0
S879,1ZNJA_T8R,Mut,S879/1ZNJA/1ZNJA_T8R_relaxed.pdb,0
S879,206LA_S42A,WT,S879/206LA/206LA_relaxed.pdb,0
S879,206LA_S42A,Mut,S879/206LA/206LA_S42A_relaxed.pdb,0
S879,217LA_E44S,WT,S879/217LA/217LA_relaxed.pdb,0
S879,217LA_E44S,Mut,S879/217LA/217LA_E44S_relaxed.pdb,0
S879,221LA_S49A,WT,S879/221LA/221LA_relaxed.pdb,0
S879,221LA_S49A,Mut,S879/221LA/221LA_S49A_relaxed.pdb,0
S879,224LA_S93A,WT,S879/224LA/224LA_relaxed.pdb,0
S879,224LA_S93A,Mut,S879/224LA/224LA_S93A_relaxed.pdb,0
S879,230LA_L6M,WT,S879/230LA/230LA_relaxed.pdb,0
S879,230LA_L6M,Mut,S879/230LA/230LA_L6M_relaxed.pdb,0
S879,231LA_K106M,WT,S879/231LA/231LA_relaxed.pdb,0
S879,231LA_K106M,Mut,S879/231LA/231LA_K106M_relaxed.pdb,0
S879,232LA_K120M,WT,S879/232LA/232LA_relaxed.pdb,0
S879,232LA_K120M,Mut,S879/232LA/232LA_K120M_relaxed.pdb,0
S879,233LA_L120M,WT,S879/233LA/233LA_relaxed.pdb,0
S879,233LA_L120M,Mut,S879/233LA/233LA_L120M_relaxed.pdb,0
S879,234LA_L106M,WT,S879/234LA/234LA_relaxed.pdb,0
S879,234LA_L106M,Mut,S879/234LA/234LA_L106M_relaxed.pdb,0
S879,235LA_A111V,WT,S879/235LA/235LA_relaxed.pdb,0
S879,235LA_A111V,Mut,S879/235LA/235LA_A111V_relaxed.pdb,0
S879,236LA_A87V,WT,S879/236LA/236LA_relaxed.pdb,0
S879,236LA_A87V,Mut,S879/236LA/236LA_A87V_relaxed.pdb,0
S879,239LA_A17I,WT,S879/239LA/239LA_relaxed.pdb,0
S879,239LA_A17I,Mut,S879/239LA/239LA_A17I_relaxed.pdb,0
S879,240LA_A27I,WT,S879/240LA/240LA_relaxed.pdb,0
S879,240LA_A27I,Mut,S879/240LA/240LA_A27I_relaxed.pdb,0
S879,241LA_A29I,WT,S879/241LA/241LA_relaxed.pdb,0
S879,241LA_A29I,Mut,S879/241LA/241LA_A29I_relaxed.pdb,0
S879,242LA_A50I,WT,S879/242LA/242LA_relaxed.pdb,0
S879,242LA_A50I,Mut,S879/242LA/242LA_A50I_relaxed.pdb,0
S879,243LA_A58I,WT,S879/243LA/243LA_relaxed.pdb,0
S879,243LA_A58I,Mut,S879/243LA/243LA_A58I_relaxed.pdb,0
S879,244LA_A100I,WT,S879/244LA/244LA_relaxed.pdb,0
S879,244LA_A100I,Mut,S879/244LA/244LA_A100I_relaxed.pdb,0
S879,245LA_A6M,WT,S879/245LA/245LA_relaxed.pdb,0
S879,245LA_A6M,Mut,S879/245LA/245LA_A6M_relaxed.pdb,0
S879,246LA_A67F,WT,S879/246LA/246LA_relaxed.pdb,0
S879,246LA_A67F,Mut,S879/246LA/246LA_A67F_relaxed.pdb,0
S879,247LA_A84L,WT,S879/247LA/247LA_relaxed.pdb,0
S879,247LA_A84L,Mut,S879/247LA/247LA_A84L_relaxed.pdb,0
S879,253LA_A20D,WT,S879/253LA/253LA_relaxed.pdb,0
S879,253LA_A20D,Mut,S879/253LA/253LA_A20D_relaxed.pdb,0
S879,254LA_S20D,WT,S879/254LA/254LA_relaxed.pdb,0
S879,254LA_S20D,Mut,S879/254LA/254LA_S20D_relaxed.pdb,0
S879,255LA_N20D,WT,S879/255LA/255LA_relaxed.pdb,0
S879,255LA_N20D,Mut,S879/255LA/255LA_N20D_relaxed.pdb,0
S879,2ABDA_P19A,WT,S879/2ABDA/2ABDA_relaxed.pdb,0
S879,2ABDA_P19A,Mut,S879/2ABDA/2ABDA_P19A_relaxed.pdb,0
S879,2ABDA_P44A,WT,S879/2ABDA/2ABDA_relaxed.pdb,0
S879,2ABDA_P44A,Mut,S879/2ABDA/2ABDA_P44A_relaxed.pdb,0
S879,2AFGA_C117I,WT,S879/2AFGA/2AFGA_relaxed.pdb,0
S879,2AFGA_C117I,Mut,S879/2AFGA/2AFGA_C117I_relaxed.pdb,0
S879,2AFGA_F132W,WT,S879/2AFGA/2AFGA_relaxed.pdb,0
S879,2AFGA_F132W,Mut,S879/2AFGA/2AFGA_F132W_relaxed.pdb,0
S879,2AFGA_F85W,WT,S879/2AFGA/2AFGA_relaxed.pdb,0
S879,2AFGA_F85W,Mut,S879/2AFGA/2AFGA_F85W_relaxed.pdb,0
S879,2AFGA_L44P,WT,S879/2AFGA/2AFGA_relaxed.pdb,0
S879,2AFGA_L44P,Mut,S879/2AFGA/2AFGA_L44P_relaxed.pdb,0
S879,2AFGA_L44W,WT,S879/2AFGA/2AFGA_relaxed.pdb,0
S879,2AFGA_L44W,Mut,S879/2AFGA/2AFGA_L44W_relaxed.pdb,0
S879,2AFGA_V31I,WT,S879/2AFGA/2AFGA_relaxed.pdb,0
S879,2AFGA_V31I,Mut,S879/2AFGA/2AFGA_V31I_relaxed.pdb,0
S879,2CI2I_P25A,WT,S879/2CI2I/2CI2I_relaxed.pdb,0
S879,2CI2I_P25A,Mut,S879/2CI2I/2CI2I_P25A_relaxed.pdb,0
S879,2CI2I_P52A,WT,S879/2CI2I/2CI2I_relaxed.pdb,0
S879,2CI2I_P52A,Mut,S879/2CI2I/2CI2I_P52A_relaxed.pdb,0
S879,2CI2I_P80A,WT,S879/2CI2I/2CI2I_relaxed.pdb,0
S879,2CI2I_P80A,Mut,S879/2CI2I/2CI2I_P80A_relaxed.pdb,0
S879,2HPRA_G49A,WT,S879/2HPRA/2HPRA_relaxed.pdb,0
S879,2HPRA_G49A,Mut,S879/2HPRA/2HPRA_G49A_relaxed.pdb,0
S879,2HPRA_G49E,WT,S879/2HPRA/2HPRA_relaxed.pdb,0
S879,2HPRA_G49E,Mut,S879/2HPRA/2HPRA_G49E_relaxed.pdb,0
S879,2HPRA_G49K,WT,S879/2HPRA/2HPRA_relaxed.pdb,0
S879,2HPRA_G49K,Mut,S879/2HPRA/2HPRA_G49K_relaxed.pdb,0
S879,2L78A_I111V,WT,S879/2L78A/2L78A_relaxed.pdb,0
S879,2L78A_I111V,Mut,S879/2L78A/2L78A_I111V_relaxed.pdb,0
S879,2LZMA_A129L,WT,S879/2LZMA/2LZMA_relaxed.pdb,0
S879,2LZMA_A129L,Mut,S879/2LZMA/2LZMA_A129L_relaxed.pdb,0
S879,2LZMA_A129M,WT,S879/2LZMA/2LZMA_relaxed.pdb,0
S879,2LZMA_A129M,Mut,S879/2LZMA/2LZMA_A129M_relaxed.pdb,0
S879,2LZMA_A130G,WT,S879/2LZMA/2LZMA_relaxed.pdb,0
S879,2LZMA_A130G,Mut,S879/2LZMA/2LZMA_A130G_relaxed.pdb,0
S879,2LZMA_A134S,WT,S879/2LZMA/2LZMA_relaxed.pdb,0
S879,2LZMA_A134S,Mut,S879/2LZMA/2LZMA_A134S_relaxed.pdb,0
S879,2LZMA_A41D,WT,S879/2LZMA/2LZMA_relaxed.pdb,0
S879,2LZMA_A41D,Mut,S879/2LZMA/2LZMA_A41D_relaxed.pdb,0
S879,2LZMA_A41S,WT,S879/2LZMA/2LZMA_relaxed.pdb,0
S879,2LZMA_A41S,Mut,S879/2LZMA/2LZMA_A41S_relaxed.pdb,0
S879,2LZMA_A42G,WT,S879/2LZMA/2LZMA_relaxed.pdb,0
S879,2LZMA_A42G,Mut,S879/2LZMA/2LZMA_A42G_relaxed.pdb,0
S879,2LZMA_A42K,WT,S879/2LZMA/2LZMA_relaxed.pdb,0
S879,2LZMA_A42K,Mut,S879/2LZMA/2LZMA_A42K_relaxed.pdb,0
S879,2LZMA_A42S,WT,S879/2LZMA/2LZMA_relaxed.pdb,0
S879,2LZMA_A42S,Mut,S879/2LZMA/2LZMA_A42S_relaxed.pdb,0
S879,2LZMA_A49S,WT,S879/2LZMA/2LZMA_relaxed.pdb,0
S879,2LZMA_A49S,Mut,S879/2LZMA/2LZMA_A49S_relaxed.pdb,0
S879,2LZMA_A73S,WT,S879/2LZMA/2LZMA_relaxed.pdb,0
S879,2LZMA_A73S,Mut,S879/2LZMA/2LZMA_A73S_relaxed.pdb,0
S879,2LZMA_A82S,WT,S879/2LZMA/2LZMA_relaxed.pdb,0
S879,2LZMA_A82S,Mut,S879/2LZMA/2LZMA_A82S_relaxed.pdb,0
S879,2LZMA_A93S,WT,S879/2LZMA/2LZMA_relaxed.pdb,0
S879,2LZMA_A93S,Mut,S879/2LZMA/2LZMA_A93S_relaxed.pdb,0
S879,2LZMA_A93T,WT,S879/2LZMA/2LZMA_relaxed.pdb,0
S879,2LZMA_A93T,Mut,S879/2LZMA/2LZMA_A93T_relaxed.pdb,0
S879,2LZMA_A98S,WT,S879/2LZMA/2LZMA_relaxed.pdb,0
S879,2LZMA_A98S,Mut,S879/2LZMA/2LZMA_A98S_relaxed.pdb,0
S879,2LZMA_C54Y,WT,S879/2LZMA/2LZMA_relaxed.pdb,0
S879,2LZMA_C54Y,Mut,S879/2LZMA/2LZMA_C54Y_relaxed.pdb,0
S879,2LZMA_D20A,WT,S879/2LZMA/2LZMA_relaxed.pdb,0
S879,2LZMA_D20A,Mut,S879/2LZMA/2LZMA_D20A_relaxed.pdb,0
S879,2LZMA_D20N,WT,S879/2LZMA/2LZMA_relaxed.pdb,0
S879,2LZMA_D20N,Mut,S879/2LZMA/2LZMA_D20N_relaxed.pdb,0
S879,2LZMA_D20S,WT,S879/2LZMA/2LZMA_relaxed.pdb,0
S879,2LZMA_D20S,Mut,S879/2LZMA/2LZMA_D20S_relaxed.pdb,0
S879,2LZMA_D20T,WT,S879/2LZMA/2LZMA_relaxed.pdb,0
S879,2LZMA_D20T,Mut,S879/2LZMA/2LZMA_D20T_relaxed.pdb,0
S879,2LZMA_D47A,WT,S879/2LZMA/2LZMA_relaxed.pdb,0
S879,2LZMA_D47A,Mut,S879/2LZMA/2LZMA_D47A_relaxed.pdb,0
S879,2LZMA_D72P,WT,S879/2LZMA/2LZMA_relaxed.pdb,0
S879,2LZMA_D72P,Mut,S879/2LZMA/2LZMA_D72P_relaxed.pdb,0
S879,2LZMA_D89A,WT,S879/2LZMA/2LZMA_relaxed.pdb,0
S879,2LZMA_D89A,Mut,S879/2LZMA/2LZMA_D89A_relaxed.pdb,0
S879,2LZMA_E108V,WT,S879/2LZMA/2LZMA_relaxed.pdb,0
S879,2LZMA_E108V,Mut,S879/2LZMA/2LZMA_E108V_relaxed.pdb,0
S879,2LZMA_E11H,WT,S879/2LZMA/2LZMA_relaxed.pdb,0
S879,2LZMA_E11H,Mut,S879/2LZMA/2LZMA_E11H_relaxed.pdb,0
S879,2LZMA_E11N,WT,S879/2LZMA/2LZMA_relaxed.pdb,0
S879,2LZMA_E11N,Mut,S879/2LZMA/2LZMA_E11N_relaxed.pdb,0
S879,2LZMA_E22K,WT,S879/2LZMA/2LZMA_relaxed.pdb,0
S879,2LZMA_E22K,Mut,S879/2LZMA/2LZMA_E22K_relaxed.pdb,0
S879,2LZMA_E45A,WT,S879/2LZMA/2LZMA_relaxed.pdb,0
S879,2LZMA_E45A,Mut,S879/2LZMA/2LZMA_E45A_relaxed.pdb,0
S879,2LZMA_F104A,WT,S879/2LZMA/2LZMA_relaxed.pdb,0
S879,2LZMA_F104A,Mut,S879/2LZMA/2LZMA_F104A_relaxed.pdb,0
S879,2LZMA_F153A,WT,S879/2LZMA/2LZMA_relaxed.pdb,0
S879,2LZMA_F153A,Mut,S879/2LZMA/2LZMA_F153A_relaxed.pdb,0
S879,2LZMA_F153I,WT,S879/2LZMA/2LZMA_relaxed.pdb,0
S879,2LZMA_F153I,Mut,S879/2LZMA/2LZMA_F153I_relaxed.pdb,0
S879,2LZMA_F153L,WT,S879/2LZMA/2LZMA_relaxed.pdb,0
S879,2LZMA_F153L,Mut,S879/2LZMA/2LZMA_F153L_relaxed.pdb,0
S879,2LZMA_F153M,WT,S879/2LZMA/2LZMA_relaxed.pdb,0
S879,2LZMA_F153M,Mut,S879/2LZMA/2LZMA_F153M_relaxed.pdb,0
S879,2LZMA_F153V,WT,S879/2LZMA/2LZMA_relaxed.pdb,0
S879,2LZMA_F153V,Mut,S879/2LZMA/2LZMA_F153V_relaxed.pdb,0
S879,2LZMA_F67A,WT,S879/2LZMA/2LZMA_relaxed.pdb,0
S879,2LZMA_F67A,Mut,S879/2LZMA/2LZMA_F67A_relaxed.pdb,0
S879,2LZMA_G113E,WT,S879/2LZMA/2LZMA_relaxed.pdb,0
S879,2LZMA_G113E,Mut,S879/2LZMA/2LZMA_G113E_relaxed.pdb,0
S879,2LZMA_H31N,WT,S879/2LZMA/2LZMA_relaxed.pdb,0
S879,2LZMA_H31N,Mut,S879/2LZMA/2LZMA_H31N_relaxed.pdb,0
S879,2LZMA_I100A,WT,S879/2LZMA/2LZMA_relaxed.pdb,0
S879,2LZMA_I100A,Mut,S879/2LZMA/2LZMA_I100A_relaxed.pdb,0
S879,2LZMA_I100M,WT,S879/2LZMA/2LZMA_relaxed.pdb,0
S879,2LZMA_I100M,Mut,S879/2LZMA/2LZMA_I100M_relaxed.pdb,0
S879,2LZMA_I150V,WT,S879/2LZMA/2LZMA_relaxed.pdb,0
S879,2LZMA_I150V,Mut,S879/2LZMA/2LZMA_I150V_relaxed.pdb,0
S879,2LZMA_I17A,WT,S879/2LZMA/2LZMA_relaxed.pdb,0
S879,2LZMA_I17A,Mut,S879/2LZMA/2LZMA_I17A_relaxed.pdb,0
S879,2LZMA_I27A,WT,S879/2LZMA/2LZMA_relaxed.pdb,0
S879,2LZMA_I27A,Mut,S879/2LZMA/2LZMA_I27A_relaxed.pdb,0
S879,2LZMA_I29A,WT,S879/2LZMA/2LZMA_relaxed.pdb,0
S879,2LZMA_I29A,Mut,S879/2LZMA/2LZMA_I29A_relaxed.pdb,0
S879,2LZMA_I3P,WT,S879/2LZMA/2LZMA_relaxed.pdb,0
S879,2LZMA_I3P,Mut,S879/2LZMA/2LZMA_I3P_relaxed.pdb,0
S879,2LZMA_I50A,WT,S879/2LZMA/2LZMA_relaxed.pdb,0
S879,2LZMA_I50A,Mut,S879/2LZMA/2LZMA_I50A_relaxed.pdb,0
S879,2LZMA_I58A,WT,S879/2LZMA/2LZMA_relaxed.pdb,0
S879,2LZMA_I58A,Mut,S879/2LZMA/2LZMA_I58A_relaxed.pdb,0
S879,2LZMA_I58T,WT,S879/2LZMA/2LZMA_relaxed.pdb,0
S879,2LZMA_I58T,Mut,S879/2LZMA/2LZMA_I58T_relaxed.pdb,0
S879,2LZMA_I78A,WT,S879/2LZMA/2LZMA_relaxed.pdb,0
S879,2LZMA_I78A,Mut,S879/2LZMA/2LZMA_I78A_relaxed.pdb,0
S879,2LZMA_I78M,WT,S879/2LZMA/2LZMA_relaxed.pdb,0
S879,2LZMA_I78M,Mut,S879/2LZMA/2LZMA_I78M_relaxed.pdb,0
S879,2LZMA_K43A,WT,S879/2LZMA/2LZMA_relaxed.pdb,0
S879,2LZMA_K43A,Mut,S879/2LZMA/2LZMA_K43A_relaxed.pdb,0
S879,2LZMA_K48A,WT,S879/2LZMA/2LZMA_relaxed.pdb,0
S879,2LZMA_K48A,Mut,S879/2LZMA/2LZMA_K48A_relaxed.pdb,0
S879,2LZMA_K60P,WT,S879/2LZMA/2LZMA_relaxed.pdb,0
S879,2LZMA_K60P,Mut,S879/2LZMA/2LZMA_K60P_relaxed.pdb,0
S879,2LZMA_K85A,WT,S879/2LZMA/2LZMA_relaxed.pdb,0
S879,2LZMA_K85A,Mut,S879/2LZMA/2LZMA_K85A_relaxed.pdb,0
S879,2LZMA_L118A,WT,S879/2LZMA/2LZMA_relaxed.pdb,0
S879,2LZMA_L118A,Mut,S879/2LZMA/2LZMA_L118A_relaxed.pdb,0
S879,2LZMA_L118M,WT,S879/2LZMA/2LZMA_relaxed.pdb,0
S879,2LZMA_L118M,Mut,S879/2LZMA/2LZMA_L118M_relaxed.pdb,0
S879,2LZMA_L121M,WT,S879/2LZMA/2LZMA_relaxed.pdb,0
S879,2LZMA_L121M,Mut,S879/2LZMA/2LZMA_L121M_relaxed.pdb,0
S879,2LZMA_L133D,WT,S879/2LZMA/2LZMA_relaxed.pdb,0
S879,2LZMA_L133D,Mut,S879/2LZMA/2LZMA_L133D_relaxed.pdb,0
S879,2LZMA_L133M,WT,S879/2LZMA/2LZMA_relaxed.pdb,0
S879,2LZMA_L133M,Mut,S879/2LZMA/2LZMA_L133M_relaxed.pdb,0
S879,2LZMA_L33A,WT,S879/2LZMA/2LZMA_relaxed.pdb,0
S879,2LZMA_L33A,Mut,S879/2LZMA/2LZMA_L33A_relaxed.pdb,0
S879,2LZMA_L39A,WT,S879/2LZMA/2LZMA_relaxed.pdb,0
S879,2LZMA_L39A,Mut,S879/2LZMA/2LZMA_L39A_relaxed.pdb,0
S879,2LZMA_L46A,WT,S879/2LZMA/2LZMA_relaxed.pdb,0
S879,2LZMA_L46A,Mut,S879/2LZMA/2LZMA_L46A_relaxed.pdb,0
S879,2LZMA_L66A,WT,S879/2LZMA/2LZMA_relaxed.pdb,0
S879,2LZMA_L66A,Mut,S879/2LZMA/2LZMA_L66A_relaxed.pdb,0
S879,2LZMA_L66P,WT,S879/2LZMA/2LZMA_relaxed.pdb,0
S879,2LZMA_L66P,Mut,S879/2LZMA/2LZMA_L66P_relaxed.pdb,0
S879,2LZMA_L84M,WT,S879/2LZMA/2LZMA_relaxed.pdb,0
S879,2LZMA_L84M,Mut,S879/2LZMA/2LZMA_L84M_relaxed.pdb,0
S879,2LZMA_L91A,WT,S879/2LZMA/2LZMA_relaxed.pdb,0
S879,2LZMA_L91A,Mut,S879/2LZMA/2LZMA_L91A_relaxed.pdb,0
S879,2LZMA_L91M,WT,S879/2LZMA/2LZMA_relaxed.pdb,0
S879,2LZMA_L91M,Mut,S879/2LZMA/2LZMA_L91M_relaxed.pdb,0
S879,2LZMA_L91P,WT,S879/2LZMA/2LZMA_relaxed.pdb,0
S879,2LZMA_L91P,Mut,S879/2LZMA/2LZMA_L91P_relaxed.pdb,0
S879,2LZMA_L99F,WT,S879/2LZMA/2LZMA_relaxed.pdb,0
S879,2LZMA_L99F,Mut,S879/2LZMA/2LZMA_L99F_relaxed.pdb,0
S879,2LZMA_L99I,WT,S879/2LZMA/2LZMA_relaxed.pdb,0
S879,2LZMA_L99I,Mut,S879/2LZMA/2LZMA_L99I_relaxed.pdb,0
S879,2LZMA_L99M,WT,S879/2LZMA/2LZMA_relaxed.pdb,0
S879,2LZMA_L99M,Mut,S879/2LZMA/2LZMA_L99M_relaxed.pdb,0
S879,2LZMA_L99V,WT,S879/2LZMA/2LZMA_relaxed.pdb,0
S879,2LZMA_L99V,Mut,S879/2LZMA/2LZMA_L99V_relaxed.pdb,0
S879,2LZMA_M102L,WT,S879/2LZMA/2LZMA_relaxed.pdb,0
S879,2LZMA_M102L,Mut,S879/2LZMA/2LZMA_M102L_relaxed.pdb,0
S879,2LZMA_M106A,WT,S879/2LZMA/2LZMA_relaxed.pdb,0
S879,2LZMA_M106A,Mut,S879/2LZMA/2LZMA_M106A_relaxed.pdb,0
S879,2LZMA_M106K,WT,S879/2LZMA/2LZMA_relaxed.pdb,0
S879,2LZMA_M106K,Mut,S879/2LZMA/2LZMA_M106K_relaxed.pdb,0
S879,2LZMA_M106L,WT,S879/2LZMA/2LZMA_relaxed.pdb,0
S879,2LZMA_M106L,Mut,S879/2LZMA/2LZMA_M106L_relaxed.pdb,0
S879,2LZMA_M120A,WT,S879/2LZMA/2LZMA_relaxed.pdb,0
S879,2LZMA_M120A,Mut,S879/2LZMA/2LZMA_M120A_relaxed.pdb,0
S879,2LZMA_M120K,WT,S879/2LZMA/2LZMA_relaxed.pdb,0
S879,2LZMA_M120K,Mut,S879/2LZMA/2LZMA_M120K_relaxed.pdb,0
S879,2LZMA_M120L,WT,S879/2LZMA/2LZMA_relaxed.pdb,0
S879,2LZMA_M120L,Mut,S879/2LZMA/2LZMA_M120L_relaxed.pdb,0
S879,2LZMA_M6A,WT,S879/2LZMA/2LZMA_relaxed.pdb,0
S879,2LZMA_M6A,Mut,S879/2LZMA/2LZMA_M6A_relaxed.pdb,0
S879,2LZMA_M6L,WT,S879/2LZMA/2LZMA_relaxed.pdb,0
S879,2LZMA_M6L,Mut,S879/2LZMA/2LZMA_M6L_relaxed.pdb,0
S879,2LZMA_N101A,WT,S879/2LZMA/2LZMA_relaxed.pdb,0
S879,2LZMA_N101A,Mut,S879/2LZMA/2LZMA_N101A_relaxed.pdb,0
S879,2LZMA_N116A,WT,S879/2LZMA/2LZMA_relaxed.pdb,0
S879,2LZMA_N116A,Mut,S879/2LZMA/2LZMA_N116A_relaxed.pdb,0
S879,2LZMA_N144H,WT,S879/2LZMA/2LZMA_relaxed.pdb,0
S879,2LZMA_N144H,Mut,S879/2LZMA/2LZMA_N144H_relaxed.pdb,0
S879,2LZMA_N40A,WT,S879/2LZMA/2LZMA_relaxed.pdb,0
S879,2LZMA_N40A,Mut,S879/2LZMA/2LZMA_N40A_relaxed.pdb,0
S879,2LZMA_N40D,WT,S879/2LZMA/2LZMA_relaxed.pdb,0
S879,2LZMA_N40D,Mut,S879/2LZMA/2LZMA_N40D_relaxed.pdb,0
S879,2LZMA_P37A,WT,S879/2LZMA/2LZMA_relaxed.pdb,0
S879,2LZMA_P37A,Mut,S879/2LZMA/2LZMA_P37A_relaxed.pdb,0
S879,2LZMA_P86G,WT,S879/2LZMA/2LZMA_relaxed.pdb,0
S879,2LZMA_P86G,Mut,S879/2LZMA/2LZMA_P86G_relaxed.pdb,0
S879,2LZMA_Q105M,WT,S879/2LZMA/2LZMA_relaxed.pdb,0
S879,2LZMA_Q105M,Mut,S879/2LZMA/2LZMA_Q105M_relaxed.pdb,0
S879,2LZMA_Q122A,WT,S879/2LZMA/2LZMA_relaxed.pdb,0
S879,2LZMA_Q122A,Mut,S879/2LZMA/2LZMA_Q122A_relaxed.pdb,0
S879,2LZMA_Q123A,WT,S879/2LZMA/2LZMA_relaxed.pdb,0
S879,2LZMA_Q123A,Mut,S879/2LZMA/2LZMA_Q123A_relaxed.pdb,0
S879,2LZMA_Q69P,WT,S879/2LZMA/2LZMA_relaxed.pdb,0
S879,2LZMA_Q69P,Mut,S879/2LZMA/2LZMA_Q69P_relaxed.pdb,0
S879,2LZMA_R119A,WT,S879/2LZMA/2LZMA_relaxed.pdb,0
S879,2LZMA_R119A,Mut,S879/2LZMA/2LZMA_R119A_relaxed.pdb,0
S879,2LZMA_R119H,WT,S879/2LZMA/2LZMA_relaxed.pdb,0
S879,2LZMA_R119H,Mut,S879/2LZMA/2LZMA_R119H_relaxed.pdb,0
S879,2LZMA_R14K,WT,S879/2LZMA/2LZMA_relaxed.pdb,0
S879,2LZMA_R14K,Mut,S879/2LZMA/2LZMA_R14K_relaxed.pdb,0
S879,2LZMA_R80K,WT,S879/2LZMA/2LZMA_relaxed.pdb,0
S879,2LZMA_R80K,Mut,S879/2LZMA/2LZMA_R80K_relaxed.pdb,0
S879,2LZMA_R96A,WT,S879/2LZMA/2LZMA_relaxed.pdb,0
S879,2LZMA_R96A,Mut,S879/2LZMA/2LZMA_R96A_relaxed.pdb,0
S879,2LZMA_R96D,WT,S879/2LZMA/2LZMA_relaxed.pdb,0
S879,2LZMA_R96D,Mut,S879/2LZMA/2LZMA_R96D_relaxed.pdb,0
S879,2LZMA_R96E,WT,S879/2LZMA/2LZMA_relaxed.pdb,0
S879,2LZMA_R96E,Mut,S879/2LZMA/2LZMA_R96E_relaxed.pdb,0
S879,2LZMA_R96G,WT,S879/2LZMA/2LZMA_relaxed.pdb,0
S879,2LZMA_R96G,Mut,S879/2LZMA/2LZMA_R96G_relaxed.pdb,0
S879,2LZMA_R96K,WT,S879/2LZMA/2LZMA_relaxed.pdb,0
S879,2LZMA_R96K,Mut,S879/2LZMA/2LZMA_R96K_relaxed.pdb,0
S879,2LZMA_R96M,WT,S879/2LZMA/2LZMA_relaxed.pdb,0
S879,2LZMA_R96M,Mut,S879/2LZMA/2LZMA_R96M_relaxed.pdb,0
S879,2LZMA_R96N,WT,S879/2LZMA/2LZMA_relaxed.pdb,0
S879,2LZMA_R96N,Mut,S879/2LZMA/2LZMA_R96N_relaxed.pdb,0
S879,2LZMA_R96Q,WT,S879/2LZMA/2LZMA_relaxed.pdb,0
S879,2LZMA_R96Q,Mut,S879/2LZMA/2LZMA_R96Q_relaxed.pdb,0
S879,2LZMA_R96S,WT,S879/2LZMA/2LZMA_relaxed.pdb,0
S879,2LZMA_R96S,Mut,S879/2LZMA/2LZMA_R96S_relaxed.pdb,0
S879,2LZMA_R96V,WT,S879/2LZMA/2LZMA_relaxed.pdb,0
S879,2LZMA_R96V,Mut,S879/2LZMA/2LZMA_R96V_relaxed.pdb,0
S879,2LZMA_R96W,WT,S879/2LZMA/2LZMA_relaxed.pdb,0
S879,2LZMA_R96W,Mut,S879/2LZMA/2LZMA_R96W_relaxed.pdb,0
S879,2LZMA_R96Y,WT,S879/2LZMA/2LZMA_relaxed.pdb,0
S879,2LZMA_R96Y,Mut,S879/2LZMA/2LZMA_R96Y_relaxed.pdb,0
S879,2LZMA_S117A,WT,S879/2LZMA/2LZMA_relaxed.pdb,0
S879,2LZMA_S117A,Mut,S879/2LZMA/2LZMA_S117A_relaxed.pdb,0
S879,2LZMA_S38N,WT,S879/2LZMA/2LZMA_relaxed.pdb,0
S879,2LZMA_S38N,Mut,S879/2LZMA/2LZMA_S38N_relaxed.pdb,0
S879,2LZMA_S44C,WT,S879/2LZMA/2LZMA_relaxed.pdb,0
S879,2LZMA_S44C,Mut,S879/2LZMA/2LZMA_S44C_relaxed.pdb,0
S879,2LZMA_S44D,WT,S879/2LZMA/2LZMA_relaxed.pdb,0
S879,2LZMA_S44D,Mut,S879/2LZMA/2LZMA_S44D_relaxed.pdb,0
S879,2LZMA_S44E,WT,S879/2LZMA/2LZMA_relaxed.pdb,0
S879,2LZMA_S44E,Mut,S879/2LZMA/2LZMA_S44E_relaxed.pdb,0
S879,2LZMA_S44F,WT,S879/2LZMA/2LZMA_relaxed.pdb,0
S879,2LZMA_S44F,Mut,S879/2LZMA/2LZMA_S44F_relaxed.pdb,0
S879,2LZMA_S44G,WT,S879/2LZMA/2LZMA_relaxed.pdb,0
S879,2LZMA_S44G,Mut,S879/2LZMA/2LZMA_S44G_relaxed.pdb,0
S879,2LZMA_S44H,WT,S879/2LZMA/2LZMA_relaxed.pdb,0
S879,2LZMA_S44H,Mut,S879/2LZMA/2LZMA_S44H_relaxed.pdb,0
S879,2LZMA_S44I,WT,S879/2LZMA/2LZMA_relaxed.pdb,0
S879,2LZMA_S44I,Mut,S879/2LZMA/2LZMA_S44I_relaxed.pdb,0
S879,2LZMA_S44K,WT,S879/2LZMA/2LZMA_relaxed.pdb,0
S879,2LZMA_S44K,Mut,S879/2LZMA/2LZMA_S44K_relaxed.pdb,0
S879,2LZMA_S44L,WT,S879/2LZMA/2LZMA_relaxed.pdb,0
S879,2LZMA_S44L,Mut,S879/2LZMA/2LZMA_S44L_relaxed.pdb,0
S879,2LZMA_S44M,WT,S879/2LZMA/2LZMA_relaxed.pdb,0
S879,2LZMA_S44M,Mut,S879/2LZMA/2LZMA_S44M_relaxed.pdb,0
S879,2LZMA_S44N,WT,S879/2LZMA/2LZMA_relaxed.pdb,0
S879,2LZMA_S44N,Mut,S879/2LZMA/2LZMA_S44N_relaxed.pdb,0
S879,2LZMA_S44P,WT,S879/2LZMA/2LZMA_relaxed.pdb,0
S879,2LZMA_S44P,Mut,S879/2LZMA/2LZMA_S44P_relaxed.pdb,0
S879,2LZMA_S44Q,WT,S879/2LZMA/2LZMA_relaxed.pdb,0
S879,2LZMA_S44Q,Mut,S879/2LZMA/2LZMA_S44Q_relaxed.pdb,0
S879,2LZMA_S44R,WT,S879/2LZMA/2LZMA_relaxed.pdb,0
S879,2LZMA_S44R,Mut,S879/2LZMA/2LZMA_S44R_relaxed.pdb,0
S879,2LZMA_S44T,WT,S879/2LZMA/2LZMA_relaxed.pdb,0
S879,2LZMA_S44T,Mut,S879/2LZMA/2LZMA_S44T_relaxed.pdb,0
S879,2LZMA_S44V,WT,S879/2LZMA/2LZMA_relaxed.pdb,0
S879,2LZMA_S44V,Mut,S879/2LZMA/2LZMA_S44V_relaxed.pdb,0
S879,2LZMA_S44W,WT,S879/2LZMA/2LZMA_relaxed.pdb,0
S879,2LZMA_S44W,Mut,S879/2LZMA/2LZMA_S44W_relaxed.pdb,0
S879,2LZMA_S44Y,WT,S879/2LZMA/2LZMA_relaxed.pdb,0
S879,2LZMA_S44Y,Mut,S879/2LZMA/2LZMA_S44Y_relaxed.pdb,0
S879,2LZMA_T109D,WT,S879/2LZMA/2LZMA_relaxed.pdb,0
S879,2LZMA_T109D,Mut,S879/2LZMA/2LZMA_T109D_relaxed.pdb,0
S879,2LZMA_T109N,WT,S879/2LZMA/2LZMA_relaxed.pdb,0
S879,2LZMA_T109N,Mut,S879/2LZMA/2LZMA_T109N_relaxed.pdb,0
S879,2LZMA_T115A,WT,S879/2LZMA/2LZMA_relaxed.pdb,0
S879,2LZMA_T115A,Mut,S879/2LZMA/2LZMA_T115A_relaxed.pdb,0
S879,2LZMA_T151S,WT,S879/2LZMA/2LZMA_relaxed.pdb,0
S879,2LZMA_T151S,Mut,S879/2LZMA/2LZMA_T151S_relaxed.pdb,0
S879,2LZMA_T152A,WT,S879/2LZMA/2LZMA_relaxed.pdb,0
S879,2LZMA_T152A,Mut,S879/2LZMA/2LZMA_T152A_relaxed.pdb,0
S879,2LZMA_T152C,WT,S879/2LZMA/2LZMA_relaxed.pdb,0
S879,2LZMA_T152C,Mut,S879/2LZMA/2LZMA_T152C_relaxed.pdb,0
S879,2LZMA_T152I,WT,S879/2LZMA/2LZMA_relaxed.pdb,0
S879,2LZMA_T152I,Mut,S879/2LZMA/2LZMA_T152I_relaxed.pdb,0
S879,2LZMA_T152V,WT,S879/2LZMA/2LZMA_relaxed.pdb,0
S879,2LZMA_T152V,Mut,S879/2LZMA/2LZMA_T152V_relaxed.pdb,0
S879,2LZMA_T26S,WT,S879/2LZMA/2LZMA_relaxed.pdb,0
S879,2LZMA_T26S,Mut,S879/2LZMA/2LZMA_T26S_relaxed.pdb,0
S879,2LZMA_T59D,WT,S879/2LZMA/2LZMA_relaxed.pdb,0
S879,2LZMA_T59D,Mut,S879/2LZMA/2LZMA_T59D_relaxed.pdb,0
S879,2LZMA_T59G,WT,S879/2LZMA/2LZMA_relaxed.pdb,0
S879,2LZMA_T59G,Mut,S879/2LZMA/2LZMA_T59G_relaxed.pdb,0
S879,2LZMA_T59N,WT,S879/2LZMA/2LZMA_relaxed.pdb,0
S879,2LZMA_T59N,Mut,S879/2LZMA/2LZMA_T59N_relaxed.pdb,0
S879,2LZMA_T59S,WT,S879/2LZMA/2LZMA_relaxed.pdb,0
S879,2LZMA_T59S,Mut,S879/2LZMA/2LZMA_T59S_relaxed.pdb,0
S879,2LZMA_V103M,WT,S879/2LZMA/2LZMA_relaxed.pdb,0
S879,2LZMA_V103M,Mut,S879/2LZMA/2LZMA_V103M_relaxed.pdb,0
S879,2LZMA_V111A,WT,S879/2LZMA/2LZMA_relaxed.pdb,0
S879,2LZMA_V111A,Mut,S879/2LZMA/2LZMA_V111A_relaxed.pdb,0
S879,2LZMA_V111F,WT,S879/2LZMA/2LZMA_relaxed.pdb,0
S879,2LZMA_V111F,Mut,S879/2LZMA/2LZMA_V111F_relaxed.pdb,0
S879,2LZMA_V111I,WT,S879/2LZMA/2LZMA_relaxed.pdb,0
S879,2LZMA_V111I,Mut,S879/2LZMA/2LZMA_V111I_relaxed.pdb,0
S879,2LZMA_V149G,WT,S879/2LZMA/2LZMA_relaxed.pdb,0
S879,2LZMA_V149G,Mut,S879/2LZMA/2LZMA_V149G_relaxed.pdb,0
S879,2LZMA_V149I,WT,S879/2LZMA/2LZMA_relaxed.pdb,0
S879,2LZMA_V149I,Mut,S879/2LZMA/2LZMA_V149I_relaxed.pdb,0
S879,2LZMA_V149S,WT,S879/2LZMA/2LZMA_relaxed.pdb,0
S879,2LZMA_V149S,Mut,S879/2LZMA/2LZMA_V149S_relaxed.pdb,0
S879,2LZMA_V149T,WT,S879/2LZMA/2LZMA_relaxed.pdb,0
S879,2LZMA_V149T,Mut,S879/2LZMA/2LZMA_V149T_relaxed.pdb,0
S879,2LZMA_V71A,WT,S879/2LZMA/2LZMA_relaxed.pdb,0
S879,2LZMA_V71A,Mut,S879/2LZMA/2LZMA_V71A_relaxed.pdb,0
S879,2LZMA_V75T,WT,S879/2LZMA/2LZMA_relaxed.pdb,0
S879,2LZMA_V75T,Mut,S879/2LZMA/2LZMA_V75T_relaxed.pdb,0
S879,2LZMA_V87T,WT,S879/2LZMA/2LZMA_relaxed.pdb,0
S879,2LZMA_V87T,Mut,S879/2LZMA/2LZMA_V87T_relaxed.pdb,0
S879,2LZMA_V94A,WT,S879/2LZMA/2LZMA_relaxed.pdb,0
S879,2LZMA_V94A,Mut,S879/2LZMA/2LZMA_V94A_relaxed.pdb,0
S879,2LZMA_W126R,WT,S879/2LZMA/2LZMA_relaxed.pdb,0
S879,2LZMA_W126R,Mut,S879/2LZMA/2LZMA_W126R_relaxed.pdb,0
S879,2OCJA_A129D,WT,S879/2OCJA/2OCJA_relaxed.pdb,0
S879,2OCJA_A129D,Mut,S879/2OCJA/2OCJA_A129D_relaxed.pdb,0
S879,2OCJA_A129E,WT,S879/2OCJA/2OCJA_relaxed.pdb,0
S879,2OCJA_A129E,Mut,S879/2OCJA/2OCJA_A129E_relaxed.pdb,0
S879,2OCJA_A129S,WT,S879/2OCJA/2OCJA_relaxed.pdb,0
S879,2OCJA_A129S,Mut,S879/2OCJA/2OCJA_A129S_relaxed.pdb,0
S879,2OCJA_C182S,WT,S879/2OCJA/2OCJA_relaxed.pdb,0
S879,2OCJA_C182S,Mut,S879/2OCJA/2OCJA_C182S_relaxed.pdb,0
S879,2OCJA_D148E,WT,S879/2OCJA/2OCJA_relaxed.pdb,0
S879,2OCJA_D148E,Mut,S879/2OCJA/2OCJA_D148E_relaxed.pdb,0
S879,2OCJA_D148S,WT,S879/2OCJA/2OCJA_relaxed.pdb,0
S879,2OCJA_D148S,Mut,S879/2OCJA/2OCJA_D148S_relaxed.pdb,0
S879,2OCJA_D228E,WT,S879/2OCJA/2OCJA_relaxed.pdb,0
S879,2OCJA_D228E,Mut,S879/2OCJA/2OCJA_D228E_relaxed.pdb,0
S879,2OCJA_F134L,WT,S879/2OCJA/2OCJA_relaxed.pdb,0
S879,2OCJA_F134L,Mut,S879/2OCJA/2OCJA_F134L_relaxed.pdb,0
S879,2OCJA_F270C,WT,S879/2OCJA/2OCJA_relaxed.pdb,0
S879,2OCJA_F270C,Mut,S879/2OCJA/2OCJA_F270C_relaxed.pdb,0
S879,2OCJA_G245S,WT,S879/2OCJA/2OCJA_relaxed.pdb,0
S879,2OCJA_G245S,Mut,S879/2OCJA/2OCJA_G245S_relaxed.pdb,0
S879,2OCJA_H168R,WT,S879/2OCJA/2OCJA_relaxed.pdb,0
S879,2OCJA_H168R,Mut,S879/2OCJA/2OCJA_H168R_relaxed.pdb,0
S879,2OCJA_I195T,WT,S879/2OCJA/2OCJA_relaxed.pdb,0
S879,2OCJA_I195T,Mut,S879/2OCJA/2OCJA_I195T_relaxed.pdb,0
S879,2OCJA_I232T,WT,S879/2OCJA/2OCJA_relaxed.pdb,0
S879,2OCJA_I232T,Mut,S879/2OCJA/2OCJA_I232T_relaxed.pdb,0
S879,2OCJA_I255F,WT,S879/2OCJA/2OCJA_relaxed.pdb,0
S879,2OCJA_I255F,Mut,S879/2OCJA/2OCJA_I255F_relaxed.pdb,0
S879,2OCJA_L145Q,WT,S879/2OCJA/2OCJA_relaxed.pdb,0
S879,2OCJA_L145Q,Mut,S879/2OCJA/2OCJA_L145Q_relaxed.pdb,0
S879,2OCJA_L201P,WT,S879/2OCJA/2OCJA_relaxed.pdb,0
S879,2OCJA_L201P,Mut,S879/2OCJA/2OCJA_L201P_relaxed.pdb,0
S879,2OCJA_L206S,WT,S879/2OCJA/2OCJA_relaxed.pdb,0
S879,2OCJA_L206S,Mut,S879/2OCJA/2OCJA_L206S_relaxed.pdb,0
S879,2OCJA_M133L,WT,S879/2OCJA/2OCJA_relaxed.pdb,0
S879,2OCJA_M133L,Mut,S879/2OCJA/2OCJA_M133L_relaxed.pdb,0
S879,2OCJA_M237I,WT,S879/2OCJA/2OCJA_relaxed.pdb,0
S879,2OCJA_M237I,Mut,S879/2OCJA/2OCJA_M237I_relaxed.pdb,0
S879,2OCJA_N239Y,WT,S879/2OCJA/2OCJA_relaxed.pdb,0
S879,2OCJA_N239Y,Mut,S879/2OCJA/2OCJA_N239Y_relaxed.pdb,0
S879,2OCJA_N268D,WT,S879/2OCJA/2OCJA_relaxed.pdb,0
S879,2OCJA_N268D,Mut,S879/2OCJA/2OCJA_N268D_relaxed.pdb,0
S879,2OCJA_P151S,WT,S879/2OCJA/2OCJA_relaxed.pdb,0
S879,2OCJA_P151S,Mut,S879/2OCJA/2OCJA_P151S_relaxed.pdb,0
S879,2OCJA_Q104H,WT,S879/2OCJA/2OCJA_relaxed.pdb,0
S879,2OCJA_Q104H,Mut,S879/2OCJA/2OCJA_Q104H_relaxed.pdb,0
S879,2OCJA_Q104P,WT,S879/2OCJA/2OCJA_relaxed.pdb,0
S879,2OCJA_Q104P,Mut,S879/2OCJA/2OCJA_Q104P_relaxed.pdb,0
S879,2OCJA_Q165K,WT,S879/2OCJA/2OCJA_relaxed.pdb,0
S879,2OCJA_Q165K,Mut,S879/2OCJA/2OCJA_Q165K_relaxed.pdb,0
S879,2OCJA_Q167E,WT,S879/2OCJA/2OCJA_relaxed.pdb,0
S879,2OCJA_Q167E,Mut,S879/2OCJA/2OCJA_Q167E_relaxed.pdb,0
S879,2OCJA_R174K,WT,S879/2OCJA/2OCJA_relaxed.pdb,0
S879,2OCJA_R174K,Mut,S879/2OCJA/2OCJA_R174K_relaxed.pdb,0
S879,2OCJA_R175A,WT,S879/2OCJA/2OCJA_relaxed.pdb,0
S879,2OCJA_R175A,Mut,S879/2OCJA/2OCJA_R175A_relaxed.pdb,0
S879,2OCJA_R282W,WT,S879/2OCJA/2OCJA_relaxed.pdb,0
S879,2OCJA_R282W,Mut,S879/2OCJA/2OCJA_R282W_relaxed.pdb,0
S879,2OCJA_S260P,WT,S879/2OCJA/2OCJA_relaxed.pdb,0
S879,2OCJA_S260P,Mut,S879/2OCJA/2OCJA_S260P_relaxed.pdb,0
S879,2OCJA_T123A,WT,S879/2OCJA/2OCJA_relaxed.pdb,0
S879,2OCJA_T123A,Mut,S879/2OCJA/2OCJA_T123A_relaxed.pdb,0
S879,2OCJA_T150P,WT,S879/2OCJA/2OCJA_relaxed.pdb,0
S879,2OCJA_T150P,Mut,S879/2OCJA/2OCJA_T150P_relaxed.pdb,0
S879,2OCJA_V143A,WT,S879/2OCJA/2OCJA_relaxed.pdb,0
S879,2OCJA_V143A,Mut,S879/2OCJA/2OCJA_V143A_relaxed.pdb,0
S879,2OCJA_V157F,WT,S879/2OCJA/2OCJA_relaxed.pdb,0
S879,2OCJA_V157F,Mut,S879/2OCJA/2OCJA_V157F_relaxed.pdb,0
S879,2OCJA_V203A,WT,S879/2OCJA/2OCJA_relaxed.pdb,0
S879,2OCJA_V203A,Mut,S879/2OCJA/2OCJA_V203A_relaxed.pdb,0
S879,2OCJA_Y220C,WT,S879/2OCJA/2OCJA_relaxed.pdb,0
S879,2OCJA_Y220C,Mut,S879/2OCJA/2OCJA_Y220C_relaxed.pdb,0
S879,2OCJA_Y236F,WT,S879/2OCJA/2OCJA_relaxed.pdb,0
S879,2OCJA_Y236F,Mut,S879/2OCJA/2OCJA_Y236F_relaxed.pdb,0
S879,2Q98A_H138A,WT,S879/2Q98A/2Q98A_relaxed.pdb,0
S879,2Q98A_H138A,Mut,S879/2Q98A/2Q98A_H138A_relaxed.pdb,0
S879,2Q98A_H173A,WT,S879/2Q98A/2Q98A_relaxed.pdb,0
S879,2Q98A_H173A,Mut,S879/2Q98A/2Q98A_H173A_relaxed.pdb,0
S879,2Q98A_H180A,WT,S879/2Q98A/2Q98A_relaxed.pdb,0
S879,2Q98A_H180A,Mut,S879/2Q98A/2Q98A_H180A_relaxed.pdb,0
S879,2Q98A_H195A,WT,S879/2Q98A/2Q98A_relaxed.pdb,0
S879,2Q98A_H195A,Mut,S879/2Q98A/2Q98A_H195A_relaxed.pdb,0
S879,2Q98A_H27A,WT,S879/2Q98A/2Q98A_relaxed.pdb,0
S879,2Q98A_H27A,Mut,S879/2Q98A/2Q98A_H27A_relaxed.pdb,0
S879,2Q98A_H30A,WT,S879/2Q98A/2Q98A_relaxed.pdb,0
S879,2Q98A_H30A,Mut,S879/2Q98A/2Q98A_H30A_relaxed.pdb,0
S879,2Q98A_H46A,WT,S879/2Q98A/2Q98A_relaxed.pdb,0
S879,2Q98A_H46A,Mut,S879/2Q98A/2Q98A_H46A_relaxed.pdb,0
S879,2Q98A_H59A,WT,S879/2Q98A/2Q98A_relaxed.pdb,0
S879,2Q98A_H59A,Mut,S879/2Q98A/2Q98A_H59A_relaxed.pdb,0
S879,2Q98A_H97A,WT,S879/2Q98A/2Q98A_relaxed.pdb,0
S879,2Q98A_H97A,Mut,S879/2Q98A/2Q98A_H97A_relaxed.pdb,0
S879,2RN2A_A52K,WT,S879/2RN2A/2RN2A_relaxed.pdb,0
S879,2RN2A_A52K,Mut,S879/2RN2A/2RN2A_A52K_relaxed.pdb,0
S879,2RN2A_A52P,WT,S879/2RN2A/2RN2A_relaxed.pdb,0
S879,2RN2A_A52P,Mut,S879/2RN2A/2RN2A_A52P_relaxed.pdb,0
S879,2RN2A_H62P,WT,S879/2RN2A/2RN2A_relaxed.pdb,0
S879,2RN2A_H62P,Mut,S879/2RN2A/2RN2A_H62P_relaxed.pdb,0
S879,2RN2A_I53A,WT,S879/2RN2A/2RN2A_relaxed.pdb,0
S879,2RN2A_I53A,Mut,S879/2RN2A/2RN2A_I53A_relaxed.pdb,0
S879,2RN2A_Q105G,WT,S879/2RN2A/2RN2A_relaxed.pdb,0
S879,2RN2A_Q105G,Mut,S879/2RN2A/2RN2A_Q105G_relaxed.pdb,0
S879,2RN2A_Q113P,WT,S879/2RN2A/2RN2A_relaxed.pdb,0
S879,2RN2A_Q113P,Mut,S879/2RN2A/2RN2A_Q113P_relaxed.pdb,0
S1925,1A23A_H32Y,WT,S1925/1A23A/1A23A_relaxed.pdb,0
S1925,1A23A_H32Y,Mut,S1925/1A23A/1A23A_H32Y_relaxed.pdb,0
S1925,1A23A_H32S,WT,S1925/1A23A/1A23A_relaxed.pdb,0
S1925,1A23A_H32S,Mut,S1925/1A23A/1A23A_H32S_relaxed.pdb,0
S1925,1A23A_H32L,WT,S1925/1A23A/1A23A_relaxed.pdb,0
S1925,1A23A_H32L,Mut,S1925/1A23A/1A23A_H32L_relaxed.pdb,0
S1925,1AARA_K27Q,WT,S1925/1AARA/1AARA_relaxed.pdb,0
S1925,1AARA_K27Q,Mut,S1925/1AARA/1AARA_K27Q_relaxed.pdb,0
S1925,1AARA_K29Q,WT,S1925/1AARA/1AARA_relaxed.pdb,0
S1925,1AARA_K29Q,Mut,S1925/1AARA/1AARA_K29Q_relaxed.pdb,0
S1925,1AARA_K29N,WT,S1925/1AARA/1AARA_relaxed.pdb,0
S1925,1AARA_K29N,Mut,S1925/1AARA/1AARA_K29N_relaxed.pdb,0
S1925,1AARA_R72Q,WT,S1925/1AARA/1AARA_relaxed.pdb,0
S1925,1AARA_R72Q,Mut,S1925/1AARA/1AARA_R72Q_relaxed.pdb,0
S1925,1AARA_K6Q,WT,S1925/1AARA/1AARA_relaxed.pdb,0
S1925,1AARA_K6Q,Mut,S1925/1AARA/1AARA_K6Q_relaxed.pdb,0
S1925,1AARA_F45W,WT,S1925/1AARA/1AARA_relaxed.pdb,0
S1925,1AARA_F45W,Mut,S1925/1AARA/1AARA_F45W_relaxed.pdb,0
S1925,1AARA_K6E,WT,S1925/1AARA/1AARA_relaxed.pdb,0
S1925,1AARA_K6E,Mut,S1925/1AARA/1AARA_K6E_relaxed.pdb,0
S1925,1AARA_H68Q,WT,S1925/1AARA/1AARA_relaxed.pdb,0
S1925,1AARA_H68Q,Mut,S1925/1AARA/1AARA_H68Q_relaxed.pdb,0
S1925,1AARA_H68E,WT,S1925/1AARA/1AARA_relaxed.pdb,0
S1925,1AARA_H68E,Mut,S1925/1AARA/1AARA_H68E_relaxed.pdb,0
S1925,1AARA_R42E,WT,S1925/1AARA/1AARA_relaxed.pdb,0
S1925,1AARA_R42E,Mut,S1925/1AARA/1AARA_R42E_relaxed.pdb,0
S1925,1AG2A_T183A,WT,S1925/1AG2A/1AG2A_relaxed.pdb,0
S1925,1AG2A_T183A,Mut,S1925/1AG2A/1AG2A_T183A_relaxed.pdb,0
S1925,1AG2A_F198S,WT,S1925/1AG2A/1AG2A_relaxed.pdb,0
S1925,1AG2A_F198S,Mut,S1925/1AG2A/1AG2A_F198S_relaxed.pdb,0
S1925,1AG2A_Q217R,WT,S1925/1AG2A/1AG2A_relaxed.pdb,0
S1925,1AG2A_Q217R,Mut,S1925/1AG2A/1AG2A_Q217R_relaxed.pdb,0
S1925,1AG2A_R208H,WT,S1925/1AG2A/1AG2A_relaxed.pdb,0
S1925,1AG2A_R208H,Mut,S1925/1AG2A/1AG2A_R208H_relaxed.pdb,0
S1925,1AG2A_V180I,WT,S1925/1AG2A/1AG2A_relaxed.pdb,0
S1925,1AG2A_V180I,Mut,S1925/1AG2A/1AG2A_V180I_relaxed.pdb,0
S1925,1AG2A_M129V,WT,S1925/1AG2A/1AG2A_relaxed.pdb,0
S1925,1AG2A_M129V,Mut,S1925/1AG2A/1AG2A_M129V_relaxed.pdb,0
S1925,1AG2A_V210I,WT,S1925/1AG2A/1AG2A_relaxed.pdb,0
S1925,1AG2A_V210I,Mut,S1925/1AG2A/1AG2A_V210I_relaxed.pdb,0
S1925,1AG2A_T190V,WT,S1925/1AG2A/1AG2A_relaxed.pdb,0
S1925,1AG2A_T190V,Mut,S1925/1AG2A/1AG2A_T190V_relaxed.pdb,0
S1925,1AG2A_E200K,WT,S1925/1AG2A/1AG2A_relaxed.pdb,0
S1925,1AG2A_E200K,Mut,S1925/1AG2A/1AG2A_E200K_relaxed.pdb,0
S1925,1AJ3A_W22F,WT,S1925/1AJ3A/1AJ3A_relaxed.pdb,0
S1925,1AJ3A_W22F,Mut,S1925/1AJ3A/1AJ3A_W22F_relaxed.pdb,0
S1925,1AKKA_L94V,WT,S1925/1AKKA/1AKKA_relaxed.pdb,0
S1925,1AKKA_L94V,Mut,S1925/1AKKA/1AKKA_L94V_relaxed.pdb,0
S1925,1ANKA_G85V,WT,S1925/1ANKA/1ANKA_relaxed.pdb,0
S1925,1ANKA_G85V,Mut,S1925/1ANKA/1ANKA_G85V_relaxed.pdb,0
S1925,1ANKA_D84H,WT,S1925/1ANKA/1ANKA_relaxed.pdb,0
S1925,1ANKA_D84H,Mut,S1925/1ANKA/1ANKA_D84H_relaxed.pdb,0
S1925,1ANKA_F86L,WT,S1925/1ANKA/1ANKA_relaxed.pdb,0
S1925,1ANKA_F86L,Mut,S1925/1ANKA/1ANKA_F86L_relaxed.pdb,0
S1925,1ANKA_R88G,WT,S1925/1ANKA/1ANKA_relaxed.pdb,0
S1925,1ANKA_R88G,Mut,S1925/1ANKA/1ANKA_R88G_relaxed.pdb,0
S1925,1AYFB_H56Q,WT,S1925/1AYFB/1AYFB_relaxed.pdb,0
S1925,1AYFB_H56Q,Mut,S1925/1AYFB/1AYFB_H56Q_relaxed.pdb,0
S1925,1AYFB_T54A,WT,S1925/1AYFB/1AYFB_relaxed.pdb,0
S1925,1AYFB_T54A,Mut,S1925/1AYFB/1AYFB_T54A_relaxed.pdb,0
S1925,1AYFB_H56T,WT,S1925/1AYFB/1AYFB_relaxed.pdb,0
S1925,1AYFB_H56T,Mut,S1925/1AYFB/1AYFB_H56T_relaxed.pdb,0
S1925,1AYFB_H56R,WT,S1925/1AYFB/1AYFB_relaxed.pdb,0
S1925,1AYFB_H56R,Mut,S1925/1AYFB/1AYFB_H56R_relaxed.pdb,0
S1925,1AYFB_Y82L,WT,S1925/1AYFB/1AYFB_relaxed.pdb,0
S1925,1AYFB_Y82L,Mut,S1925/1AYFB/1AYFB_Y82L_relaxed.pdb,0
S1925,1AYFB_Y82S,WT,S1925/1AYFB/1AYFB_relaxed.pdb,0
S1925,1AYFB_Y82S,Mut,S1925/1AYFB/1AYFB_Y82S_relaxed.pdb,0
S1925,1AYFB_Y82W,WT,S1925/1AYFB/1AYFB_relaxed.pdb,0
S1925,1AYFB_Y82W,Mut,S1925/1AYFB/1AYFB_Y82W_relaxed.pdb,0
S1925,1AYFB_Y82F,WT,S1925/1AYFB/1AYFB_relaxed.pdb,0
S1925,1AYFB_Y82F,Mut,S1925/1AYFB/1AYFB_Y82F_relaxed.pdb,0
S1925,1AYFB_T54S,WT,S1925/1AYFB/1AYFB_relaxed.pdb,0
S1925,1AYFB_T54S,Mut,S1925/1AYFB/1AYFB_T54S_relaxed.pdb,0
S1925,1AYFB_D76E,WT,S1925/1AYFB/1AYFB_relaxed.pdb,0
S1925,1AYFB_D76E,Mut,S1925/1AYFB/1AYFB_D76E_relaxed.pdb,0
S1925,1AYFB_C95S,WT,S1925/1AYFB/1AYFB_relaxed.pdb,0
S1925,1AYFB_C95S,Mut,S1925/1AYFB/1AYFB_C95S_relaxed.pdb,0
S1925,1BNIA_G52V,WT,S1925/1BNIA/1BNIA_relaxed.pdb,0
S1925,1BNIA_G52V,Mut,S1925/1BNIA/1BNIA_G52V_relaxed.pdb,0
S1925,1BNIA_G53V,WT,S1925/1BNIA/1BNIA_relaxed.pdb,0
S1925,1BNIA_G53V,Mut,S1925/1BNIA/1BNIA_G53V_relaxed.pdb,0
S1925,1BNIA_G52A,WT,S1925/1BNIA/1BNIA_relaxed.pdb,0
S1925,1BNIA_G52A,Mut,S1925/1BNIA/1BNIA_G52A_relaxed.pdb,0
S1925,1BNIA_D75N,WT,S1925/1BNIA/1BNIA_relaxed.pdb,0
S1925,1BNIA_D75N,Mut,S1925/1BNIA/1BNIA_D75N_relaxed.pdb,0
S1925,1BNIA_L14A,WT,S1925/1BNIA/1BNIA_relaxed.pdb,0
S1925,1BNIA_L14A,Mut,S1925/1BNIA/1BNIA_L14A_relaxed.pdb,0
S1925,1BNIA_I51A,WT,S1925/1BNIA/1BNIA_relaxed.pdb,0
S1925,1BNIA_I51A,Mut,S1925/1BNIA/1BNIA_I51A_relaxed.pdb,0
S1925,1BNIA_F7L,WT,S1925/1BNIA/1BNIA_relaxed.pdb,0
S1925,1BNIA_F7L,Mut,S1925/1BNIA/1BNIA_F7L_relaxed.pdb,0
S1925,1BNIA_I88A,WT,S1925/1BNIA/1BNIA_relaxed.pdb,0
S1925,1BNIA_I88A,Mut,S1925/1BNIA/1BNIA_I88A_relaxed.pdb,0
S1925,1BNIA_R83K,WT,S1925/1BNIA/1BNIA_relaxed.pdb,0
S1925,1BNIA_R83K,Mut,S1925/1BNIA/1BNIA_R83K_relaxed.pdb,0
S1925,1BNIA_D93N,WT,S1925/1BNIA/1BNIA_relaxed.pdb,0
S1925,1BNIA_D93N,Mut,S1925/1BNIA/1BNIA_D93N_relaxed.pdb,0
S1925,1BNIA_A32P,WT,S1925/1BNIA/1BNIA_relaxed.pdb,0
S1925,1BNIA_A32P,Mut,S1925/1BNIA/1BNIA_A32P_relaxed.pdb,0
S1925,1BNIA_Y17G,WT,S1925/1BNIA/1BNIA_relaxed.pdb,0
S1925,1BNIA_Y17G,Mut,S1925/1BNIA/1BNIA_Y17G_relaxed.pdb,0
S1925,1BNIA_I96A,WT,S1925/1BNIA/1BNIA_relaxed.pdb,0
S1925,1BNIA_I96A,Mut,S1925/1BNIA/1BNIA_I96A_relaxed.pdb,0
S1925,1BNIA_Y13A,WT,S1925/1BNIA/1BNIA_relaxed.pdb,0
S1925,1BNIA_Y13A,Mut,S1925/1BNIA/1BNIA_Y13A_relaxed.pdb,0
S1925,1BNIA_I25A,WT,S1925/1BNIA/1BNIA_relaxed.pdb,0
S1925,1BNIA_I25A,Mut,S1925/1BNIA/1BNIA_I25A_relaxed.pdb,0
S1925,1BNIA_G53A,WT,S1925/1BNIA/1BNIA_relaxed.pdb,0
S1925,1BNIA_G53A,Mut,S1925/1BNIA/1BNIA_G53A_relaxed.pdb,0
S1925,1BNIA_V10A,WT,S1925/1BNIA/1BNIA_relaxed.pdb,0
S1925,1BNIA_V10A,Mut,S1925/1BNIA/1BNIA_V10A_relaxed.pdb,0
S1925,1BNIA_G34D,WT,S1925/1BNIA/1BNIA_relaxed.pdb,0
S1925,1BNIA_G34D,Mut,S1925/1BNIA/1BNIA_G34D_relaxed.pdb,0
S1925,1BNIA_G34T,WT,S1925/1BNIA/1BNIA_relaxed.pdb,0
S1925,1BNIA_G34T,Mut,S1925/1BNIA/1BNIA_G34T_relaxed.pdb,0
S1925,1BNIA_D54A,WT,S1925/1BNIA/1BNIA_relaxed.pdb,0
S1925,1BNIA_D54A,Mut,S1925/1BNIA/1BNIA_D54A_relaxed.pdb,0
S1925,1BNIA_G34S,WT,S1925/1BNIA/1BNIA_relaxed.pdb,0
S1925,1BNIA_G34S,Mut,S1925/1BNIA/1BNIA_G34S_relaxed.pdb,0
S1925,1BNIA_G34H,WT,S1925/1BNIA/1BNIA_relaxed.pdb,0
S1925,1BNIA_G34H,Mut,S1925/1BNIA/1BNIA_G34H_relaxed.pdb,0
S1925,1BNIA_R69K,WT,S1925/1BNIA/1BNIA_relaxed.pdb,0
S1925,1BNIA_R69K,Mut,S1925/1BNIA/1BNIA_R69K_relaxed.pdb,0
S1925,1BNIA_G34A,WT,S1925/1BNIA/1BNIA_relaxed.pdb,0
S1925,1BNIA_G34A,Mut,S1925/1BNIA/1BNIA_G34A_relaxed.pdb,0
S1925,1BNIA_G34K,WT,S1925/1BNIA/1BNIA_relaxed.pdb,0
S1925,1BNIA_G34K,Mut,S1925/1BNIA/1BNIA_G34K_relaxed.pdb,0
S1925,1BNIA_T6P,WT,S1925/1BNIA/1BNIA_relaxed.pdb,0
S1925,1BNIA_T6P,Mut,S1925/1BNIA/1BNIA_T6P_relaxed.pdb,0
S1925,1BNIA_R69M,WT,S1925/1BNIA/1BNIA_relaxed.pdb,0
S1925,1BNIA_R69M,Mut,S1925/1BNIA/1BNIA_R69M_relaxed.pdb,0
S1925,1BNIA_S92A,WT,S1925/1BNIA/1BNIA_relaxed.pdb,0
S1925,1BNIA_S92A,Mut,S1925/1BNIA/1BNIA_S92A_relaxed.pdb,0
S1925,1BNIA_G34N,WT,S1925/1BNIA/1BNIA_relaxed.pdb,0
S1925,1BNIA_G34N,Mut,S1925/1BNIA/1BNIA_G34N_relaxed.pdb,0
S1925,1BNIA_R69S,WT,S1925/1BNIA/1BNIA_relaxed.pdb,0
S1925,1BNIA_R69S,Mut,S1925/1BNIA/1BNIA_R69S_relaxed.pdb,0
S1925,1BNIA_N58A,WT,S1925/1BNIA/1BNIA_relaxed.pdb,0
S1925,1BNIA_N58A,Mut,S1925/1BNIA/1BNIA_N58A_relaxed.pdb,0
S1925,1BNIA_T99V,WT,S1925/1BNIA/1BNIA_relaxed.pdb,0
S1925,1BNIA_T99V,Mut,S1925/1BNIA/1BNIA_T99V_relaxed.pdb,0
S1925,1BNIA_D54N,WT,S1925/1BNIA/1BNIA_relaxed.pdb,0
S1925,1BNIA_D54N,Mut,S1925/1BNIA/1BNIA_D54N_relaxed.pdb,0
S1925,1BNIA_T6H,WT,S1925/1BNIA/1BNIA_relaxed.pdb,0
S1925,1BNIA_T6H,Mut,S1925/1BNIA/1BNIA_T6H_relaxed.pdb,0
S1925,1BNIA_Y17S,WT,S1925/1BNIA/1BNIA_relaxed.pdb,0
S1925,1BNIA_Y17S,Mut,S1925/1BNIA/1BNIA_Y17S_relaxed.pdb,0
S1925,1BNIA_H18D,WT,S1925/1BNIA/1BNIA_relaxed.pdb,0
S1925,1BNIA_H18D,Mut,S1925/1BNIA/1BNIA_H18D_relaxed.pdb,0
S1925,1BNIA_T6A,WT,S1925/1BNIA/1BNIA_relaxed.pdb,0
S1925,1BNIA_T6A,Mut,S1925/1BNIA/1BNIA_T6A_relaxed.pdb,0
S1925,1BNIA_E73A,WT,S1925/1BNIA/1BNIA_relaxed.pdb,0
S1925,1BNIA_E73A,Mut,S1925/1BNIA/1BNIA_E73A_relaxed.pdb,0
S1925,1BNIA_L89T,WT,S1925/1BNIA/1BNIA_relaxed.pdb,0
S1925,1BNIA_L89T,Mut,S1925/1BNIA/1BNIA_L89T_relaxed.pdb,0
S1925,1BNIA_N41D,WT,S1925/1BNIA/1BNIA_relaxed.pdb,0
S1925,1BNIA_N41D,Mut,S1925/1BNIA/1BNIA_N41D_relaxed.pdb,0
S1925,1BNIA_V10T,WT,S1925/1BNIA/1BNIA_relaxed.pdb,0
S1925,1BNIA_V10T,Mut,S1925/1BNIA/1BNIA_V10T_relaxed.pdb,0
S1925,1BNIA_G34R,WT,S1925/1BNIA/1BNIA_relaxed.pdb,0
S1925,1BNIA_G34R,Mut,S1925/1BNIA/1BNIA_G34R_relaxed.pdb,0
S1925,1BNIA_V45T,WT,S1925/1BNIA/1BNIA_relaxed.pdb,0
S1925,1BNIA_V45T,Mut,S1925/1BNIA/1BNIA_V45T_relaxed.pdb,0
S1925,1BNIA_T26V,WT,S1925/1BNIA/1BNIA_relaxed.pdb,0
S1925,1BNIA_T26V,Mut,S1925/1BNIA/1BNIA_T26V_relaxed.pdb,0
S1925,1BNIA_H18S,WT,S1925/1BNIA/1BNIA_relaxed.pdb,0
S1925,1BNIA_H18S,Mut,S1925/1BNIA/1BNIA_H18S_relaxed.pdb,0
S1925,1BNIA_Y17A,WT,S1925/1BNIA/1BNIA_relaxed.pdb,0
S1925,1BNIA_Y17A,Mut,S1925/1BNIA/1BNIA_Y17A_relaxed.pdb,0
S1925,1BNIA_N23A,WT,S1925/1BNIA/1BNIA_relaxed.pdb,0
S1925,1BNIA_N23A,Mut,S1925/1BNIA/1BNIA_N23A_relaxed.pdb,0
S1925,1BNIA_T105V,WT,S1925/1BNIA/1BNIA_relaxed.pdb,0
S1925,1BNIA_T105V,Mut,S1925/1BNIA/1BNIA_T105V_relaxed.pdb,0
S1925,1BNIA_T26A,WT,S1925/1BNIA/1BNIA_relaxed.pdb,0
S1925,1BNIA_T26A,Mut,S1925/1BNIA/1BNIA_T26A_relaxed.pdb,0
S1925,1BNIA_I109A,WT,S1925/1BNIA/1BNIA_relaxed.pdb,0
S1925,1BNIA_I109A,Mut,S1925/1BNIA/1BNIA_I109A_relaxed.pdb,0
S1925,1BNIA_T26G,WT,S1925/1BNIA/1BNIA_relaxed.pdb,0
S1925,1BNIA_T26G,Mut,S1925/1BNIA/1BNIA_T26G_relaxed.pdb,0
S1925,1BNIA_R83Q,WT,S1925/1BNIA/1BNIA_relaxed.pdb,0
S1925,1BNIA_R83Q,Mut,S1925/1BNIA/1BNIA_R83Q_relaxed.pdb,0
S1925,1BNIA_N84A,WT,S1925/1BNIA/1BNIA_relaxed.pdb,0
S1925,1BNIA_N84A,Mut,S1925/1BNIA/1BNIA_N84A_relaxed.pdb,0
S1925,1BNIA_N5A,WT,S1925/1BNIA/1BNIA_relaxed.pdb,0
S1925,1BNIA_N5A,Mut,S1925/1BNIA/1BNIA_N5A_relaxed.pdb,0
S1925,1BNIA_I76A,WT,S1925/1BNIA/1BNIA_relaxed.pdb,0
S1925,1BNIA_I76A,Mut,S1925/1BNIA/1BNIA_I76A_relaxed.pdb,0
S1925,1BNIA_S91A,WT,S1925/1BNIA/1BNIA_relaxed.pdb,0
S1925,1BNIA_S91A,Mut,S1925/1BNIA/1BNIA_S91A_relaxed.pdb,0
S1925,1BNIA_T6Q,WT,S1925/1BNIA/1BNIA_relaxed.pdb,0
S1925,1BNIA_T6Q,Mut,S1925/1BNIA/1BNIA_T6Q_relaxed.pdb,0
S1925,1BNIA_T16S,WT,S1925/1BNIA/1BNIA_relaxed.pdb,0
S1925,1BNIA_T16S,Mut,S1925/1BNIA/1BNIA_T16S_relaxed.pdb,0
S1925,1BNIA_I51V,WT,S1925/1BNIA/1BNIA_relaxed.pdb,0
S1925,1BNIA_I51V,Mut,S1925/1BNIA/1BNIA_I51V_relaxed.pdb,0
S1925,1BNIA_H18A,WT,S1925/1BNIA/1BNIA_relaxed.pdb,0
S1925,1BNIA_H18A,Mut,S1925/1BNIA/1BNIA_H18A_relaxed.pdb,0
S1925,1BNIA_E29G,WT,S1925/1BNIA/1BNIA_relaxed.pdb,0
S1925,1BNIA_E29G,Mut,S1925/1BNIA/1BNIA_E29G_relaxed.pdb,0
S1925,1BNIA_V45A,WT,S1925/1BNIA/1BNIA_relaxed.pdb,0
S1925,1BNIA_V45A,Mut,S1925/1BNIA/1BNIA_V45A_relaxed.pdb,0
S1925,1BNIA_T26Q,WT,S1925/1BNIA/1BNIA_relaxed.pdb,0
S1925,1BNIA_T26Q,Mut,S1925/1BNIA/1BNIA_T26Q_relaxed.pdb,0
S1925,1BNIA_H18N,WT,S1925/1BNIA/1BNIA_relaxed.pdb,0
S1925,1BNIA_H18N,Mut,S1925/1BNIA/1BNIA_H18N_relaxed.pdb,0
S1925,1BNIA_T16G,WT,S1925/1BNIA/1BNIA_relaxed.pdb,0
S1925,1BNIA_T16G,Mut,S1925/1BNIA/1BNIA_T16G_relaxed.pdb,0
S1925,1BNIA_H18Q,WT,S1925/1BNIA/1BNIA_relaxed.pdb,0
S1925,1BNIA_H18Q,Mut,S1925/1BNIA/1BNIA_H18Q_relaxed.pdb,0
S1925,1BNIA_N77A,WT,S1925/1BNIA/1BNIA_relaxed.pdb,0
S1925,1BNIA_N77A,Mut,S1925/1BNIA/1BNIA_N77A_relaxed.pdb,0
S1925,1BNIA_W94L,WT,S1925/1BNIA/1BNIA_relaxed.pdb,0
S1925,1BNIA_W94L,Mut,S1925/1BNIA/1BNIA_W94L_relaxed.pdb,0
S1925,1BNIA_Y78F,WT,S1925/1BNIA/1BNIA_relaxed.pdb,0
S1925,1BNIA_Y78F,Mut,S1925/1BNIA/1BNIA_Y78F_relaxed.pdb,0
S1925,1BNIA_I88V,WT,S1925/1BNIA/1BNIA_relaxed.pdb,0
S1925,1BNIA_I88V,Mut,S1925/1BNIA/1BNIA_I88V_relaxed.pdb,0
S1925,1BNIA_I4A,WT,S1925/1BNIA/1BNIA_relaxed.pdb,0
S1925,1BNIA_I4A,Mut,S1925/1BNIA/1BNIA_I4A_relaxed.pdb,0
S1925,1BNIA_T6G,WT,S1925/1BNIA/1BNIA_relaxed.pdb,0
S1925,1BNIA_T6G,Mut,S1925/1BNIA/1BNIA_T6G_relaxed.pdb,0
S1925,1BNIA_L33Q,WT,S1925/1BNIA/1BNIA_relaxed.pdb,0
S1925,1BNIA_L33Q,Mut,S1925/1BNIA/1BNIA_L33Q_relaxed.pdb,0
S1925,1BNIA_V36A,WT,S1925/1BNIA/1BNIA_relaxed.pdb,0
S1925,1BNIA_V36A,Mut,S1925/1BNIA/1BNIA_V36A_relaxed.pdb,0
S1925,1BNIA_D12G,WT,S1925/1BNIA/1BNIA_relaxed.pdb,0
S1925,1BNIA_D12G,Mut,S1925/1BNIA/1BNIA_D12G_relaxed.pdb,0
S1925,1BNIA_T26N,WT,S1925/1BNIA/1BNIA_relaxed.pdb,0
S1925,1BNIA_T26N,Mut,S1925/1BNIA/1BNIA_T26N_relaxed.pdb,0
S1925,1BNIA_T6N,WT,S1925/1BNIA/1BNIA_relaxed.pdb,0
S1925,1BNIA_T6N,Mut,S1925/1BNIA/1BNIA_T6N_relaxed.pdb,0
S1925,1BNIA_W94Y,WT,S1925/1BNIA/1BNIA_relaxed.pdb,0
S1925,1BNIA_W94Y,Mut,S1925/1BNIA/1BNIA_W94Y_relaxed.pdb,0
S1925,1BNIA_E29A,WT,S1925/1BNIA/1BNIA_relaxed.pdb,0
S1925,1BNIA_E29A,Mut,S1925/1BNIA/1BNIA_E29A_relaxed.pdb,0
S1925,1BNIA_E29S,WT,S1925/1BNIA/1BNIA_relaxed.pdb,0
S1925,1BNIA_E29S,Mut,S1925/1BNIA/1BNIA_E29S_relaxed.pdb,0
S1925,1BNIA_H18K,WT,S1925/1BNIA/1BNIA_relaxed.pdb,0
S1925,1BNIA_H18K,Mut,S1925/1BNIA/1BNIA_H18K_relaxed.pdb,0
S1925,1BNIA_I96V,WT,S1925/1BNIA/1BNIA_relaxed.pdb,0
S1925,1BNIA_I96V,Mut,S1925/1BNIA/1BNIA_I96V_relaxed.pdb,0
S1925,1BNIA_D8G,WT,S1925/1BNIA/1BNIA_relaxed.pdb,0
S1925,1BNIA_D8G,Mut,S1925/1BNIA/1BNIA_D8G_relaxed.pdb,0
S1925,1BNIA_H18R,WT,S1925/1BNIA/1BNIA_relaxed.pdb,0
S1925,1BNIA_H18R,Mut,S1925/1BNIA/1BNIA_H18R_relaxed.pdb,0
S1925,1BNIA_I25V,WT,S1925/1BNIA/1BNIA_relaxed.pdb,0
S1925,1BNIA_I25V,Mut,S1925/1BNIA/1BNIA_I25V_relaxed.pdb,0
S1925,1BNIA_I55A,WT,S1925/1BNIA/1BNIA_relaxed.pdb,0
S1925,1BNIA_I55A,Mut,S1925/1BNIA/1BNIA_I55A_relaxed.pdb,0
S1925,1BNIA_V36T,WT,S1925/1BNIA/1BNIA_relaxed.pdb,0
S1925,1BNIA_V36T,Mut,S1925/1BNIA/1BNIA_V36T_relaxed.pdb,0
S1925,1BNIA_W94F,WT,S1925/1BNIA/1BNIA_relaxed.pdb,0
S1925,1BNIA_W94F,Mut,S1925/1BNIA/1BNIA_W94F_relaxed.pdb,0
S1925,1BNIA_A32C,WT,S1925/1BNIA/1BNIA_relaxed.pdb,0
S1925,1BNIA_A32C,Mut,S1925/1BNIA/1BNIA_A32C_relaxed.pdb,0
S1925,1BNIA_A32W,WT,S1925/1BNIA/1BNIA_relaxed.pdb,0
S1925,1BNIA_A32W,Mut,S1925/1BNIA/1BNIA_A32W_relaxed.pdb,0
S1925,1BNIA_H18G,WT,S1925/1BNIA/1BNIA_relaxed.pdb,0
S1925,1BNIA_H18G,Mut,S1925/1BNIA/1BNIA_H18G_relaxed.pdb,0
S1925,1BNIA_Q31G,WT,S1925/1BNIA/1BNIA_relaxed.pdb,0
S1925,1BNIA_Q31G,Mut,S1925/1BNIA/1BNIA_Q31G_relaxed.pdb,0
S1925,1BNIA_D8S,WT,S1925/1BNIA/1BNIA_relaxed.pdb,0
S1925,1BNIA_D8S,Mut,S1925/1BNIA/1BNIA_D8S_relaxed.pdb,0
S1925,1BNIA_D8A,WT,S1925/1BNIA/1BNIA_relaxed.pdb,0
S1925,1BNIA_D8A,Mut,S1925/1BNIA/1BNIA_D8A_relaxed.pdb,0
S1925,1BNIA_A32G,WT,S1925/1BNIA/1BNIA_relaxed.pdb,0
S1925,1BNIA_A32G,Mut,S1925/1BNIA/1BNIA_A32G_relaxed.pdb,0
S1925,1BNIA_A32V,WT,S1925/1BNIA/1BNIA_relaxed.pdb,0
S1925,1BNIA_A32V,Mut,S1925/1BNIA/1BNIA_A32V_relaxed.pdb,0
S1925,1BNIA_A32H,WT,S1925/1BNIA/1BNIA_relaxed.pdb,0
S1925,1BNIA_A32H,Mut,S1925/1BNIA/1BNIA_A32H_relaxed.pdb,0
S1925,1BNIA_A32I,WT,S1925/1BNIA/1BNIA_relaxed.pdb,0
S1925,1BNIA_A32I,Mut,S1925/1BNIA/1BNIA_A32I_relaxed.pdb,0
S1925,1BNIA_A32T,WT,S1925/1BNIA/1BNIA_relaxed.pdb,0
S1925,1BNIA_A32T,Mut,S1925/1BNIA/1BNIA_A32T_relaxed.pdb,0
S1925,1BNIA_A32Y,WT,S1925/1BNIA/1BNIA_relaxed.pdb,0
S1925,1BNIA_A32Y,Mut,S1925/1BNIA/1BNIA_A32Y_relaxed.pdb,0
S1925,1BNIA_I76V,WT,S1925/1BNIA/1BNIA_relaxed.pdb,0
S1925,1BNIA_I76V,Mut,S1925/1BNIA/1BNIA_I76V_relaxed.pdb,0
S1925,1BNIA_I109V,WT,S1925/1BNIA/1BNIA_relaxed.pdb,0
S1925,1BNIA_I109V,Mut,S1925/1BNIA/1BNIA_I109V_relaxed.pdb,0
S1925,1BNIA_A32D,WT,S1925/1BNIA/1BNIA_relaxed.pdb,0
S1925,1BNIA_A32D,Mut,S1925/1BNIA/1BNIA_A32D_relaxed.pdb,0
S1925,1BNIA_A32F,WT,S1925/1BNIA/1BNIA_relaxed.pdb,0
S1925,1BNIA_A32F,Mut,S1925/1BNIA/1BNIA_A32F_relaxed.pdb,0
S1925,1BNIA_A32N,WT,S1925/1BNIA/1BNIA_relaxed.pdb,0
S1925,1BNIA_A32N,Mut,S1925/1BNIA/1BNIA_A32N_relaxed.pdb,0
S1925,1BNIA_D12S,WT,S1925/1BNIA/1BNIA_relaxed.pdb,0
S1925,1BNIA_D12S,Mut,S1925/1BNIA/1BNIA_D12S_relaxed.pdb,0
S1925,1BNIA_I4V,WT,S1925/1BNIA/1BNIA_relaxed.pdb,0
S1925,1BNIA_I4V,Mut,S1925/1BNIA/1BNIA_I4V_relaxed.pdb,0
S1925,1BNIA_A32E,WT,S1925/1BNIA/1BNIA_relaxed.pdb,0
S1925,1BNIA_A32E,Mut,S1925/1BNIA/1BNIA_A32E_relaxed.pdb,0
S1925,1BNIA_I55T,WT,S1925/1BNIA/1BNIA_relaxed.pdb,0
S1925,1BNIA_I55T,Mut,S1925/1BNIA/1BNIA_I55T_relaxed.pdb,0
S1925,1BNIA_T26S,WT,S1925/1BNIA/1BNIA_relaxed.pdb,0
S1925,1BNIA_T26S,Mut,S1925/1BNIA/1BNIA_T26S_relaxed.pdb,0
S1925,1BNIA_K27G,WT,S1925/1BNIA/1BNIA_relaxed.pdb,0
S1925,1BNIA_K27G,Mut,S1925/1BNIA/1BNIA_K27G_relaxed.pdb,0
S1925,1BNIA_A32Q,WT,S1925/1BNIA/1BNIA_relaxed.pdb,0
S1925,1BNIA_A32Q,Mut,S1925/1BNIA/1BNIA_A32Q_relaxed.pdb,0
S1925,1BNIA_K62R,WT,S1925/1BNIA/1BNIA_relaxed.pdb,0
S1925,1BNIA_K62R,Mut,S1925/1BNIA/1BNIA_K62R_relaxed.pdb,0
S1925,1BNIA_T16R,WT,S1925/1BNIA/1BNIA_relaxed.pdb,0
S1925,1BNIA_T16R,Mut,S1925/1BNIA/1BNIA_T16R_relaxed.pdb,0
S1925,1BNIA_S28G,WT,S1925/1BNIA/1BNIA_relaxed.pdb,0
S1925,1BNIA_S28G,Mut,S1925/1BNIA/1BNIA_S28G_relaxed.pdb,0
S1925,1BNIA_Y13F,WT,S1925/1BNIA/1BNIA_relaxed.pdb,0
S1925,1BNIA_Y13F,Mut,S1925/1BNIA/1BNIA_Y13F_relaxed.pdb,0
S1925,1BNIA_A32S,WT,S1925/1BNIA/1BNIA_relaxed.pdb,0
S1925,1BNIA_A32S,Mut,S1925/1BNIA/1BNIA_A32S_relaxed.pdb,0
S1925,1BNIA_R110A,WT,S1925/1BNIA/1BNIA_relaxed.pdb,0
S1925,1BNIA_R110A,Mut,S1925/1BNIA/1BNIA_R110A_relaxed.pdb,0
S1925,1BNIA_A32L,WT,S1925/1BNIA/1BNIA_relaxed.pdb,0
S1925,1BNIA_A32L,Mut,S1925/1BNIA/1BNIA_A32L_relaxed.pdb,0
S1925,1BNIA_A32M,WT,S1925/1BNIA/1BNIA_relaxed.pdb,0
S1925,1BNIA_A32M,Mut,S1925/1BNIA/1BNIA_A32M_relaxed.pdb,0
S1925,1BNIA_D12A,WT,S1925/1BNIA/1BNIA_relaxed.pdb,0
S1925,1BNIA_D12A,Mut,S1925/1BNIA/1BNIA_D12A_relaxed.pdb,0
S1925,1BNIA_I55V,WT,S1925/1BNIA/1BNIA_relaxed.pdb,0
S1925,1BNIA_I55V,Mut,S1925/1BNIA/1BNIA_I55V_relaxed.pdb,0
S1925,1BNIA_I88L,WT,S1925/1BNIA/1BNIA_relaxed.pdb,0
S1925,1BNIA_I88L,Mut,S1925/1BNIA/1BNIA_I88L_relaxed.pdb,0
S1925,1BNIA_L89V,WT,S1925/1BNIA/1BNIA_relaxed.pdb,0
S1925,1BNIA_L89V,Mut,S1925/1BNIA/1BNIA_L89V_relaxed.pdb,0
S1925,1BNIA_Y17F,WT,S1925/1BNIA/1BNIA_relaxed.pdb,0
S1925,1BNIA_Y17F,Mut,S1925/1BNIA/1BNIA_Y17F_relaxed.pdb,0
S1925,1BNIA_T6E,WT,S1925/1BNIA/1BNIA_relaxed.pdb,0
S1925,1BNIA_T6E,Mut,S1925/1BNIA/1BNIA_T6E_relaxed.pdb,0
S1925,1BNIA_D22M,WT,S1925/1BNIA/1BNIA_relaxed.pdb,0
S1925,1BNIA_D22M,Mut,S1925/1BNIA/1BNIA_D22M_relaxed.pdb,0
S1925,1BNIA_T16A,WT,S1925/1BNIA/1BNIA_relaxed.pdb,0
S1925,1BNIA_T16A,Mut,S1925/1BNIA/1BNIA_T16A_relaxed.pdb,0
S1925,1BNIA_Q31S,WT,S1925/1BNIA/1BNIA_relaxed.pdb,0
S1925,1BNIA_Q31S,Mut,S1925/1BNIA/1BNIA_Q31S_relaxed.pdb,0
S1925,1BNIA_T6S,WT,S1925/1BNIA/1BNIA_relaxed.pdb,0
S1925,1BNIA_T6S,Mut,S1925/1BNIA/1BNIA_T6S_relaxed.pdb,0
S1925,1BNIA_A32K,WT,S1925/1BNIA/1BNIA_relaxed.pdb,0
S1925,1BNIA_A32K,Mut,S1925/1BNIA/1BNIA_A32K_relaxed.pdb,0
S1925,1BNIA_Q104A,WT,S1925/1BNIA/1BNIA_relaxed.pdb,0
S1925,1BNIA_Q104A,Mut,S1925/1BNIA/1BNIA_Q104A_relaxed.pdb,0
S1925,1BNIA_S85A,WT,S1925/1BNIA/1BNIA_relaxed.pdb,0
S1925,1BNIA_S85A,Mut,S1925/1BNIA/1BNIA_S85A_relaxed.pdb,0
S1925,1BNIA_A32R,WT,S1925/1BNIA/1BNIA_relaxed.pdb,0
S1925,1BNIA_A32R,Mut,S1925/1BNIA/1BNIA_A32R_relaxed.pdb,0
S1925,1BNIA_T26D,WT,S1925/1BNIA/1BNIA_relaxed.pdb,0
S1925,1BNIA_T26D,Mut,S1925/1BNIA/1BNIA_T26D_relaxed.pdb,0
S1925,1BNIA_T26E,WT,S1925/1BNIA/1BNIA_relaxed.pdb,0
S1925,1BNIA_T26E,Mut,S1925/1BNIA/1BNIA_T26E_relaxed.pdb,0
S1925,1BNIA_E29Q,WT,S1925/1BNIA/1BNIA_relaxed.pdb,0
S1925,1BNIA_E29Q,Mut,S1925/1BNIA/1BNIA_E29Q_relaxed.pdb,0
S1925,1BNIA_Y24F,WT,S1925/1BNIA/1BNIA_relaxed.pdb,0
S1925,1BNIA_Y24F,Mut,S1925/1BNIA/1BNIA_Y24F_relaxed.pdb,0
S1925,1BNIA_Y103F,WT,S1925/1BNIA/1BNIA_relaxed.pdb,0
S1925,1BNIA_Y103F,Mut,S1925/1BNIA/1BNIA_Y103F_relaxed.pdb,0
S1925,1BNIA_D44E,WT,S1925/1BNIA/1BNIA_relaxed.pdb,0
S1925,1BNIA_D44E,Mut,S1925/1BNIA/1BNIA_D44E_relaxed.pdb,0
S1925,1BNIA_Q31A,WT,S1925/1BNIA/1BNIA_relaxed.pdb,0
S1925,1BNIA_Q31A,Mut,S1925/1BNIA/1BNIA_Q31A_relaxed.pdb,0
S1925,1BNIA_T6D,WT,S1925/1BNIA/1BNIA_relaxed.pdb,0
S1925,1BNIA_T6D,Mut,S1925/1BNIA/1BNIA_T6D_relaxed.pdb,0
S1925,1BNIA_K19R,WT,S1925/1BNIA/1BNIA_relaxed.pdb,0
S1925,1BNIA_K19R,Mut,S1925/1BNIA/1BNIA_K19R_relaxed.pdb,0
S1925,1BNIA_K66A,WT,S1925/1BNIA/1BNIA_relaxed.pdb,0
S1925,1BNIA_K66A,Mut,S1925/1BNIA/1BNIA_K66A_relaxed.pdb,0
S1925,1BNIA_T79V,WT,S1925/1BNIA/1BNIA_relaxed.pdb,0
S1925,1BNIA_T79V,Mut,S1925/1BNIA/1BNIA_T79V_relaxed.pdb,0
S1925,1BNIA_S28E,WT,S1925/1BNIA/1BNIA_relaxed.pdb,0
S1925,1BNIA_S28E,Mut,S1925/1BNIA/1BNIA_S28E_relaxed.pdb,0
S1925,1BNIA_S28A,WT,S1925/1BNIA/1BNIA_relaxed.pdb,0
S1925,1BNIA_S28A,Mut,S1925/1BNIA/1BNIA_S28A_relaxed.pdb,0
S1925,1BNIA_G65S,WT,S1925/1BNIA/1BNIA_relaxed.pdb,0
S1925,1BNIA_G65S,Mut,S1925/1BNIA/1BNIA_G65S_relaxed.pdb,0
S1925,1BNIA_N58D,WT,S1925/1BNIA/1BNIA_relaxed.pdb,0
S1925,1BNIA_N58D,Mut,S1925/1BNIA/1BNIA_N58D_relaxed.pdb,0
S1925,1BNIA_K108R,WT,S1925/1BNIA/1BNIA_relaxed.pdb,0
S1925,1BNIA_K108R,Mut,S1925/1BNIA/1BNIA_K108R_relaxed.pdb,0
S1925,1BNIA_Q15I,WT,S1925/1BNIA/1BNIA_relaxed.pdb,0
S1925,1BNIA_Q15I,Mut,S1925/1BNIA/1BNIA_Q15I_relaxed.pdb,0
S1925,1BPIA_F45A,WT,S1925/1BPIA/1BPIA_relaxed.pdb,0
S1925,1BPIA_F45A,Mut,S1925/1BPIA/1BPIA_F45A_relaxed.pdb,0
S1925,1BPIA_Y23A,WT,S1925/1BPIA/1BPIA_relaxed.pdb,0
S1925,1BPIA_Y23A,Mut,S1925/1BPIA/1BPIA_Y23A_relaxed.pdb,0
S1925,1BPIA_N43G,WT,S1925/1BPIA/1BPIA_relaxed.pdb,0
S1925,1BPIA_N43G,Mut,S1925/1BPIA/1BPIA_N43G_relaxed.pdb,0
S1925,1BPIA_Y35G,WT,S1925/1BPIA/1BPIA_relaxed.pdb,0
S1925,1BPIA_Y35G,Mut,S1925/1BPIA/1BPIA_Y35G_relaxed.pdb,0
S1925,1BPIA_G37A,WT,S1925/1BPIA/1BPIA_relaxed.pdb,0
S1925,1BPIA_G37A,Mut,S1925/1BPIA/1BPIA_G37A_relaxed.pdb,0
S1925,1BPIA_N44G,WT,S1925/1BPIA/1BPIA_relaxed.pdb,0
S1925,1BPIA_N44G,Mut,S1925/1BPIA/1BPIA_N44G_relaxed.pdb,0
S1925,1BPIA_N44A,WT,S1925/1BPIA/1BPIA_relaxed.pdb,0
S1925,1BPIA_N44A,Mut,S1925/1BPIA/1BPIA_N44A_relaxed.pdb,0
S1925,1BPIA_F4A,WT,S1925/1BPIA/1BPIA_relaxed.pdb,0
S1925,1BPIA_F4A,Mut,S1925/1BPIA/1BPIA_F4A_relaxed.pdb,0
S1925,1BPIA_N24A,WT,S1925/1BPIA/1BPIA_relaxed.pdb,0
S1925,1BPIA_N24A,Mut,S1925/1BPIA/1BPIA_N24A_relaxed.pdb,0
S1925,1BPIA_G36A,WT,S1925/1BPIA/1BPIA_relaxed.pdb,0
S1925,1BPIA_G36A,Mut,S1925/1BPIA/1BPIA_G36A_relaxed.pdb,0
S1925,1BPIA_I19A,WT,S1925/1BPIA/1BPIA_relaxed.pdb,0
S1925,1BPIA_I19A,Mut,S1925/1BPIA/1BPIA_I19A_relaxed.pdb,0
S1925,1BPIA_F22A,WT,S1925/1BPIA/1BPIA_relaxed.pdb,0
S1925,1BPIA_F22A,Mut,S1925/1BPIA/1BPIA_F22A_relaxed.pdb,0
S1925,1BPIA_G12A,WT,S1925/1BPIA/1BPIA_relaxed.pdb,0
S1925,1BPIA_G12A,Mut,S1925/1BPIA/1BPIA_G12A_relaxed.pdb,0
S1925,1BPIA_R20A,WT,S1925/1BPIA/1BPIA_relaxed.pdb,0
S1925,1BPIA_R20A,Mut,S1925/1BPIA/1BPIA_R20A_relaxed.pdb,0
S1925,1BPIA_M52A,WT,S1925/1BPIA/1BPIA_relaxed.pdb,0
S1925,1BPIA_M52A,Mut,S1925/1BPIA/1BPIA_M52A_relaxed.pdb,0
S1925,1BPIA_S47A,WT,S1925/1BPIA/1BPIA_relaxed.pdb,0
S1925,1BPIA_S47A,Mut,S1925/1BPIA/1BPIA_S47A_relaxed.pdb,0
S1925,1BPIA_E7A,WT,S1925/1BPIA/1BPIA_relaxed.pdb,0
S1925,1BPIA_E7A,Mut,S1925/1BPIA/1BPIA_E7A_relaxed.pdb,0
S1925,1BPIA_I18A,WT,S1925/1BPIA/1BPIA_relaxed.pdb,0
S1925,1BPIA_I18A,Mut,S1925/1BPIA/1BPIA_I18A_relaxed.pdb,0
S1925,1BPIA_P2A,WT,S1925/1BPIA/1BPIA_relaxed.pdb,0
S1925,1BPIA_P2A,Mut,S1925/1BPIA/1BPIA_P2A_relaxed.pdb,0
S1925,1BPIA_P13A,WT,S1925/1BPIA/1BPIA_relaxed.pdb,0
S1925,1BPIA_P13A,Mut,S1925/1BPIA/1BPIA_P13A_relaxed.pdb,0
S1925,1BPIA_V34A,WT,S1925/1BPIA/1BPIA_relaxed.pdb,0
S1925,1BPIA_V34A,Mut,S1925/1BPIA/1BPIA_V34A_relaxed.pdb,0
S1925,1BPIA_Y10A,WT,S1925/1BPIA/1BPIA_relaxed.pdb,0
S1925,1BPIA_Y10A,Mut,S1925/1BPIA/1BPIA_Y10A_relaxed.pdb,0
S1925,1BPIA_Y35A,WT,S1925/1BPIA/1BPIA_relaxed.pdb,0
S1925,1BPIA_Y35A,Mut,S1925/1BPIA/1BPIA_Y35A_relaxed.pdb,0
S1925,1BPIA_G28A,WT,S1925/1BPIA/1BPIA_relaxed.pdb,0
S1925,1BPIA_G28A,Mut,S1925/1BPIA/1BPIA_G28A_relaxed.pdb,0
S1925,1BPIA_Q31A,WT,S1925/1BPIA/1BPIA_relaxed.pdb,0
S1925,1BPIA_Q31A,Mut,S1925/1BPIA/1BPIA_Q31A_relaxed.pdb,0
S1925,1BPIA_P9A,WT,S1925/1BPIA/1BPIA_relaxed.pdb,0
S1925,1BPIA_P9A,Mut,S1925/1BPIA/1BPIA_P9A_relaxed.pdb,0
S1925,1BPIA_G36S,WT,S1925/1BPIA/1BPIA_relaxed.pdb,0
S1925,1BPIA_G36S,Mut,S1925/1BPIA/1BPIA_G36S_relaxed.pdb,0
S1925,1BPIA_L6A,WT,S1925/1BPIA/1BPIA_relaxed.pdb,0
S1925,1BPIA_L6A,Mut,S1925/1BPIA/1BPIA_L6A_relaxed.pdb,0
S1925,1BPIA_R1A,WT,S1925/1BPIA/1BPIA_relaxed.pdb,0
S1925,1BPIA_R1A,Mut,S1925/1BPIA/1BPIA_R1A_relaxed.pdb,0
S1925,1BPIA_R42A,WT,S1925/1BPIA/1BPIA_relaxed.pdb,0
S1925,1BPIA_R42A,Mut,S1925/1BPIA/1BPIA_R42A_relaxed.pdb,0
S1925,1BPIA_D50A,WT,S1925/1BPIA/1BPIA_relaxed.pdb,0
S1925,1BPIA_D50A,Mut,S1925/1BPIA/1BPIA_D50A_relaxed.pdb,0
S1925,1BPIA_K15A,WT,S1925/1BPIA/1BPIA_relaxed.pdb,0
S1925,1BPIA_K15A,Mut,S1925/1BPIA/1BPIA_K15A_relaxed.pdb,0
S1925,1BPIA_K41A,WT,S1925/1BPIA/1BPIA_relaxed.pdb,0
S1925,1BPIA_K41A,Mut,S1925/1BPIA/1BPIA_K41A_relaxed.pdb,0
S1925,1BPIA_P8A,WT,S1925/1BPIA/1BPIA_relaxed.pdb,0
S1925,1BPIA_P8A,Mut,S1925/1BPIA/1BPIA_P8A_relaxed.pdb,0
S1925,1BPIA_R17A,WT,S1925/1BPIA/1BPIA_relaxed.pdb,0
S1925,1BPIA_R17A,Mut,S1925/1BPIA/1BPIA_R17A_relaxed.pdb,0
S1925,1BPIA_E49A,WT,S1925/1BPIA/1BPIA_relaxed.pdb,0
S1925,1BPIA_E49A,Mut,S1925/1BPIA/1BPIA_E49A_relaxed.pdb,0
S1925,1BPIA_G56A,WT,S1925/1BPIA/1BPIA_relaxed.pdb,0
S1925,1BPIA_G56A,Mut,S1925/1BPIA/1BPIA_G56A_relaxed.pdb,0
S1925,1BPIA_G57A,WT,S1925/1BPIA/1BPIA_relaxed.pdb,0
S1925,1BPIA_G57A,Mut,S1925/1BPIA/1BPIA_G57A_relaxed.pdb,0
S1925,1BPIA_R53A,WT,S1925/1BPIA/1BPIA_relaxed.pdb,0
S1925,1BPIA_R53A,Mut,S1925/1BPIA/1BPIA_R53A_relaxed.pdb,0
S1925,1BPIA_T32A,WT,S1925/1BPIA/1BPIA_relaxed.pdb,0
S1925,1BPIA_T32A,Mut,S1925/1BPIA/1BPIA_T32A_relaxed.pdb,0
S1925,1BPIA_T54A,WT,S1925/1BPIA/1BPIA_relaxed.pdb,0
S1925,1BPIA_T54A,Mut,S1925/1BPIA/1BPIA_T54A_relaxed.pdb,0
S1925,1BPIA_K26A,WT,S1925/1BPIA/1BPIA_relaxed.pdb,0
S1925,1BPIA_K26A,Mut,S1925/1BPIA/1BPIA_K26A_relaxed.pdb,0
S1925,1BPIA_L29A,WT,S1925/1BPIA/1BPIA_relaxed.pdb,0
S1925,1BPIA_L29A,Mut,S1925/1BPIA/1BPIA_L29A_relaxed.pdb,0
S1925,1BPIA_R39A,WT,S1925/1BPIA/1BPIA_relaxed.pdb,0
S1925,1BPIA_R39A,Mut,S1925/1BPIA/1BPIA_R39A_relaxed.pdb,0
S1925,1BPIA_T11A,WT,S1925/1BPIA/1BPIA_relaxed.pdb,0
S1925,1BPIA_T11A,Mut,S1925/1BPIA/1BPIA_T11A_relaxed.pdb,0
S1925,1BPIA_K46A,WT,S1925/1BPIA/1BPIA_relaxed.pdb,0
S1925,1BPIA_K46A,Mut,S1925/1BPIA/1BPIA_K46A_relaxed.pdb,0
S1925,1BPIA_D3A,WT,S1925/1BPIA/1BPIA_relaxed.pdb,0
S1925,1BPIA_D3A,Mut,S1925/1BPIA/1BPIA_D3A_relaxed.pdb,0
S1925,1BTAA_C82A,WT,S1925/1BTAA/1BTAA_relaxed.pdb,0
S1925,1BTAA_C82A,Mut,S1925/1BTAA/1BTAA_C82A_relaxed.pdb,0
S1925,1BVCA_L29A,WT,S1925/1BVCA/1BVCA_relaxed.pdb,0
S1925,1BVCA_L29A,Mut,S1925/1BVCA/1BVCA_L29A_relaxed.pdb,0
S1925,1BVCA_L135V,WT,S1925/1BVCA/1BVCA_relaxed.pdb,0
S1925,1BVCA_L135V,Mut,S1925/1BVCA/1BVCA_L135V_relaxed.pdb,0
S1925,1BVCA_M131A,WT,S1925/1BVCA/1BVCA_relaxed.pdb,0
S1925,1BVCA_M131A,Mut,S1925/1BVCA/1BVCA_M131A_relaxed.pdb,0
S1925,1BVCA_A130K,WT,S1925/1BVCA/1BVCA_relaxed.pdb,0
S1925,1BVCA_A130K,Mut,S1925/1BVCA/1BVCA_A130K_relaxed.pdb,0
S1925,1BVCA_F123K,WT,S1925/1BVCA/1BVCA_relaxed.pdb,0
S1925,1BVCA_F123K,Mut,S1925/1BVCA/1BVCA_F123K_relaxed.pdb,0
S1925,1BVCA_I142A,WT,S1925/1BVCA/1BVCA_relaxed.pdb,0
S1925,1BVCA_I142A,Mut,S1925/1BVCA/1BVCA_I142A_relaxed.pdb,0
S1925,1BVCA_I111A,WT,S1925/1BVCA/1BVCA_relaxed.pdb,0
S1925,1BVCA_I111A,Mut,S1925/1BVCA/1BVCA_I111A_relaxed.pdb,0
S1925,1BVCA_L137A,WT,S1925/1BVCA/1BVCA_relaxed.pdb,0
S1925,1BVCA_L137A,Mut,S1925/1BVCA/1BVCA_L137A_relaxed.pdb,0
S1925,1BVCA_L29V,WT,S1925/1BVCA/1BVCA_relaxed.pdb,0
S1925,1BVCA_L29V,Mut,S1925/1BVCA/1BVCA_L29V_relaxed.pdb,0
S1925,1BVCA_L149A,WT,S1925/1BVCA/1BVCA_relaxed.pdb,0
S1925,1BVCA_L149A,Mut,S1925/1BVCA/1BVCA_L149A_relaxed.pdb,0
S1925,1BVCA_L135I,WT,S1925/1BVCA/1BVCA_relaxed.pdb,0
S1925,1BVCA_L135I,Mut,S1925/1BVCA/1BVCA_L135I_relaxed.pdb,0
S1925,1BVCA_T51A,WT,S1925/1BVCA/1BVCA_relaxed.pdb,0
S1925,1BVCA_T51A,Mut,S1925/1BVCA/1BVCA_T51A_relaxed.pdb,0
S1925,1BVCA_V114A,WT,S1925/1BVCA/1BVCA_relaxed.pdb,0
S1925,1BVCA_V114A,Mut,S1925/1BVCA/1BVCA_V114A_relaxed.pdb,0
S1925,1BVCA_I28A,WT,S1925/1BVCA/1BVCA_relaxed.pdb,0
S1925,1BVCA_I28A,Mut,S1925/1BVCA/1BVCA_I28A_relaxed.pdb,0
S1925,1BVCA_L69A,WT,S1925/1BVCA/1BVCA_relaxed.pdb,0
S1925,1BVCA_L69A,Mut,S1925/1BVCA/1BVCA_L69A_relaxed.pdb,0
S1925,1BVCA_W7F,WT,S1925/1BVCA/1BVCA_relaxed.pdb,0
S1925,1BVCA_W7F,Mut,S1925/1BVCA/1BVCA_W7F_relaxed.pdb,0
S1925,1BVCA_G23A,WT,S1925/1BVCA/1BVCA_relaxed.pdb,0
S1925,1BVCA_G23A,Mut,S1925/1BVCA/1BVCA_G23A_relaxed.pdb,0
S1925,1BVCA_L29I,WT,S1925/1BVCA/1BVCA_relaxed.pdb,0
S1925,1BVCA_L29I,Mut,S1925/1BVCA/1BVCA_L29I_relaxed.pdb,0
S1925,1BVCA_W14F,WT,S1925/1BVCA/1BVCA_relaxed.pdb,0
S1925,1BVCA_W14F,Mut,S1925/1BVCA/1BVCA_W14F_relaxed.pdb,0
S1925,1BVCA_I111M,WT,S1925/1BVCA/1BVCA_relaxed.pdb,0
S1925,1BVCA_I111M,Mut,S1925/1BVCA/1BVCA_I111M_relaxed.pdb,0
S1925,1BVCA_A130L,WT,S1925/1BVCA/1BVCA_relaxed.pdb,0
S1925,1BVCA_A130L,Mut,S1925/1BVCA/1BVCA_A130L_relaxed.pdb,0
S1925,1BVCA_E109G,WT,S1925/1BVCA/1BVCA_relaxed.pdb,0
S1925,1BVCA_E109G,Mut,S1925/1BVCA/1BVCA_E109G_relaxed.pdb,0
S1925,1BVCA_H36Q,WT,S1925/1BVCA/1BVCA_relaxed.pdb,0
S1925,1BVCA_H36Q,Mut,S1925/1BVCA/1BVCA_H36Q_relaxed.pdb,0
S1925,1BVCA_L49I,WT,S1925/1BVCA/1BVCA_relaxed.pdb,0
S1925,1BVCA_L49I,Mut,S1925/1BVCA/1BVCA_L49I_relaxed.pdb,0
S1925,1BVCA_L135M,WT,S1925/1BVCA/1BVCA_relaxed.pdb,0
S1925,1BVCA_L135M,Mut,S1925/1BVCA/1BVCA_L135M_relaxed.pdb,0
S1925,1BVCA_E4A,WT,S1925/1BVCA/1BVCA_relaxed.pdb,0
S1925,1BVCA_E4A,Mut,S1925/1BVCA/1BVCA_E4A_relaxed.pdb,0
S1925,1BVCA_E18A,WT,S1925/1BVCA/1BVCA_relaxed.pdb,0
S1925,1BVCA_E18A,Mut,S1925/1BVCA/1BVCA_E18A_relaxed.pdb,0
S1925,1BVCA_V13A,WT,S1925/1BVCA/1BVCA_relaxed.pdb,0
S1925,1BVCA_V13A,Mut,S1925/1BVCA/1BVCA_V13A_relaxed.pdb,0
S1925,1BVCA_Q8G,WT,S1925/1BVCA/1BVCA_relaxed.pdb,0
S1925,1BVCA_Q8G,Mut,S1925/1BVCA/1BVCA_Q8G_relaxed.pdb,0
S1925,1BVCA_I28L,WT,S1925/1BVCA/1BVCA_relaxed.pdb,0
S1925,1BVCA_I28L,Mut,S1925/1BVCA/1BVCA_I28L_relaxed.pdb,0
S1925,1BVCA_I28M,WT,S1925/1BVCA/1BVCA_relaxed.pdb,0
S1925,1BVCA_I28M,Mut,S1925/1BVCA/1BVCA_I28M_relaxed.pdb,0
S1925,1BVCA_V68T,WT,S1925/1BVCA/1BVCA_relaxed.pdb,0
S1925,1BVCA_V68T,Mut,S1925/1BVCA/1BVCA_V68T_relaxed.pdb,0
S1925,1BVCA_I111L,WT,S1925/1BVCA/1BVCA_relaxed.pdb,0
S1925,1BVCA_I111L,Mut,S1925/1BVCA/1BVCA_I111L_relaxed.pdb,0
S1925,1BVCA_L9A,WT,S1925/1BVCA/1BVCA_relaxed.pdb,0
S1925,1BVCA_L9A,Mut,S1925/1BVCA/1BVCA_L9A_relaxed.pdb,0
S1925,1BVCA_L11A,WT,S1925/1BVCA/1BVCA_relaxed.pdb,0
S1925,1BVCA_L11A,Mut,S1925/1BVCA/1BVCA_L11A_relaxed.pdb,0
S1925,1BVCA_T67A,WT,S1925/1BVCA/1BVCA_relaxed.pdb,0
S1925,1BVCA_T67A,Mut,S1925/1BVCA/1BVCA_T67A_relaxed.pdb,0
S1925,1BVCA_S117A,WT,S1925/1BVCA/1BVCA_relaxed.pdb,0
S1925,1BVCA_S117A,Mut,S1925/1BVCA/1BVCA_S117A_relaxed.pdb,0
S1925,1BVCA_K56A,WT,S1925/1BVCA/1BVCA_relaxed.pdb,0
S1925,1BVCA_K56A,Mut,S1925/1BVCA/1BVCA_K56A_relaxed.pdb,0
S1925,1BVCA_D44A,WT,S1925/1BVCA/1BVCA_relaxed.pdb,0
S1925,1BVCA_D44A,Mut,S1925/1BVCA/1BVCA_D44A_relaxed.pdb,0
S1925,1BVCA_D60A,WT,S1925/1BVCA/1BVCA_relaxed.pdb,0
S1925,1BVCA_D60A,Mut,S1925/1BVCA/1BVCA_D60A_relaxed.pdb,0
S1925,1BVCA_L69V,WT,S1925/1BVCA/1BVCA_relaxed.pdb,0
S1925,1BVCA_L69V,Mut,S1925/1BVCA/1BVCA_L69V_relaxed.pdb,0
S1925,1BVCA_I142V,WT,S1925/1BVCA/1BVCA_relaxed.pdb,0
S1925,1BVCA_I142V,Mut,S1925/1BVCA/1BVCA_I142V_relaxed.pdb,0
S1925,1BVCA_K77A,WT,S1925/1BVCA/1BVCA_relaxed.pdb,0
S1925,1BVCA_K77A,Mut,S1925/1BVCA/1BVCA_K77A_relaxed.pdb,0
S1925,1BVCA_I28V,WT,S1925/1BVCA/1BVCA_relaxed.pdb,0
S1925,1BVCA_I28V,Mut,S1925/1BVCA/1BVCA_I28V_relaxed.pdb,0
S1925,1BVCA_L69I,WT,S1925/1BVCA/1BVCA_relaxed.pdb,0
S1925,1BVCA_L69I,Mut,S1925/1BVCA/1BVCA_L69I_relaxed.pdb,0
S1925,1BVCA_L69M,WT,S1925/1BVCA/1BVCA_relaxed.pdb,0
S1925,1BVCA_L69M,Mut,S1925/1BVCA/1BVCA_L69M_relaxed.pdb,0
S1925,1BVCA_L29M,WT,S1925/1BVCA/1BVCA_relaxed.pdb,0
S1925,1BVCA_L29M,Mut,S1925/1BVCA/1BVCA_L29M_relaxed.pdb,0
S1925,1BVCA_E109A,WT,S1925/1BVCA/1BVCA_relaxed.pdb,0
S1925,1BVCA_E109A,Mut,S1925/1BVCA/1BVCA_E109A_relaxed.pdb,0
S1925,1BVCA_H116A,WT,S1925/1BVCA/1BVCA_relaxed.pdb,0
S1925,1BVCA_H116A,Mut,S1925/1BVCA/1BVCA_H116A_relaxed.pdb,0
S1925,1BVCA_K140A,WT,S1925/1BVCA/1BVCA_relaxed.pdb,0
S1925,1BVCA_K140A,Mut,S1925/1BVCA/1BVCA_K140A_relaxed.pdb,0
S1925,1BVCA_P88A,WT,S1925/1BVCA/1BVCA_relaxed.pdb,0
S1925,1BVCA_P88A,Mut,S1925/1BVCA/1BVCA_P88A_relaxed.pdb,0
S1925,1BVCA_I142L,WT,S1925/1BVCA/1BVCA_relaxed.pdb,0
S1925,1BVCA_I142L,Mut,S1925/1BVCA/1BVCA_I142L_relaxed.pdb,0
S1925,1BVCA_V66A,WT,S1925/1BVCA/1BVCA_relaxed.pdb,0
S1925,1BVCA_V66A,Mut,S1925/1BVCA/1BVCA_V66A_relaxed.pdb,0
S1925,1BVCA_Q8A,WT,S1925/1BVCA/1BVCA_relaxed.pdb,0
S1925,1BVCA_Q8A,Mut,S1925/1BVCA/1BVCA_Q8A_relaxed.pdb,0
S1925,1BVCA_I142M,WT,S1925/1BVCA/1BVCA_relaxed.pdb,0
S1925,1BVCA_I142M,Mut,S1925/1BVCA/1BVCA_I142M_relaxed.pdb,0
S1925,1BVCA_G129A,WT,S1925/1BVCA/1BVCA_relaxed.pdb,0
S1925,1BVCA_G129A,Mut,S1925/1BVCA/1BVCA_G129A_relaxed.pdb,0
S1925,1C2RA_G34S,WT,S1925/1C2RA/1C2RA_relaxed.pdb,0
S1925,1C2RA_G34S,Mut,S1925/1C2RA/1C2RA_G34S_relaxed.pdb,0
S1925,1C2RA_P35A,WT,S1925/1C2RA/1C2RA_relaxed.pdb,0
S1925,1C2RA_P35A,Mut,S1925/1C2RA/1C2RA_P35A_relaxed.pdb,0
S1925,1C2RA_K12D,WT,S1925/1C2RA/1C2RA_relaxed.pdb,0
S1925,1C2RA_K12D,Mut,S1925/1C2RA/1C2RA_K12D_relaxed.pdb,0
S1925,1C2RA_K14E,WT,S1925/1C2RA/1C2RA_relaxed.pdb,0
S1925,1C2RA_K14E,Mut,S1925/1C2RA/1C2RA_K14E_relaxed.pdb,0
S1925,1C2RA_K32E,WT,S1925/1C2RA/1C2RA_relaxed.pdb,0
S1925,1C2RA_K32E,Mut,S1925/1C2RA/1C2RA_K32E_relaxed.pdb,0
S1925,1C9OA_R3E,WT,S1925/1C9OA/1C9OA_relaxed.pdb,0
S1925,1C9OA_R3E,Mut,S1925/1C9OA/1C9OA_R3E_relaxed.pdb,0
S1925,1C9OA_R3A,WT,S1925/1C9OA/1C9OA_relaxed.pdb,0
S1925,1C9OA_R3A,Mut,S1925/1C9OA/1C9OA_R3A_relaxed.pdb,0
S1925,1C9OA_L66E,WT,S1925/1C9OA/1C9OA_relaxed.pdb,0
S1925,1C9OA_L66E,Mut,S1925/1C9OA/1C9OA_L66E_relaxed.pdb,0
S1925,1C9OA_R3L,WT,S1925/1C9OA/1C9OA_relaxed.pdb,0
S1925,1C9OA_R3L,Mut,S1925/1C9OA/1C9OA_R3L_relaxed.pdb,0
S1925,1C9OA_G23Q,WT,S1925/1C9OA/1C9OA_relaxed.pdb,0
S1925,1C9OA_G23Q,Mut,S1925/1C9OA/1C9OA_G23Q_relaxed.pdb,0
S1925,1C9OA_V64T,WT,S1925/1C9OA/1C9OA_relaxed.pdb,0
S1925,1C9OA_V64T,Mut,S1925/1C9OA/1C9OA_V64T_relaxed.pdb,0
S1925,1C9OA_E46A,WT,S1925/1C9OA/1C9OA_relaxed.pdb,0
S1925,1C9OA_E46A,Mut,S1925/1C9OA/1C9OA_E46A_relaxed.pdb,0
S1925,1C9OA_R3K,WT,S1925/1C9OA/1C9OA_relaxed.pdb,0
S1925,1C9OA_R3K,Mut,S1925/1C9OA/1C9OA_R3K_relaxed.pdb,0
S1925,1C9OA_Q53E,WT,S1925/1C9OA/1C9OA_relaxed.pdb,0
S1925,1C9OA_Q53E,Mut,S1925/1C9OA/1C9OA_Q53E_relaxed.pdb,0
S1925,1C9OA_Y15F,WT,S1925/1C9OA/1C9OA_relaxed.pdb,0
S1925,1C9OA_Y15F,Mut,S1925/1C9OA/1C9OA_Y15F_relaxed.pdb,0
S1925,1C9OA_T31S,WT,S1925/1C9OA/1C9OA_relaxed.pdb,0
S1925,1C9OA_T31S,Mut,S1925/1C9OA/1C9OA_T31S_relaxed.pdb,0
S1925,1C9OA_S24D,WT,S1925/1C9OA/1C9OA_relaxed.pdb,0
S1925,1C9OA_S24D,Mut,S1925/1C9OA/1C9OA_S24D_relaxed.pdb,0
S1925,1C9OA_N11S,WT,S1925/1C9OA/1C9OA_relaxed.pdb,0
S1925,1C9OA_N11S,Mut,S1925/1C9OA/1C9OA_N11S_relaxed.pdb,0
S1925,1C9OA_Q2L,WT,S1925/1C9OA/1C9OA_relaxed.pdb,0
S1925,1C9OA_Q2L,Mut,S1925/1C9OA/1C9OA_Q2L_relaxed.pdb,0
S1925,1CHKA_W28F,WT,S1925/1CHKA/1CHKA_relaxed.pdb,0
S1925,1CHKA_W28F,Mut,S1925/1CHKA/1CHKA_W28F_relaxed.pdb,0
S1925,1CHKA_W101F,WT,S1925/1CHKA/1CHKA_relaxed.pdb,0
S1925,1CHKA_W101F,Mut,S1925/1CHKA/1CHKA_W101F_relaxed.pdb,0
S1925,1CHKA_W227F,WT,S1925/1CHKA/1CHKA_relaxed.pdb,0
S1925,1CHKA_W227F,Mut,S1925/1CHKA/1CHKA_W227F_relaxed.pdb,0
S1925,1CSPA_F15A,WT,S1925/1CSPA/1CSPA_relaxed.pdb,0
S1925,1CSPA_F15A,Mut,S1925/1CSPA/1CSPA_F15A_relaxed.pdb,0
S1925,1CSPA_F17A,WT,S1925/1CSPA/1CSPA_relaxed.pdb,0
S1925,1CSPA_F17A,Mut,S1925/1CSPA/1CSPA_F17A_relaxed.pdb,0
S1925,1CSPA_F27A,WT,S1925/1CSPA/1CSPA_relaxed.pdb,0
S1925,1CSPA_F27A,Mut,S1925/1CSPA/1CSPA_F27A_relaxed.pdb,0
S1925,1CSPA_F38A,WT,S1925/1CSPA/1CSPA_relaxed.pdb,0
S1925,1CSPA_F38A,Mut,S1925/1CSPA/1CSPA_F38A_relaxed.pdb,0
S1925,1CSPA_E3L,WT,S1925/1CSPA/1CSPA_relaxed.pdb,0
S1925,1CSPA_E3L,Mut,S1925/1CSPA/1CSPA_E3L_relaxed.pdb,0
S1925,1CSPA_E3R,WT,S1925/1CSPA/1CSPA_relaxed.pdb,0
S1925,1CSPA_E3R,Mut,S1925/1CSPA/1CSPA_E3R_relaxed.pdb,0
S1925,1CSPA_E66L,WT,S1925/1CSPA/1CSPA_relaxed.pdb,0
S1925,1CSPA_E66L,Mut,S1925/1CSPA/1CSPA_E66L_relaxed.pdb,0
S1925,1CYOA_F35H,WT,S1925/1CYOA/1CYOA_relaxed.pdb,0
S1925,1CYOA_F35H,Mut,S1925/1CYOA/1CYOA_F35H_relaxed.pdb,0
S1925,1CYOA_V45E,WT,S1925/1CYOA/1CYOA_relaxed.pdb,0
S1925,1CYOA_V45E,Mut,S1925/1CYOA/1CYOA_V45E_relaxed.pdb,0
S1925,1CYOA_V61K,WT,S1925/1CYOA/1CYOA_relaxed.pdb,0
S1925,1CYOA_V61K,Mut,S1925/1CYOA/1CYOA_V61K_relaxed.pdb,0
S1925,1CYOA_V45G,WT,S1925/1CYOA/1CYOA_relaxed.pdb,0
S1925,1CYOA_V45G,Mut,S1925/1CYOA/1CYOA_V45G_relaxed.pdb,0
S1925,1CYOA_F35L,WT,S1925/1CYOA/1CYOA_relaxed.pdb,0
S1925,1CYOA_F35L,Mut,S1925/1CYOA/1CYOA_F35L_relaxed.pdb,0
S1925,1CYOA_V45H,WT,S1925/1CYOA/1CYOA_relaxed.pdb,0
S1925,1CYOA_V45H,Mut,S1925/1CYOA/1CYOA_V45H_relaxed.pdb,0
S1925,1CYOA_V61H,WT,S1925/1CYOA/1CYOA_relaxed.pdb,0
S1925,1CYOA_V61H,Mut,S1925/1CYOA/1CYOA_V61H_relaxed.pdb,0
S1925,1CYOA_V45Y,WT,S1925/1CYOA/1CYOA_relaxed.pdb,0
S1925,1CYOA_V45Y,Mut,S1925/1CYOA/1CYOA_V45Y_relaxed.pdb,0
S1925,1CYOA_V61Y,WT,S1925/1CYOA/1CYOA_relaxed.pdb,0
S1925,1CYOA_V61Y,Mut,S1925/1CYOA/1CYOA_V61Y_relaxed.pdb,0
S1925,1CYOA_V61E,WT,S1925/1CYOA/1CYOA_relaxed.pdb,0
S1925,1CYOA_V61E,Mut,S1925/1CYOA/1CYOA_V61E_relaxed.pdb,0
S1925,1CYOA_V45T,WT,S1925/1CYOA/1CYOA_relaxed.pdb,0
S1925,1CYOA_V45T,Mut,S1925/1CYOA/1CYOA_V45T_relaxed.pdb,0
S1925,1CYOA_F35Y,WT,S1925/1CYOA/1CYOA_relaxed.pdb,0
S1925,1CYOA_F35Y,Mut,S1925/1CYOA/1CYOA_F35Y_relaxed.pdb,0
S1925,1EL1A_H21G,WT,S1925/1EL1A/1EL1A_relaxed.pdb,0
S1925,1EL1A_H21G,Mut,S1925/1EL1A/1EL1A_H21G_relaxed.pdb,0
S1925,1EL1A_V109K,WT,S1925/1EL1A/1EL1A_relaxed.pdb,0
S1925,1EL1A_V109K,Mut,S1925/1EL1A/1EL1A_V109K_relaxed.pdb,0
S1925,1EL1A_A93S,WT,S1925/1EL1A/1EL1A_relaxed.pdb,0
S1925,1EL1A_A93S,Mut,S1925/1EL1A/1EL1A_A93S_relaxed.pdb,0
S1925,1EL1A_I56L,WT,S1925/1EL1A/1EL1A_relaxed.pdb,0
S1925,1EL1A_I56L,Mut,S1925/1EL1A/1EL1A_I56L_relaxed.pdb,0
S1925,1EM7A_I6T,WT,S1925/1EM7A/1EM7A_relaxed.pdb,0
S1925,1EM7A_I6T,Mut,S1925/1EM7A/1EM7A_I6T_relaxed.pdb,0
S1925,1EM7A_I6N,WT,S1925/1EM7A/1EM7A_relaxed.pdb,0
S1925,1EM7A_I6N,Mut,S1925/1EM7A/1EM7A_I6N_relaxed.pdb,0
S1925,1EM7A_T53V,WT,S1925/1EM7A/1EM7A_relaxed.pdb,0
S1925,1EM7A_T53V,Mut,S1925/1EM7A/1EM7A_T53V_relaxed.pdb,0
S1925,1EM7A_T53I,WT,S1925/1EM7A/1EM7A_relaxed.pdb,0
S1925,1EM7A_T53I,Mut,S1925/1EM7A/1EM7A_T53I_relaxed.pdb,0
S1925,1EM7A_T53F,WT,S1925/1EM7A/1EM7A_relaxed.pdb,0
S1925,1EM7A_T53F,Mut,S1925/1EM7A/1EM7A_T53F_relaxed.pdb,0
S1925,1EM7A_T53Y,WT,S1925/1EM7A/1EM7A_relaxed.pdb,0
S1925,1EM7A_T53Y,Mut,S1925/1EM7A/1EM7A_T53Y_relaxed.pdb,0
S1925,1G6NA_S128A,WT,S1925/1G6NA/1G6NA_relaxed.pdb,0
S1925,1G6NA_S128A,Mut,S1925/1G6NA/1G6NA_S128A_relaxed.pdb,0
S1925,1G6NA_S128P,WT,S1925/1G6NA/1G6NA_relaxed.pdb,0
S1925,1G6NA_S128P,Mut,S1925/1G6NA/1G6NA_S128P_relaxed.pdb,0
S1925,1HFYA_A30T,WT,S1925/1HFYA/1HFYA_relaxed.pdb,0
S1925,1HFYA_A30T,Mut,S1925/1HFYA/1HFYA_A30T_relaxed.pdb,0
S1925,1HFYA_T29I,WT,S1925/1HFYA/1HFYA_relaxed.pdb,0
S1925,1HFYA_T29I,Mut,S1925/1HFYA/1HFYA_T29I_relaxed.pdb,0
S1925,1HFYA_T33I,WT,S1925/1HFYA/1HFYA_relaxed.pdb,0
S1925,1HFYA_T33I,Mut,S1925/1HFYA/1HFYA_T33I_relaxed.pdb,0
S1925,1HFYA_A30I,WT,S1925/1HFYA/1HFYA_relaxed.pdb,0
S1925,1HFYA_A30I,Mut,S1925/1HFYA/1HFYA_A30I_relaxed.pdb,0
S1925,1HUEA_A27S,WT,S1925/1HUEA/1HUEA_relaxed.pdb,0
S1925,1HUEA_A27S,Mut,S1925/1HUEA/1HUEA_A27S_relaxed.pdb,0
S1925,1HUEA_V42I,WT,S1925/1HUEA/1HUEA_relaxed.pdb,0
S1925,1HUEA_V42I,Mut,S1925/1HUEA/1HUEA_V42I_relaxed.pdb,0
S1925,1HUEA_A56S,WT,S1925/1HUEA/1HUEA_relaxed.pdb,0
S1925,1HUEA_A56S,Mut,S1925/1HUEA/1HUEA_A56S_relaxed.pdb,0
S1925,1HUEA_M69I,WT,S1925/1HUEA/1HUEA_relaxed.pdb,0
S1925,1HUEA_M69I,Mut,S1925/1HUEA/1HUEA_M69I_relaxed.pdb,0
S1925,1HUEA_S31T,WT,S1925/1HUEA/1HUEA_relaxed.pdb,0
S1925,1HUEA_S31T,Mut,S1925/1HUEA/1HUEA_S31T_relaxed.pdb,0
S1925,1IGVA_E26Q,WT,S1925/1IGVA/1IGVA_relaxed.pdb,0
S1925,1IGVA_E26Q,Mut,S1925/1IGVA/1IGVA_E26Q_relaxed.pdb,0
S1925,1IGVA_E17Q,WT,S1925/1IGVA/1IGVA_relaxed.pdb,0
S1925,1IGVA_E17Q,Mut,S1925/1IGVA/1IGVA_E17Q_relaxed.pdb,0
S1925,1IGVA_D19N,WT,S1925/1IGVA/1IGVA_relaxed.pdb,0
S1925,1IGVA_D19N,Mut,S1925/1IGVA/1IGVA_D19N_relaxed.pdb,0
S1925,1IOBA_T9G,WT,S1925/1IOBA/1IOBA_relaxed.pdb,0
S1925,1IOBA_T9G,Mut,S1925/1IOBA/1IOBA_T9G_relaxed.pdb,0
S1925,1IOBA_T9Q,WT,S1925/1IOBA/1IOBA_relaxed.pdb,0
S1925,1IOBA_T9Q,Mut,S1925/1IOBA/1IOBA_T9Q_relaxed.pdb,0
S1925,1IOBA_K97G,WT,S1925/1IOBA/1IOBA_relaxed.pdb,0
S1925,1IOBA_K97G,Mut,S1925/1IOBA/1IOBA_K97G_relaxed.pdb,0
S1925,1IOBA_T9A,WT,S1925/1IOBA/1IOBA_relaxed.pdb,0
S1925,1IOBA_T9A,Mut,S1925/1IOBA/1IOBA_T9A_relaxed.pdb,0
S1925,1IOBA_T9L,WT,S1925/1IOBA/1IOBA_relaxed.pdb,0
S1925,1IOBA_T9L,Mut,S1925/1IOBA/1IOBA_T9L_relaxed.pdb,0
S1925,1IOBA_K97R,WT,S1925/1IOBA/1IOBA_relaxed.pdb,0
S1925,1IOBA_K97R,Mut,S1925/1IOBA/1IOBA_K97R_relaxed.pdb,0
S1925,1IOBA_K97V,WT,S1925/1IOBA/1IOBA_relaxed.pdb,0
S1925,1IOBA_K97V,Mut,S1925/1IOBA/1IOBA_K97V_relaxed.pdb,0
S1925,1LZ1A_C77A,WT,S1925/1LZ1A/1LZ1A_relaxed.pdb,0
S1925,1LZ1A_C77A,Mut,S1925/1LZ1A/1LZ1A_C77A_relaxed.pdb,0
S1925,1LZ1A_I56F,WT,S1925/1LZ1A/1LZ1A_relaxed.pdb,0
S1925,1LZ1A_I56F,Mut,S1925/1LZ1A/1LZ1A_I56F_relaxed.pdb,0
S1925,1LZ1A_I59G,WT,S1925/1LZ1A/1LZ1A_relaxed.pdb,0
S1925,1LZ1A_I59G,Mut,S1925/1LZ1A/1LZ1A_I59G_relaxed.pdb,0
S1925,1LZ1A_I59Y,WT,S1925/1LZ1A/1LZ1A_relaxed.pdb,0
S1925,1LZ1A_I59Y,Mut,S1925/1LZ1A/1LZ1A_I59Y_relaxed.pdb,0
S1925,1LZ1A_L8T,WT,S1925/1LZ1A/1LZ1A_relaxed.pdb,0
S1925,1LZ1A_L8T,Mut,S1925/1LZ1A/1LZ1A_L8T_relaxed.pdb,0
S1925,1LZ1A_I56A,WT,S1925/1LZ1A/1LZ1A_relaxed.pdb,0
S1925,1LZ1A_I56A,Mut,S1925/1LZ1A/1LZ1A_I56A_relaxed.pdb,0
S1925,1LZ1A_I56T,WT,S1925/1LZ1A/1LZ1A_relaxed.pdb,0
S1925,1LZ1A_I56T,Mut,S1925/1LZ1A/1LZ1A_I56T_relaxed.pdb,0
S1925,1LZ1A_I59S,WT,S1925/1LZ1A/1LZ1A_relaxed.pdb,0
S1925,1LZ1A_I59S,Mut,S1925/1LZ1A/1LZ1A_I59S_relaxed.pdb,0
S1925,1LZ1A_I89A,WT,S1925/1LZ1A/1LZ1A_relaxed.pdb,0
S1925,1LZ1A_I89A,Mut,S1925/1LZ1A/1LZ1A_I89A_relaxed.pdb,0
S1925,1LZ1A_I23A,WT,S1925/1LZ1A/1LZ1A_relaxed.pdb,0
S1925,1LZ1A_I23A,Mut,S1925/1LZ1A/1LZ1A_I23A_relaxed.pdb,0
S1925,1LZ1A_Y38A,WT,S1925/1LZ1A/1LZ1A_relaxed.pdb,0
S1925,1LZ1A_Y38A,Mut,S1925/1LZ1A/1LZ1A_Y38A_relaxed.pdb,0
S1925,1LZ1A_Y38G,WT,S1925/1LZ1A/1LZ1A_relaxed.pdb,0
S1925,1LZ1A_Y38G,Mut,S1925/1LZ1A/1LZ1A_Y38G_relaxed.pdb,0
S1925,1LZ1A_V2G,WT,S1925/1LZ1A/1LZ1A_relaxed.pdb,0
S1925,1LZ1A_V2G,Mut,S1925/1LZ1A/1LZ1A_V2G_relaxed.pdb,0
S1925,1LZ1A_D67N,WT,S1925/1LZ1A/1LZ1A_relaxed.pdb,0
S1925,1LZ1A_D67N,Mut,S1925/1LZ1A/1LZ1A_D67N_relaxed.pdb,0
S1925,1LZ1A_I59T,WT,S1925/1LZ1A/1LZ1A_relaxed.pdb,0
S1925,1LZ1A_I59T,Mut,S1925/1LZ1A/1LZ1A_I59T_relaxed.pdb,0
S1925,1LZ1A_I56M,WT,S1925/1LZ1A/1LZ1A_relaxed.pdb,0
S1925,1LZ1A_I56M,Mut,S1925/1LZ1A/1LZ1A_I56M_relaxed.pdb,0
S1925,1LZ1A_V121A,WT,S1925/1LZ1A/1LZ1A_relaxed.pdb,0
S1925,1LZ1A_V121A,Mut,S1925/1LZ1A/1LZ1A_V121A_relaxed.pdb,0
S1925,1LZ1A_I59A,WT,S1925/1LZ1A/1LZ1A_relaxed.pdb,0
S1925,1LZ1A_I59A,Mut,S1925/1LZ1A/1LZ1A_I59A_relaxed.pdb,0
S1925,1LZ1A_D18N,WT,S1925/1LZ1A/1LZ1A_relaxed.pdb,0
S1925,1LZ1A_D18N,Mut,S1925/1LZ1A/1LZ1A_D18N_relaxed.pdb,0
S1925,1LZ1A_V100F,WT,S1925/1LZ1A/1LZ1A_relaxed.pdb,0
S1925,1LZ1A_V100F,Mut,S1925/1LZ1A/1LZ1A_V100F_relaxed.pdb,0
S1925,1LZ1A_P71G,WT,S1925/1LZ1A/1LZ1A_relaxed.pdb,0
S1925,1LZ1A_P71G,Mut,S1925/1LZ1A/1LZ1A_P71G_relaxed.pdb,0
S1925,1LZ1A_V125A,WT,S1925/1LZ1A/1LZ1A_relaxed.pdb,0
S1925,1LZ1A_V125A,Mut,S1925/1LZ1A/1LZ1A_V125A_relaxed.pdb,0
S1925,1LZ1A_V2A,WT,S1925/1LZ1A/1LZ1A_relaxed.pdb,0
S1925,1LZ1A_V2A,Mut,S1925/1LZ1A/1LZ1A_V2A_relaxed.pdb,0
S1925,1LZ1A_E7Q,WT,S1925/1LZ1A/1LZ1A_relaxed.pdb,0
S1925,1LZ1A_E7Q,Mut,S1925/1LZ1A/1LZ1A_E7Q_relaxed.pdb,0
S1925,1LZ1A_V2D,WT,S1925/1LZ1A/1LZ1A_relaxed.pdb,0
S1925,1LZ1A_V2D,Mut,S1925/1LZ1A/1LZ1A_V2D_relaxed.pdb,0
S1925,1LZ1A_V2S,WT,S1925/1LZ1A/1LZ1A_relaxed.pdb,0
S1925,1LZ1A_V2S,Mut,S1925/1LZ1A/1LZ1A_V2S_relaxed.pdb,0
S1925,1LZ1A_V2N,WT,S1925/1LZ1A/1LZ1A_relaxed.pdb,0
S1925,1LZ1A_V2N,Mut,S1925/1LZ1A/1LZ1A_V2N_relaxed.pdb,0
S1925,1LZ1A_I56V,WT,S1925/1LZ1A/1LZ1A_relaxed.pdb,0
S1925,1LZ1A_I56V,Mut,S1925/1LZ1A/1LZ1A_I56V_relaxed.pdb,0
S1925,1LZ1A_I59M,WT,S1925/1LZ1A/1LZ1A_relaxed.pdb,0
S1925,1LZ1A_I59M,Mut,S1925/1LZ1A/1LZ1A_I59M_relaxed.pdb,0
S1925,1LZ1A_V130A,WT,S1925/1LZ1A/1LZ1A_relaxed.pdb,0
S1925,1LZ1A_V130A,Mut,S1925/1LZ1A/1LZ1A_V130A_relaxed.pdb,0
S1925,1LZ1A_I59V,WT,S1925/1LZ1A/1LZ1A_relaxed.pdb,0
S1925,1LZ1A_I59V,Mut,S1925/1LZ1A/1LZ1A_I59V_relaxed.pdb,0
S1925,1LZ1A_A96S,WT,S1925/1LZ1A/1LZ1A_relaxed.pdb,0
S1925,1LZ1A_A96S,Mut,S1925/1LZ1A/1LZ1A_A96S_relaxed.pdb,0
S1925,1LZ1A_D49N,WT,S1925/1LZ1A/1LZ1A_relaxed.pdb,0
S1925,1LZ1A_D49N,Mut,S1925/1LZ1A/1LZ1A_D49N_relaxed.pdb,0
S1925,1LZ1A_V93A,WT,S1925/1LZ1A/1LZ1A_relaxed.pdb,0
S1925,1LZ1A_V93A,Mut,S1925/1LZ1A/1LZ1A_V93A_relaxed.pdb,0
S1925,1LZ1A_V99A,WT,S1925/1LZ1A/1LZ1A_relaxed.pdb,0
S1925,1LZ1A_V99A,Mut,S1925/1LZ1A/1LZ1A_V99A_relaxed.pdb,0
S1925,1LZ1A_I106V,WT,S1925/1LZ1A/1LZ1A_relaxed.pdb,0
S1925,1LZ1A_I106V,Mut,S1925/1LZ1A/1LZ1A_I106V_relaxed.pdb,0
S1925,1LZ1A_Y54F,WT,S1925/1LZ1A/1LZ1A_relaxed.pdb,0
S1925,1LZ1A_Y54F,Mut,S1925/1LZ1A/1LZ1A_Y54F_relaxed.pdb,0
S1925,1LZ1A_I106A,WT,S1925/1LZ1A/1LZ1A_relaxed.pdb,0
S1925,1LZ1A_I106A,Mut,S1925/1LZ1A/1LZ1A_I106A_relaxed.pdb,0
S1925,1LZ1A_V2F,WT,S1925/1LZ1A/1LZ1A_relaxed.pdb,0
S1925,1LZ1A_V2F,Mut,S1925/1LZ1A/1LZ1A_V2F_relaxed.pdb,0
S1925,1LZ1A_I59F,WT,S1925/1LZ1A/1LZ1A_relaxed.pdb,0
S1925,1LZ1A_I59F,Mut,S1925/1LZ1A/1LZ1A_I59F_relaxed.pdb,0
S1925,1LZ1A_V93T,WT,S1925/1LZ1A/1LZ1A_relaxed.pdb,0
S1925,1LZ1A_V93T,Mut,S1925/1LZ1A/1LZ1A_V93T_relaxed.pdb,0
S1925,1LZ1A_D102N,WT,S1925/1LZ1A/1LZ1A_relaxed.pdb,0
S1925,1LZ1A_D102N,Mut,S1925/1LZ1A/1LZ1A_D102N_relaxed.pdb,0
S1925,1LZ1A_D120N,WT,S1925/1LZ1A/1LZ1A_relaxed.pdb,0
S1925,1LZ1A_D120N,Mut,S1925/1LZ1A/1LZ1A_D120N_relaxed.pdb,0
S1925,1LZ1A_K1A,WT,S1925/1LZ1A/1LZ1A_relaxed.pdb,0
S1925,1LZ1A_K1A,Mut,S1925/1LZ1A/1LZ1A_K1A_relaxed.pdb,0
S1925,1LZ1A_V100A,WT,S1925/1LZ1A/1LZ1A_relaxed.pdb,0
S1925,1LZ1A_V100A,Mut,S1925/1LZ1A/1LZ1A_V100A_relaxed.pdb,0
S1925,1LZ1A_E35L,WT,S1925/1LZ1A/1LZ1A_relaxed.pdb,0
S1925,1LZ1A_E35L,Mut,S1925/1LZ1A/1LZ1A_E35L_relaxed.pdb,0
S1925,1LZ1A_V99T,WT,S1925/1LZ1A/1LZ1A_relaxed.pdb,0
S1925,1LZ1A_V99T,Mut,S1925/1LZ1A/1LZ1A_V99T_relaxed.pdb,0
S1925,1LZ1A_Y20F,WT,S1925/1LZ1A/1LZ1A_relaxed.pdb,0
S1925,1LZ1A_Y20F,Mut,S1925/1LZ1A/1LZ1A_Y20F_relaxed.pdb,0
S1925,1LZ1A_I89V,WT,S1925/1LZ1A/1LZ1A_relaxed.pdb,0
S1925,1LZ1A_I89V,Mut,S1925/1LZ1A/1LZ1A_I89V_relaxed.pdb,0
S1925,1LZ1A_V74A,WT,S1925/1LZ1A/1LZ1A_relaxed.pdb,0
S1925,1LZ1A_V74A,Mut,S1925/1LZ1A/1LZ1A_V74A_relaxed.pdb,0
S1925,1LZ1A_V74D,WT,S1925/1LZ1A/1LZ1A_relaxed.pdb,0
S1925,1LZ1A_V74D,Mut,S1925/1LZ1A/1LZ1A_V74D_relaxed.pdb,0
S1925,1LZ1A_I23V,WT,S1925/1LZ1A/1LZ1A_relaxed.pdb,0
S1925,1LZ1A_I23V,Mut,S1925/1LZ1A/1LZ1A_I23V_relaxed.pdb,0
S1925,1LZ1A_D91P,WT,S1925/1LZ1A/1LZ1A_relaxed.pdb,0
S1925,1LZ1A_D91P,Mut,S1925/1LZ1A/1LZ1A_D91P_relaxed.pdb,0
S1925,1LZ1A_V2R,WT,S1925/1LZ1A/1LZ1A_relaxed.pdb,0
S1925,1LZ1A_V2R,Mut,S1925/1LZ1A/1LZ1A_V2R_relaxed.pdb,0
S1925,1LZ1A_V74S,WT,S1925/1LZ1A/1LZ1A_relaxed.pdb,0
S1925,1LZ1A_V74S,Mut,S1925/1LZ1A/1LZ1A_V74S_relaxed.pdb,0
S1925,1LZ1A_V2Y,WT,S1925/1LZ1A/1LZ1A_relaxed.pdb,0
S1925,1LZ1A_V2Y,Mut,S1925/1LZ1A/1LZ1A_V2Y_relaxed.pdb,0
S1925,1LZ1A_Y124F,WT,S1925/1LZ1A/1LZ1A_relaxed.pdb,0
S1925,1LZ1A_Y124F,Mut,S1925/1LZ1A/1LZ1A_Y124F_relaxed.pdb,0
S1925,1LZ1A_A32S,WT,S1925/1LZ1A/1LZ1A_relaxed.pdb,0
S1925,1LZ1A_A32S,Mut,S1925/1LZ1A/1LZ1A_A32S_relaxed.pdb,0
S1925,1LZ1A_V74N,WT,S1925/1LZ1A/1LZ1A_relaxed.pdb,0
S1925,1LZ1A_V74N,Mut,S1925/1LZ1A/1LZ1A_V74N_relaxed.pdb,0
S1925,1LZ1A_V2M,WT,S1925/1LZ1A/1LZ1A_relaxed.pdb,0
S1925,1LZ1A_V2M,Mut,S1925/1LZ1A/1LZ1A_V2M_relaxed.pdb,0
S1925,1LZ1A_G37A,WT,S1925/1LZ1A/1LZ1A_relaxed.pdb,0
S1925,1LZ1A_G37A,Mut,S1925/1LZ1A/1LZ1A_G37A_relaxed.pdb,0
S1925,1LZ1A_V74F,WT,S1925/1LZ1A/1LZ1A_relaxed.pdb,0
S1925,1LZ1A_V74F,Mut,S1925/1LZ1A/1LZ1A_V74F_relaxed.pdb,0
S1925,1LZ1A_V100T,WT,S1925/1LZ1A/1LZ1A_relaxed.pdb,0
S1925,1LZ1A_V100T,Mut,S1925/1LZ1A/1LZ1A_V100T_relaxed.pdb,0
S1925,1LZ1A_G37Q,WT,S1925/1LZ1A/1LZ1A_relaxed.pdb,0
S1925,1LZ1A_G37Q,Mut,S1925/1LZ1A/1LZ1A_G37Q_relaxed.pdb,0
S1925,1LZ1A_V74Y,WT,S1925/1LZ1A/1LZ1A_relaxed.pdb,0
S1925,1LZ1A_V74Y,Mut,S1925/1LZ1A/1LZ1A_V74Y_relaxed.pdb,0
S1925,1LZ1A_Y63F,WT,S1925/1LZ1A/1LZ1A_relaxed.pdb,0
S1925,1LZ1A_Y63F,Mut,S1925/1LZ1A/1LZ1A_Y63F_relaxed.pdb,0
S1925,1LZ1A_V74G,WT,S1925/1LZ1A/1LZ1A_relaxed.pdb,0
S1925,1LZ1A_V74G,Mut,S1925/1LZ1A/1LZ1A_V74G_relaxed.pdb,0
S1925,1LZ1A_Y38F,WT,S1925/1LZ1A/1LZ1A_relaxed.pdb,0
S1925,1LZ1A_Y38F,Mut,S1925/1LZ1A/1LZ1A_Y38F_relaxed.pdb,0
S1925,1LZ1A_H78A,WT,S1925/1LZ1A/1LZ1A_relaxed.pdb,0
S1925,1LZ1A_H78A,Mut,S1925/1LZ1A/1LZ1A_H78A_relaxed.pdb,0
S1925,1LZ1A_V110Y,WT,S1925/1LZ1A/1LZ1A_relaxed.pdb,0
S1925,1LZ1A_V110Y,Mut,S1925/1LZ1A/1LZ1A_V110Y_relaxed.pdb,0
S1925,1LZ1A_K1M,WT,S1925/1LZ1A/1LZ1A_relaxed.pdb,0
S1925,1LZ1A_K1M,Mut,S1925/1LZ1A/1LZ1A_K1M_relaxed.pdb,0
S1925,1LZ1A_H78G,WT,S1925/1LZ1A/1LZ1A_relaxed.pdb,0
S1925,1LZ1A_H78G,Mut,S1925/1LZ1A/1LZ1A_H78G_relaxed.pdb,0
S1925,1LZ1A_A32L,WT,S1925/1LZ1A/1LZ1A_relaxed.pdb,0
S1925,1LZ1A_A32L,Mut,S1925/1LZ1A/1LZ1A_A32L_relaxed.pdb,0
S1925,1LZ1A_I56L,WT,S1925/1LZ1A/1LZ1A_relaxed.pdb,0
S1925,1LZ1A_I56L,Mut,S1925/1LZ1A/1LZ1A_I56L_relaxed.pdb,0
S1925,1LZ1A_V74R,WT,S1925/1LZ1A/1LZ1A_relaxed.pdb,0
S1925,1LZ1A_V74R,Mut,S1925/1LZ1A/1LZ1A_V74R_relaxed.pdb,0
S1925,1LZ1A_V2L,WT,S1925/1LZ1A/1LZ1A_relaxed.pdb,0
S1925,1LZ1A_V2L,Mut,S1925/1LZ1A/1LZ1A_V2L_relaxed.pdb,0
S1925,1LZ1A_V110F,WT,S1925/1LZ1A/1LZ1A_relaxed.pdb,0
S1925,1LZ1A_V110F,Mut,S1925/1LZ1A/1LZ1A_V110F_relaxed.pdb,0
S1925,1LZ1A_A9S,WT,S1925/1LZ1A/1LZ1A_relaxed.pdb,0
S1925,1LZ1A_A9S,Mut,S1925/1LZ1A/1LZ1A_A9S_relaxed.pdb,0
S1925,1LZ1A_I59L,WT,S1925/1LZ1A/1LZ1A_relaxed.pdb,0
S1925,1LZ1A_I59L,Mut,S1925/1LZ1A/1LZ1A_I59L_relaxed.pdb,0
S1925,1LZ1A_A96M,WT,S1925/1LZ1A/1LZ1A_relaxed.pdb,0
S1925,1LZ1A_A96M,Mut,S1925/1LZ1A/1LZ1A_A96M_relaxed.pdb,0
S1925,1LZ1A_N118G,WT,S1925/1LZ1A/1LZ1A_relaxed.pdb,0
S1925,1LZ1A_N118G,Mut,S1925/1LZ1A/1LZ1A_N118G_relaxed.pdb,0
S1925,1LZ1A_Y45F,WT,S1925/1LZ1A/1LZ1A_relaxed.pdb,0
S1925,1LZ1A_Y45F,Mut,S1925/1LZ1A/1LZ1A_Y45F_relaxed.pdb,0
S1925,1LZ1A_V110A,WT,S1925/1LZ1A/1LZ1A_relaxed.pdb,0
S1925,1LZ1A_V110A,Mut,S1925/1LZ1A/1LZ1A_V110A_relaxed.pdb,0
S1925,1LZ1A_V110L,WT,S1925/1LZ1A/1LZ1A_relaxed.pdb,0
S1925,1LZ1A_V110L,Mut,S1925/1LZ1A/1LZ1A_V110L_relaxed.pdb,0
S1925,1LZ1A_V110N,WT,S1925/1LZ1A/1LZ1A_relaxed.pdb,0
S1925,1LZ1A_V110N,Mut,S1925/1LZ1A/1LZ1A_V110N_relaxed.pdb,0
S1925,1LZ1A_A47P,WT,S1925/1LZ1A/1LZ1A_relaxed.pdb,0
S1925,1LZ1A_A47P,Mut,S1925/1LZ1A/1LZ1A_A47P_relaxed.pdb,0
S1925,1LZ1A_V110D,WT,S1925/1LZ1A/1LZ1A_relaxed.pdb,0
S1925,1LZ1A_V110D,Mut,S1925/1LZ1A/1LZ1A_V110D_relaxed.pdb,0
S1925,1LZ1A_V74L,WT,S1925/1LZ1A/1LZ1A_relaxed.pdb,0
S1925,1LZ1A_V74L,Mut,S1925/1LZ1A/1LZ1A_V74L_relaxed.pdb,0
S1925,1LZ1A_N118A,WT,S1925/1LZ1A/1LZ1A_relaxed.pdb,0
S1925,1LZ1A_N118A,Mut,S1925/1LZ1A/1LZ1A_N118A_relaxed.pdb,0
S1925,1LZ1A_R50G,WT,S1925/1LZ1A/1LZ1A_relaxed.pdb,0
S1925,1LZ1A_R50G,Mut,S1925/1LZ1A/1LZ1A_R50G_relaxed.pdb,0
S1925,1LZ1A_R50A,WT,S1925/1LZ1A/1LZ1A_relaxed.pdb,0
S1925,1LZ1A_R50A,Mut,S1925/1LZ1A/1LZ1A_R50A_relaxed.pdb,0
S1925,1LZ1A_V74I,WT,S1925/1LZ1A/1LZ1A_relaxed.pdb,0
S1925,1LZ1A_V74I,Mut,S1925/1LZ1A/1LZ1A_V74I_relaxed.pdb,0
S1925,1LZ1A_V110G,WT,S1925/1LZ1A/1LZ1A_relaxed.pdb,0
S1925,1LZ1A_V110G,Mut,S1925/1LZ1A/1LZ1A_V110G_relaxed.pdb,0
S1925,1LZ1A_V110P,WT,S1925/1LZ1A/1LZ1A_relaxed.pdb,0
S1925,1LZ1A_V110P,Mut,S1925/1LZ1A/1LZ1A_V110P_relaxed.pdb,0
S1925,1LZ1A_V110M,WT,S1925/1LZ1A/1LZ1A_relaxed.pdb,0
S1925,1LZ1A_V110M,Mut,S1925/1LZ1A/1LZ1A_V110M_relaxed.pdb,0
S1925,1LZ1A_V74M,WT,S1925/1LZ1A/1LZ1A_relaxed.pdb,0
S1925,1LZ1A_V74M,Mut,S1925/1LZ1A/1LZ1A_V74M_relaxed.pdb,0
S1925,1LZ1A_A92S,WT,S1925/1LZ1A/1LZ1A_relaxed.pdb,0
S1925,1LZ1A_A92S,Mut,S1925/1LZ1A/1LZ1A_A92S_relaxed.pdb,0
S1925,1LZ1A_V110I,WT,S1925/1LZ1A/1LZ1A_relaxed.pdb,0
S1925,1LZ1A_V110I,Mut,S1925/1LZ1A/1LZ1A_V110I_relaxed.pdb,0
S1925,1LZ1A_V110R,WT,S1925/1LZ1A/1LZ1A_relaxed.pdb,0
S1925,1LZ1A_V110R,Mut,S1925/1LZ1A/1LZ1A_V110R_relaxed.pdb,0
S1925,1LZ1A_Q58A,WT,S1925/1LZ1A/1LZ1A_relaxed.pdb,0
S1925,1LZ1A_Q58A,Mut,S1925/1LZ1A/1LZ1A_Q58A_relaxed.pdb,0
S1925,1LZ1A_V2I,WT,S1925/1LZ1A/1LZ1A_relaxed.pdb,0
S1925,1LZ1A_V2I,Mut,S1925/1LZ1A/1LZ1A_V2I_relaxed.pdb,0
S1925,1LZ1A_R21G,WT,S1925/1LZ1A/1LZ1A_relaxed.pdb,0
S1925,1LZ1A_R21G,Mut,S1925/1LZ1A/1LZ1A_R21G_relaxed.pdb,0
S1925,1LZ1A_R21A,WT,S1925/1LZ1A/1LZ1A_relaxed.pdb,0
S1925,1LZ1A_R21A,Mut,S1925/1LZ1A/1LZ1A_R21A_relaxed.pdb,0
S1925,1LZ1A_Q58G,WT,S1925/1LZ1A/1LZ1A_relaxed.pdb,0
S1925,1LZ1A_Q58G,Mut,S1925/1LZ1A/1LZ1A_Q58G_relaxed.pdb,0
S1925,1MBGA_V103A,WT,S1925/1MBGA/1MBGA_relaxed.pdb,0
S1925,1MBGA_V103A,Mut,S1925/1MBGA/1MBGA_V103A_relaxed.pdb,0
S1925,1MBGA_V103I,WT,S1925/1MBGA/1MBGA_relaxed.pdb,0
S1925,1MBGA_V103I,Mut,S1925/1MBGA/1MBGA_V103I_relaxed.pdb,0
S1925,1MBGA_V103L,WT,S1925/1MBGA/1MBGA_relaxed.pdb,0
S1925,1MBGA_V103L,Mut,S1925/1MBGA/1MBGA_V103L_relaxed.pdb,0
S1925,1N0JA_I58T,WT,S1925/1N0JA/1N0JA_relaxed.pdb,0
S1925,1N0JA_I58T,Mut,S1925/1N0JA/1N0JA_I58T_relaxed.pdb,0
S1925,1ONCA_M23L,WT,S1925/1ONCA/1ONCA_relaxed.pdb,0
S1925,1ONCA_M23L,Mut,S1925/1ONCA/1ONCA_M23L_relaxed.pdb,0
S1925,1OTRB_V5N,WT,S1925/1OTRB/1OTRB_relaxed.pdb,0
S1925,1OTRB_V5N,Mut,S1925/1OTRB/1OTRB_V5N_relaxed.pdb,0
S1925,1OTRB_V17N,WT,S1925/1OTRB/1OTRB_relaxed.pdb,0
S1925,1OTRB_V17N,Mut,S1925/1OTRB/1OTRB_V17N_relaxed.pdb,0
S1925,1OTRB_E34H,WT,S1925/1OTRB/1OTRB_relaxed.pdb,0
S1925,1OTRB_E34H,Mut,S1925/1OTRB/1OTRB_E34H_relaxed.pdb,0
S1925,1OTRB_V5T,WT,S1925/1OTRB/1OTRB_relaxed.pdb,0
S1925,1OTRB_V5T,Mut,S1925/1OTRB/1OTRB_V5T_relaxed.pdb,0
S1925,1OTRB_L67N,WT,S1925/1OTRB/1OTRB_relaxed.pdb,0
S1925,1OTRB_L67N,Mut,S1925/1OTRB/1OTRB_L67N_relaxed.pdb,0
S1925,1OTRB_L67S,WT,S1925/1OTRB/1OTRB_relaxed.pdb,0
S1925,1OTRB_L67S,Mut,S1925/1OTRB/1OTRB_L67S_relaxed.pdb,0
S1925,1OTRB_V5A,WT,S1925/1OTRB/1OTRB_relaxed.pdb,0
S1925,1OTRB_V5A,Mut,S1925/1OTRB/1OTRB_V5A_relaxed.pdb,0
S1925,1OTRB_L67T,WT,S1925/1OTRB/1OTRB_relaxed.pdb,0
S1925,1OTRB_L67T,Mut,S1925/1OTRB/1OTRB_L67T_relaxed.pdb,0
S1925,1OTRB_L67A,WT,S1925/1OTRB/1OTRB_relaxed.pdb,0
S1925,1OTRB_L67A,Mut,S1925/1OTRB/1OTRB_L67A_relaxed.pdb,0
S1925,1OTRB_Q41N,WT,S1925/1OTRB/1OTRB_relaxed.pdb,0
S1925,1OTRB_Q41N,Mut,S1925/1OTRB/1OTRB_Q41N_relaxed.pdb,0
S1925,1OTRB_E34K,WT,S1925/1OTRB/1OTRB_relaxed.pdb,0
S1925,1OTRB_E34K,Mut,S1925/1OTRB/1OTRB_E34K_relaxed.pdb,0
S1925,1OTRB_E34P,WT,S1925/1OTRB/1OTRB_relaxed.pdb,0
S1925,1OTRB_E34P,Mut,S1925/1OTRB/1OTRB_E34P_relaxed.pdb,0
S1925,1OTRB_I30L,WT,S1925/1OTRB/1OTRB_relaxed.pdb,0
S1925,1OTRB_I30L,Mut,S1925/1OTRB/1OTRB_I30L_relaxed.pdb,0
S1925,1OTRB_V17T,WT,S1925/1OTRB/1OTRB_relaxed.pdb,0
S1925,1OTRB_V17T,Mut,S1925/1OTRB/1OTRB_V17T_relaxed.pdb,0
S1925,1OTRB_V17A,WT,S1925/1OTRB/1OTRB_relaxed.pdb,0
S1925,1OTRB_V17A,Mut,S1925/1OTRB/1OTRB_V17A_relaxed.pdb,0
S1925,1OTRB_E34Q,WT,S1925/1OTRB/1OTRB_relaxed.pdb,0
S1925,1OTRB_E34Q,Mut,S1925/1OTRB/1OTRB_E34Q_relaxed.pdb,0
S1925,1OTRB_I36L,WT,S1925/1OTRB/1OTRB_relaxed.pdb,0
S1925,1OTRB_I36L,Mut,S1925/1OTRB/1OTRB_I36L_relaxed.pdb,0
S1925,1OTRB_Q41S,WT,S1925/1OTRB/1OTRB_relaxed.pdb,0
S1925,1OTRB_Q41S,Mut,S1925/1OTRB/1OTRB_Q41S_relaxed.pdb,0
S1925,1OTRB_I36F,WT,S1925/1OTRB/1OTRB_relaxed.pdb,0
S1925,1OTRB_I36F,Mut,S1925/1OTRB/1OTRB_I36F_relaxed.pdb,0
S1925,1OTRB_I36V,WT,S1925/1OTRB/1OTRB_relaxed.pdb,0
S1925,1OTRB_I36V,Mut,S1925/1OTRB/1OTRB_I36V_relaxed.pdb,0
S1925,1OTRB_Q41T,WT,S1925/1OTRB/1OTRB_relaxed.pdb,0
S1925,1OTRB_Q41T,Mut,S1925/1OTRB/1OTRB_Q41T_relaxed.pdb,0
S1925,1OTRB_Q41L,WT,S1925/1OTRB/1OTRB_relaxed.pdb,0
S1925,1OTRB_Q41L,Mut,S1925/1OTRB/1OTRB_Q41L_relaxed.pdb,0
S1925,1OTRB_Q41V,WT,S1925/1OTRB/1OTRB_relaxed.pdb,0
S1925,1OTRB_Q41V,Mut,S1925/1OTRB/1OTRB_Q41V_relaxed.pdb,0
S1925,1OTRB_E34S,WT,S1925/1OTRB/1OTRB_relaxed.pdb,0
S1925,1OTRB_E34S,Mut,S1925/1OTRB/1OTRB_E34S_relaxed.pdb,0
S1925,1OTRB_E34C,WT,S1925/1OTRB/1OTRB_relaxed.pdb,0
S1925,1OTRB_E34C,Mut,S1925/1OTRB/1OTRB_E34C_relaxed.pdb,0
S1925,1OTRB_E34W,WT,S1925/1OTRB/1OTRB_relaxed.pdb,0
S1925,1OTRB_E34W,Mut,S1925/1OTRB/1OTRB_E34W_relaxed.pdb,0
S1925,1OTRB_E34L,WT,S1925/1OTRB/1OTRB_relaxed.pdb,0
S1925,1OTRB_E34L,Mut,S1925/1OTRB/1OTRB_E34L_relaxed.pdb,0
S1925,1OTRB_E34G,WT,S1925/1OTRB/1OTRB_relaxed.pdb,0
S1925,1OTRB_E34G,Mut,S1925/1OTRB/1OTRB_E34G_relaxed.pdb,0
S1925,1OTRB_E34T,WT,S1925/1OTRB/1OTRB_relaxed.pdb,0
S1925,1OTRB_E34T,Mut,S1925/1OTRB/1OTRB_E34T_relaxed.pdb,0
S1925,1OTRB_E34I,WT,S1925/1OTRB/1OTRB_relaxed.pdb,0
S1925,1OTRB_E34I,Mut,S1925/1OTRB/1OTRB_E34I_relaxed.pdb,0
S1925,1PGAA_D46A,WT,S1925/1PGAA/1PGAA_relaxed.pdb,0
S1925,1PGAA_D46A,Mut,S1925/1PGAA/1PGAA_D46A_relaxed.pdb,0
S1925,1PGAA_T53G,WT,S1925/1PGAA/1PGAA_relaxed.pdb,0
S1925,1PGAA_T53G,Mut,S1925/1PGAA/1PGAA_T53G_relaxed.pdb,0
S1925,1PGAA_T49A,WT,S1925/1PGAA/1PGAA_relaxed.pdb,0
S1925,1PGAA_T49A,Mut,S1925/1PGAA/1PGAA_T49A_relaxed.pdb,0
S1925,1PGAA_T53D,WT,S1925/1PGAA/1PGAA_relaxed.pdb,0
S1925,1PGAA_T53D,Mut,S1925/1PGAA/1PGAA_T53D_relaxed.pdb,0
S1925,1PGAA_K50A,WT,S1925/1PGAA/1PGAA_relaxed.pdb,0
S1925,1PGAA_K50A,Mut,S1925/1PGAA/1PGAA_K50A_relaxed.pdb,0
S1925,1PGAA_V54A,WT,S1925/1PGAA/1PGAA_relaxed.pdb,0
S1925,1PGAA_V54A,Mut,S1925/1PGAA/1PGAA_V54A_relaxed.pdb,0
S1925,1PGAA_T53E,WT,S1925/1PGAA/1PGAA_relaxed.pdb,0
S1925,1PGAA_T53E,Mut,S1925/1PGAA/1PGAA_T53E_relaxed.pdb,0
S1925,1PGAA_T53K,WT,S1925/1PGAA/1PGAA_relaxed.pdb,0
S1925,1PGAA_T53K,Mut,S1925/1PGAA/1PGAA_T53K_relaxed.pdb,0
S1925,1PGAA_D47A,WT,S1925/1PGAA/1PGAA_relaxed.pdb,0
S1925,1PGAA_D47A,Mut,S1925/1PGAA/1PGAA_D47A_relaxed.pdb,0
S1925,1PGAA_T53H,WT,S1925/1PGAA/1PGAA_relaxed.pdb,0
S1925,1PGAA_T53H,Mut,S1925/1PGAA/1PGAA_T53H_relaxed.pdb,0
S1925,1PGAA_T53Q,WT,S1925/1PGAA/1PGAA_relaxed.pdb,0
S1925,1PGAA_T53Q,Mut,S1925/1PGAA/1PGAA_T53Q_relaxed.pdb,0
S1925,1PGAA_T53R,WT,S1925/1PGAA/1PGAA_relaxed.pdb,0
S1925,1PGAA_T53R,Mut,S1925/1PGAA/1PGAA_T53R_relaxed.pdb,0
S1925,1PGAA_T53L,WT,S1925/1PGAA/1PGAA_relaxed.pdb,0
S1925,1PGAA_T53L,Mut,S1925/1PGAA/1PGAA_T53L_relaxed.pdb,0
S1925,1PGAA_T53N,WT,S1925/1PGAA/1PGAA_relaxed.pdb,0
S1925,1PGAA_T53N,Mut,S1925/1PGAA/1PGAA_T53N_relaxed.pdb,0
S1925,1PGAA_T53C,WT,S1925/1PGAA/1PGAA_relaxed.pdb,0
S1925,1PGAA_T53C,Mut,S1925/1PGAA/1PGAA_T53C_relaxed.pdb,0
S1925,1PGAA_T53S,WT,S1925/1PGAA/1PGAA_relaxed.pdb,0
S1925,1PGAA_T53S,Mut,S1925/1PGAA/1PGAA_T53S_relaxed.pdb,0
S1925,1PGAA_T53M,WT,S1925/1PGAA/1PGAA_relaxed.pdb,0
S1925,1PGAA_T53M,Mut,S1925/1PGAA/1PGAA_T53M_relaxed.pdb,0
S1925,1PGAA_T53V,WT,S1925/1PGAA/1PGAA_relaxed.pdb,0
S1925,1PGAA_T53V,Mut,S1925/1PGAA/1PGAA_T53V_relaxed.pdb,0
S1925,1PGAA_T53W,WT,S1925/1PGAA/1PGAA_relaxed.pdb,0
S1925,1PGAA_T53W,Mut,S1925/1PGAA/1PGAA_T53W_relaxed.pdb,0
S1925,1PGAA_T53F,WT,S1925/1PGAA/1PGAA_relaxed.pdb,0
S1925,1PGAA_T53F,Mut,S1925/1PGAA/1PGAA_T53F_relaxed.pdb,0
S1925,1PGAA_T53I,WT,S1925/1PGAA/1PGAA_relaxed.pdb,0
S1925,1PGAA_T53I,Mut,S1925/1PGAA/1PGAA_T53I_relaxed.pdb,0
S1925,1PGAA_T53Y,WT,S1925/1PGAA/1PGAA_relaxed.pdb,0
S1925,1PGAA_T53Y,Mut,S1925/1PGAA/1PGAA_T53Y_relaxed.pdb,0
S1925,1POHA_S46A,WT,S1925/1POHA/1POHA_relaxed.pdb,0
S1925,1POHA_S46A,Mut,S1925/1POHA/1POHA_S46A_relaxed.pdb,0
S1925,1POHA_K49R,WT,S1925/1POHA/1POHA_relaxed.pdb,0
S1925,1POHA_K49R,Mut,S1925/1POHA/1POHA_K49R_relaxed.pdb,0
S1925,1POHA_S46N,WT,S1925/1POHA/1POHA_relaxed.pdb,0
S1925,1POHA_S46N,Mut,S1925/1POHA/1POHA_S46N_relaxed.pdb,0
S1925,1POHA_K49N,WT,S1925/1POHA/1POHA_relaxed.pdb,0
S1925,1POHA_K49N,Mut,S1925/1POHA/1POHA_K49N_relaxed.pdb,0
S1925,1POHA_K49M,WT,S1925/1POHA/1POHA_relaxed.pdb,0
S1925,1POHA_K49M,Mut,S1925/1POHA/1POHA_K49M_relaxed.pdb,0
S1925,1POHA_K49G,WT,S1925/1POHA/1POHA_relaxed.pdb,0
S1925,1POHA_K49G,Mut,S1925/1POHA/1POHA_K49G_relaxed.pdb,0
S1925,1POHA_K49S,WT,S1925/1POHA/1POHA_relaxed.pdb,0
S1925,1POHA_K49S,Mut,S1925/1POHA/1POHA_K49S_relaxed.pdb,0
S1925,1POHA_S46D,WT,S1925/1POHA/1POHA_relaxed.pdb,0
S1925,1POHA_S46D,Mut,S1925/1POHA/1POHA_S46D_relaxed.pdb,0
S1925,1POHA_K49Q,WT,S1925/1POHA/1POHA_relaxed.pdb,0
S1925,1POHA_K49Q,Mut,S1925/1POHA/1POHA_K49Q_relaxed.pdb,0
S1925,1POHA_K49A,WT,S1925/1POHA/1POHA_relaxed.pdb,0
S1925,1POHA_K49A,Mut,S1925/1POHA/1POHA_K49A_relaxed.pdb,0
S1925,1POHA_K49D,WT,S1925/1POHA/1POHA_relaxed.pdb,0
S1925,1POHA_K49D,Mut,S1925/1POHA/1POHA_K49D_relaxed.pdb,0
S1925,1POHA_K49E,WT,S1925/1POHA/1POHA_relaxed.pdb,0
S1925,1POHA_K49E,Mut,S1925/1POHA/1POHA_K49E_relaxed.pdb,0
S1925,1RN1C_D76A,WT,S1925/1RN1C/1RN1C_relaxed.pdb,0
S1925,1RN1C_D76A,Mut,S1925/1RN1C/1RN1C_D76A_relaxed.pdb,0
S1925,1RN1C_D76S,WT,S1925/1RN1C/1RN1C_relaxed.pdb,0
S1925,1RN1C_D76S,Mut,S1925/1RN1C/1RN1C_D76S_relaxed.pdb,0
S1925,1RN1C_D76N,WT,S1925/1RN1C/1RN1C_relaxed.pdb,0
S1925,1RN1C_D76N,Mut,S1925/1RN1C/1RN1C_D76N_relaxed.pdb,0
S1925,1RN1C_N81A,WT,S1925/1RN1C/1RN1C_relaxed.pdb,0
S1925,1RN1C_N81A,Mut,S1925/1RN1C/1RN1C_N81A_relaxed.pdb,0
S1925,1RN1C_Y11F,WT,S1925/1RN1C/1RN1C_relaxed.pdb,0
S1925,1RN1C_Y11F,Mut,S1925/1RN1C/1RN1C_Y11F_relaxed.pdb,0
S1925,1RN1C_N44A,WT,S1925/1RN1C/1RN1C_relaxed.pdb,0
S1925,1RN1C_N44A,Mut,S1925/1RN1C/1RN1C_N44A_relaxed.pdb,0
S1925,1RN1C_N44D,WT,S1925/1RN1C/1RN1C_relaxed.pdb,0
S1925,1RN1C_N44D,Mut,S1925/1RN1C/1RN1C_N44D_relaxed.pdb,0
S1925,1RN1C_S64A,WT,S1925/1RN1C/1RN1C_relaxed.pdb,0
S1925,1RN1C_S64A,Mut,S1925/1RN1C/1RN1C_S64A_relaxed.pdb,0
S1925,1RN1C_N44S,WT,S1925/1RN1C/1RN1C_relaxed.pdb,0
S1925,1RN1C_N44S,Mut,S1925/1RN1C/1RN1C_N44S_relaxed.pdb,0
S1925,1RN1C_Y68F,WT,S1925/1RN1C/1RN1C_relaxed.pdb,0
S1925,1RN1C_Y68F,Mut,S1925/1RN1C/1RN1C_Y68F_relaxed.pdb,0
S1925,1RN1C_S12A,WT,S1925/1RN1C/1RN1C_relaxed.pdb,0
S1925,1RN1C_S12A,Mut,S1925/1RN1C/1RN1C_S12A_relaxed.pdb,0
S1925,1RN1C_W59Y,WT,S1925/1RN1C/1RN1C_relaxed.pdb,0
S1925,1RN1C_W59Y,Mut,S1925/1RN1C/1RN1C_W59Y_relaxed.pdb,0
S1925,1RN1C_N9A,WT,S1925/1RN1C/1RN1C_relaxed.pdb,0
S1925,1RN1C_N9A,Mut,S1925/1RN1C/1RN1C_N9A_relaxed.pdb,0
S1925,1RN1C_A21G,WT,S1925/1RN1C/1RN1C_relaxed.pdb,0
S1925,1RN1C_A21G,Mut,S1925/1RN1C/1RN1C_A21G_relaxed.pdb,0
S1925,1RN1C_E58A,WT,S1925/1RN1C/1RN1C_relaxed.pdb,0
S1925,1RN1C_E58A,Mut,S1925/1RN1C/1RN1C_E58A_relaxed.pdb,0
S1925,1RN1C_Y56F,WT,S1925/1RN1C/1RN1C_relaxed.pdb,0
S1925,1RN1C_Y56F,Mut,S1925/1RN1C/1RN1C_Y56F_relaxed.pdb,0
S1925,1RN1C_A21C,WT,S1925/1RN1C/1RN1C_relaxed.pdb,0
S1925,1RN1C_A21C,Mut,S1925/1RN1C/1RN1C_A21C_relaxed.pdb,0
S1925,1RN1C_A21D,WT,S1925/1RN1C/1RN1C_relaxed.pdb,0
S1925,1RN1C_A21D,Mut,S1925/1RN1C/1RN1C_A21D_relaxed.pdb,0
S1925,1RN1C_A21E,WT,S1925/1RN1C/1RN1C_relaxed.pdb,0
S1925,1RN1C_A21E,Mut,S1925/1RN1C/1RN1C_A21E_relaxed.pdb,0
S1925,1RN1C_A21V,WT,S1925/1RN1C/1RN1C_relaxed.pdb,0
S1925,1RN1C_A21V,Mut,S1925/1RN1C/1RN1C_A21V_relaxed.pdb,0
S1925,1RN1C_H92A,WT,S1925/1RN1C/1RN1C_relaxed.pdb,0
S1925,1RN1C_H92A,Mut,S1925/1RN1C/1RN1C_H92A_relaxed.pdb,0
S1925,1RN1C_A21F,WT,S1925/1RN1C/1RN1C_relaxed.pdb,0
S1925,1RN1C_A21F,Mut,S1925/1RN1C/1RN1C_A21F_relaxed.pdb,0
S1925,1RN1C_A21T,WT,S1925/1RN1C/1RN1C_relaxed.pdb,0
S1925,1RN1C_A21T,Mut,S1925/1RN1C/1RN1C_A21T_relaxed.pdb,0
S1925,1RN1C_A21H,WT,S1925/1RN1C/1RN1C_relaxed.pdb,0
S1925,1RN1C_A21H,Mut,S1925/1RN1C/1RN1C_A21H_relaxed.pdb,0
S1925,1RN1C_A21K,WT,S1925/1RN1C/1RN1C_relaxed.pdb,0
S1925,1RN1C_A21K,Mut,S1925/1RN1C/1RN1C_A21K_relaxed.pdb,0
S1925,1RN1C_Y57F,WT,S1925/1RN1C/1RN1C_relaxed.pdb,0
S1925,1RN1C_Y57F,Mut,S1925/1RN1C/1RN1C_Y57F_relaxed.pdb,0
S1925,1RN1C_A21S,WT,S1925/1RN1C/1RN1C_relaxed.pdb,0
S1925,1RN1C_A21S,Mut,S1925/1RN1C/1RN1C_A21S_relaxed.pdb,0
S1925,1RN1C_A21I,WT,S1925/1RN1C/1RN1C_relaxed.pdb,0
S1925,1RN1C_A21I,Mut,S1925/1RN1C/1RN1C_A21I_relaxed.pdb,0
S1925,1RN1C_A21R,WT,S1925/1RN1C/1RN1C_relaxed.pdb,0
S1925,1RN1C_A21R,Mut,S1925/1RN1C/1RN1C_A21R_relaxed.pdb,0
S1925,1RN1C_A21Q,WT,S1925/1RN1C/1RN1C_relaxed.pdb,0
S1925,1RN1C_A21Q,Mut,S1925/1RN1C/1RN1C_A21Q_relaxed.pdb,0
S1925,1RN1C_A21Y,WT,S1925/1RN1C/1RN1C_relaxed.pdb,0
S1925,1RN1C_A21Y,Mut,S1925/1RN1C/1RN1C_A21Y_relaxed.pdb,0
S1925,1RN1C_A21W,WT,S1925/1RN1C/1RN1C_relaxed.pdb,0
S1925,1RN1C_A21W,Mut,S1925/1RN1C/1RN1C_A21W_relaxed.pdb,0
S1925,1RN1C_H40T,WT,S1925/1RN1C/1RN1C_relaxed.pdb,0
S1925,1RN1C_H40T,Mut,S1925/1RN1C/1RN1C_H40T_relaxed.pdb,0
S1925,1RN1C_A21M,WT,S1925/1RN1C/1RN1C_relaxed.pdb,0
S1925,1RN1C_A21M,Mut,S1925/1RN1C/1RN1C_A21M_relaxed.pdb,0
S1925,1RN1C_Y42W,WT,S1925/1RN1C/1RN1C_relaxed.pdb,0
S1925,1RN1C_Y42W,Mut,S1925/1RN1C/1RN1C_Y42W_relaxed.pdb,0
S1925,1RN1C_A21L,WT,S1925/1RN1C/1RN1C_relaxed.pdb,0
S1925,1RN1C_A21L,Mut,S1925/1RN1C/1RN1C_A21L_relaxed.pdb,0
S1925,1RN1C_N36A,WT,S1925/1RN1C/1RN1C_relaxed.pdb,0
S1925,1RN1C_N36A,Mut,S1925/1RN1C/1RN1C_N36A_relaxed.pdb,0
S1925,1RN1C_A21N,WT,S1925/1RN1C/1RN1C_relaxed.pdb,0
S1925,1RN1C_A21N,Mut,S1925/1RN1C/1RN1C_A21N_relaxed.pdb,0
S1925,1RN1C_S17A,WT,S1925/1RN1C/1RN1C_relaxed.pdb,0
S1925,1RN1C_S17A,Mut,S1925/1RN1C/1RN1C_S17A_relaxed.pdb,0
S1925,1RN1C_Y45W,WT,S1925/1RN1C/1RN1C_relaxed.pdb,0
S1925,1RN1C_Y45W,Mut,S1925/1RN1C/1RN1C_Y45W_relaxed.pdb,0
S1925,1RN1C_Q25K,WT,S1925/1RN1C/1RN1C_relaxed.pdb,0
S1925,1RN1C_Q25K,Mut,S1925/1RN1C/1RN1C_Q25K_relaxed.pdb,0
S1925,1RN1C_D49H,WT,S1925/1RN1C/1RN1C_relaxed.pdb,0
S1925,1RN1C_D49H,Mut,S1925/1RN1C/1RN1C_D49H_relaxed.pdb,0
S1925,1RN1C_Y42F,WT,S1925/1RN1C/1RN1C_relaxed.pdb,0
S1925,1RN1C_Y42F,Mut,S1925/1RN1C/1RN1C_Y42F_relaxed.pdb,0
S1925,1RN1C_Y24W,WT,S1925/1RN1C/1RN1C_relaxed.pdb,0
S1925,1RN1C_Y24W,Mut,S1925/1RN1C/1RN1C_Y24W_relaxed.pdb,0
S1925,1ROPA_L41A,WT,S1925/1ROPA/1ROPA_relaxed.pdb,0
S1925,1ROPA_L41A,Mut,S1925/1ROPA/1ROPA_L41A_relaxed.pdb,0
S1925,1ROPA_L41V,WT,S1925/1ROPA/1ROPA_relaxed.pdb,0
S1925,1ROPA_L41V,Mut,S1925/1ROPA/1ROPA_L41V_relaxed.pdb,0
S1925,1ROPA_D30P,WT,S1925/1ROPA/1ROPA_relaxed.pdb,0
S1925,1ROPA_D30P,Mut,S1925/1ROPA/1ROPA_D30P_relaxed.pdb,0
S1925,1ROPA_D30I,WT,S1925/1ROPA/1ROPA_relaxed.pdb,0
S1925,1ROPA_D30I,Mut,S1925/1ROPA/1ROPA_D30I_relaxed.pdb,0
S1925,1ROPA_D30T,WT,S1925/1ROPA/1ROPA_relaxed.pdb,0
S1925,1ROPA_D30T,Mut,S1925/1ROPA/1ROPA_D30T_relaxed.pdb,0
S1925,1ROPA_D30V,WT,S1925/1ROPA/1ROPA_relaxed.pdb,0
S1925,1ROPA_D30V,Mut,S1925/1ROPA/1ROPA_D30V_relaxed.pdb,0
S1925,1ROPA_D30W,WT,S1925/1ROPA/1ROPA_relaxed.pdb,0
S1925,1ROPA_D30W,Mut,S1925/1ROPA/1ROPA_D30W_relaxed.pdb,0
S1925,1ROPA_D30F,WT,S1925/1ROPA/1ROPA_relaxed.pdb,0
S1925,1ROPA_D30F,Mut,S1925/1ROPA/1ROPA_D30F_relaxed.pdb,0
S1925,1ROPA_D30L,WT,S1925/1ROPA/1ROPA_relaxed.pdb,0
S1925,1ROPA_D30L,Mut,S1925/1ROPA/1ROPA_D30L_relaxed.pdb,0
S1925,1ROPA_D30Y,WT,S1925/1ROPA/1ROPA_relaxed.pdb,0
S1925,1ROPA_D30Y,Mut,S1925/1ROPA/1ROPA_D30Y_relaxed.pdb,0
S1925,1ROPA_D30A,WT,S1925/1ROPA/1ROPA_relaxed.pdb,0
S1925,1ROPA_D30A,Mut,S1925/1ROPA/1ROPA_D30A_relaxed.pdb,0
S1925,1ROPA_D30M,WT,S1925/1ROPA/1ROPA_relaxed.pdb,0
S1925,1ROPA_D30M,Mut,S1925/1ROPA/1ROPA_D30M_relaxed.pdb,0
S1925,1ROPA_D30C,WT,S1925/1ROPA/1ROPA_relaxed.pdb,0
S1925,1ROPA_D30C,Mut,S1925/1ROPA/1ROPA_D30C_relaxed.pdb,0
S1925,1ROPA_D30N,WT,S1925/1ROPA/1ROPA_relaxed.pdb,0
S1925,1ROPA_D30N,Mut,S1925/1ROPA/1ROPA_D30N_relaxed.pdb,0
S1925,1ROPA_D30R,WT,S1925/1ROPA/1ROPA_relaxed.pdb,0
S1925,1ROPA_D30R,Mut,S1925/1ROPA/1ROPA_D30R_relaxed.pdb,0
S1925,1ROPA_D30H,WT,S1925/1ROPA/1ROPA_relaxed.pdb,0
S1925,1ROPA_D30H,Mut,S1925/1ROPA/1ROPA_D30H_relaxed.pdb,0
S1925,1ROPA_D30K,WT,S1925/1ROPA/1ROPA_relaxed.pdb,0
S1925,1ROPA_D30K,Mut,S1925/1ROPA/1ROPA_D30K_relaxed.pdb,0
S1925,1ROPA_D30E,WT,S1925/1ROPA/1ROPA_relaxed.pdb,0
S1925,1ROPA_D30E,Mut,S1925/1ROPA/1ROPA_D30E_relaxed.pdb,0
S1925,1ROPA_D30S,WT,S1925/1ROPA/1ROPA_relaxed.pdb,0
S1925,1ROPA_D30S,Mut,S1925/1ROPA/1ROPA_D30S_relaxed.pdb,0
S1925,1ROPA_D30Q,WT,S1925/1ROPA/1ROPA_relaxed.pdb,0
S1925,1ROPA_D30Q,Mut,S1925/1ROPA/1ROPA_D30Q_relaxed.pdb,0
S1925,1ROPA_D30G,WT,S1925/1ROPA/1ROPA_relaxed.pdb,0
S1925,1ROPA_D30G,Mut,S1925/1ROPA/1ROPA_D30G_relaxed.pdb,0
S1925,1RTBA_Y97A,WT,S1925/1RTBA/1RTBA_relaxed.pdb,0
S1925,1RTBA_Y97A,Mut,S1925/1RTBA/1RTBA_Y97A_relaxed.pdb,0
S1925,1RTBA_Y97G,WT,S1925/1RTBA/1RTBA_relaxed.pdb,0
S1925,1RTBA_Y97G,Mut,S1925/1RTBA/1RTBA_Y97G_relaxed.pdb,0
S1925,1RTBA_P114G,WT,S1925/1RTBA/1RTBA_relaxed.pdb,0
S1925,1RTBA_P114G,Mut,S1925/1RTBA/1RTBA_P114G_relaxed.pdb,0
S1925,1RTBA_Y97F,WT,S1925/1RTBA/1RTBA_relaxed.pdb,0
S1925,1RTBA_Y97F,Mut,S1925/1RTBA/1RTBA_Y97F_relaxed.pdb,0
S1925,1RTBA_P114A,WT,S1925/1RTBA/1RTBA_relaxed.pdb,0
S1925,1RTBA_P114A,Mut,S1925/1RTBA/1RTBA_P114A_relaxed.pdb,0
S1925,1RTBA_P93A,WT,S1925/1RTBA/1RTBA_relaxed.pdb,0
S1925,1RTBA_P93A,Mut,S1925/1RTBA/1RTBA_P93A_relaxed.pdb,0
S1925,1RTBA_P93G,WT,S1925/1RTBA/1RTBA_relaxed.pdb,0
S1925,1RTBA_P93G,Mut,S1925/1RTBA/1RTBA_P93G_relaxed.pdb,0
S1925,1RTBA_D121A,WT,S1925/1RTBA/1RTBA_relaxed.pdb,0
S1925,1RTBA_D121A,Mut,S1925/1RTBA/1RTBA_D121A_relaxed.pdb,0
S1925,1RTBA_P93S,WT,S1925/1RTBA/1RTBA_relaxed.pdb,0
S1925,1RTBA_P93S,Mut,S1925/1RTBA/1RTBA_P93S_relaxed.pdb,0
S1925,1RTBA_D121N,WT,S1925/1RTBA/1RTBA_relaxed.pdb,0
S1925,1RTBA_D121N,Mut,S1925/1RTBA/1RTBA_D121N_relaxed.pdb,0
S1925,1RTBA_H119A,WT,S1925/1RTBA/1RTBA_relaxed.pdb,0
S1925,1RTBA_H119A,Mut,S1925/1RTBA/1RTBA_H119A_relaxed.pdb,0
S1925,1RX4A_V75R,WT,S1925/1RX4A/1RX4A_relaxed.pdb,0
S1925,1RX4A_V75R,Mut,S1925/1RX4A/1RX4A_V75R_relaxed.pdb,0
S1925,1RX4A_E139K,WT,S1925/1RX4A/1RX4A_relaxed.pdb,0
S1925,1RX4A_E139K,Mut,S1925/1RX4A/1RX4A_E139K_relaxed.pdb,0
S1925,1RX4A_V75Y,WT,S1925/1RX4A/1RX4A_relaxed.pdb,0
S1925,1RX4A_V75Y,Mut,S1925/1RX4A/1RX4A_V75Y_relaxed.pdb,0
S1925,1RX4A_V75I,WT,S1925/1RX4A/1RX4A_relaxed.pdb,0
S1925,1RX4A_V75I,Mut,S1925/1RX4A/1RX4A_V75I_relaxed.pdb,0
S1925,1RX4A_V75H,WT,S1925/1RX4A/1RX4A_relaxed.pdb,0
S1925,1RX4A_V75H,Mut,S1925/1RX4A/1RX4A_V75H_relaxed.pdb,0
S1925,1RX4A_V75S,WT,S1925/1RX4A/1RX4A_relaxed.pdb,0
S1925,1RX4A_V75S,Mut,S1925/1RX4A/1RX4A_V75S_relaxed.pdb,0
S1925,1RX4A_V88I,WT,S1925/1RX4A/1RX4A_relaxed.pdb,0
S1925,1RX4A_V88I,Mut,S1925/1RX4A/1RX4A_V88I_relaxed.pdb,0
S1925,1RX4A_E139Q,WT,S1925/1RX4A/1RX4A_relaxed.pdb,0
S1925,1RX4A_E139Q,Mut,S1925/1RX4A/1RX4A_E139Q_relaxed.pdb,0
S1925,1RX4A_V75A,WT,S1925/1RX4A/1RX4A_relaxed.pdb,0
S1925,1RX4A_V75A,Mut,S1925/1RX4A/1RX4A_V75A_relaxed.pdb,0
S1925,1RX4A_V75C,WT,S1925/1RX4A/1RX4A_relaxed.pdb,0
S1925,1RX4A_V75C,Mut,S1925/1RX4A/1RX4A_V75C_relaxed.pdb,0
S1925,1RX4A_V88A,WT,S1925/1RX4A/1RX4A_relaxed.pdb,0
S1925,1RX4A_V88A,Mut,S1925/1RX4A/1RX4A_V88A_relaxed.pdb,0
S1925,1RX4A_L28R,WT,S1925/1RX4A/1RX4A_relaxed.pdb,0
S1925,1RX4A_L28R,Mut,S1925/1RX4A/1RX4A_L28R_relaxed.pdb,0
S1925,1SARA_N39S,WT,S1925/1SARA/1SARA_relaxed.pdb,0
S1925,1SARA_N39S,Mut,S1925/1SARA/1SARA_N39S_relaxed.pdb,0
S1925,1SARA_N39A,WT,S1925/1SARA/1SARA_relaxed.pdb,0
S1925,1SARA_N39A,Mut,S1925/1SARA/1SARA_N39A_relaxed.pdb,0
S1925,1SARA_N39D,WT,S1925/1SARA/1SARA_relaxed.pdb,0
S1925,1SARA_N39D,Mut,S1925/1SARA/1SARA_N39D_relaxed.pdb,0
S1925,1SARA_E74K,WT,S1925/1SARA/1SARA_relaxed.pdb,0
S1925,1SARA_E74K,Mut,S1925/1SARA/1SARA_E74K_relaxed.pdb,0
S1925,1SARA_D25K,WT,S1925/1SARA/1SARA_relaxed.pdb,0
S1925,1SARA_D25K,Mut,S1925/1SARA/1SARA_D25K_relaxed.pdb,0
S1925,1SHGA_F52Y,WT,S1925/1SHGA/1SHGA_relaxed.pdb,0
S1925,1SHGA_F52Y,Mut,S1925/1SHGA/1SHGA_F52Y_relaxed.pdb,0
S1925,1SHGA_Y13F,WT,S1925/1SHGA/1SHGA_relaxed.pdb,0
S1925,1SHGA_Y13F,Mut,S1925/1SHGA/1SHGA_Y13F_relaxed.pdb,0
S1925,1SHGA_Y57F,WT,S1925/1SHGA/1SHGA_relaxed.pdb,0
S1925,1SHGA_Y57F,Mut,S1925/1SHGA/1SHGA_Y57F_relaxed.pdb,0
S1925,1SHGA_K59Y,WT,S1925/1SHGA/1SHGA_relaxed.pdb,0
S1925,1SHGA_K59Y,Mut,S1925/1SHGA/1SHGA_K59Y_relaxed.pdb,0
S1925,1SHGA_K59F,WT,S1925/1SHGA/1SHGA_relaxed.pdb,0
S1925,1SHGA_K59F,Mut,S1925/1SHGA/1SHGA_K59F_relaxed.pdb,0
S1925,1SHGA_K18F,WT,S1925/1SHGA/1SHGA_relaxed.pdb,0
S1925,1SHGA_K18F,Mut,S1925/1SHGA/1SHGA_K18F_relaxed.pdb,0
S1925,1STNA_L36G,WT,S1925/1STNA/1STNA_relaxed.pdb,0
S1925,1STNA_L36G,Mut,S1925/1STNA/1STNA_L36G_relaxed.pdb,0
S1925,1STNA_Y91S,WT,S1925/1STNA/1STNA_relaxed.pdb,0
S1925,1STNA_Y91S,Mut,S1925/1STNA/1STNA_Y91S_relaxed.pdb,0
S1925,1STNA_F61G,WT,S1925/1STNA/1STNA_relaxed.pdb,0
S1925,1STNA_F61G,Mut,S1925/1STNA/1STNA_F61G_relaxed.pdb,0
S1925,1STNA_F76G,WT,S1925/1STNA/1STNA_relaxed.pdb,0
S1925,1STNA_F76G,Mut,S1925/1STNA/1STNA_F76G_relaxed.pdb,0
S1925,1STNA_L103A,WT,S1925/1STNA/1STNA_relaxed.pdb,0
S1925,1STNA_L103A,Mut,S1925/1STNA/1STNA_L103A_relaxed.pdb,0
S1925,1STNA_F76A,WT,S1925/1STNA/1STNA_relaxed.pdb,0
S1925,1STNA_F76A,Mut,S1925/1STNA/1STNA_F76A_relaxed.pdb,0
S1925,1STNA_D83A,WT,S1925/1STNA/1STNA_relaxed.pdb,0
S1925,1STNA_D83A,Mut,S1925/1STNA/1STNA_D83A_relaxed.pdb,0
S1925,1STNA_L37G,WT,S1925/1STNA/1STNA_relaxed.pdb,0
S1925,1STNA_L37G,Mut,S1925/1STNA/1STNA_L37G_relaxed.pdb,0
S1925,1STNA_D95A,WT,S1925/1STNA/1STNA_relaxed.pdb,0
S1925,1STNA_D95A,Mut,S1925/1STNA/1STNA_D95A_relaxed.pdb,0
S1925,1STNA_L36A,WT,S1925/1STNA/1STNA_relaxed.pdb,0
S1925,1STNA_L36A,Mut,S1925/1STNA/1STNA_L36A_relaxed.pdb,0
S1925,1STNA_T62G,WT,S1925/1STNA/1STNA_relaxed.pdb,0
S1925,1STNA_T62G,Mut,S1925/1STNA/1STNA_T62G_relaxed.pdb,0
S1925,1STNA_D77A,WT,S1925/1STNA/1STNA_relaxed.pdb,0
S1925,1STNA_D77A,Mut,S1925/1STNA/1STNA_D77A_relaxed.pdb,0
S1925,1STNA_D95G,WT,S1925/1STNA/1STNA_relaxed.pdb,0
S1925,1STNA_D95G,Mut,S1925/1STNA/1STNA_D95G_relaxed.pdb,0
S1925,1STNA_A60V,WT,S1925/1STNA/1STNA_relaxed.pdb,0
S1925,1STNA_A60V,Mut,S1925/1STNA/1STNA_A60V_relaxed.pdb,0
S1925,1STNA_D83G,WT,S1925/1STNA/1STNA_relaxed.pdb,0
S1925,1STNA_D83G,Mut,S1925/1STNA/1STNA_D83G_relaxed.pdb,0
S1925,1STNA_L25A,WT,S1925/1STNA/1STNA_relaxed.pdb,0
S1925,1STNA_L25A,Mut,S1925/1STNA/1STNA_L25A_relaxed.pdb,0
S1925,1STNA_A90S,WT,S1925/1STNA/1STNA_relaxed.pdb,0
S1925,1STNA_A90S,Mut,S1925/1STNA/1STNA_A90S_relaxed.pdb,0
S1925,1STNA_I18G,WT,S1925/1STNA/1STNA_relaxed.pdb,0
S1925,1STNA_I18G,Mut,S1925/1STNA/1STNA_I18G_relaxed.pdb,0
S1925,1STNA_N118D,WT,S1925/1STNA/1STNA_relaxed.pdb,0
S1925,1STNA_N118D,Mut,S1925/1STNA/1STNA_N118D_relaxed.pdb,0
S1925,1STNA_F61A,WT,S1925/1STNA/1STNA_relaxed.pdb,0
S1925,1STNA_F61A,Mut,S1925/1STNA/1STNA_F61A_relaxed.pdb,0
S1925,1STNA_G79S,WT,S1925/1STNA/1STNA_relaxed.pdb,0
S1925,1STNA_G79S,Mut,S1925/1STNA/1STNA_G79S_relaxed.pdb,0
S1925,1STNA_T62A,WT,S1925/1STNA/1STNA_relaxed.pdb,0
S1925,1STNA_T62A,Mut,S1925/1STNA/1STNA_T62A_relaxed.pdb,0
S1925,1STNA_D77G,WT,S1925/1STNA/1STNA_relaxed.pdb,0
S1925,1STNA_D77G,Mut,S1925/1STNA/1STNA_D77G_relaxed.pdb,0
S1925,1STNA_L37A,WT,S1925/1STNA/1STNA_relaxed.pdb,0
S1925,1STNA_L37A,Mut,S1925/1STNA/1STNA_L37A_relaxed.pdb,0
S1925,1STNA_E73A,WT,S1925/1STNA/1STNA_relaxed.pdb,0
S1925,1STNA_E73A,Mut,S1925/1STNA/1STNA_E73A_relaxed.pdb,0
S1925,1STNA_A60G,WT,S1925/1STNA/1STNA_relaxed.pdb,0
S1925,1STNA_A60G,Mut,S1925/1STNA/1STNA_A60G_relaxed.pdb,0
S1925,1STNA_V23F,WT,S1925/1STNA/1STNA_relaxed.pdb,0
S1925,1STNA_V23F,Mut,S1925/1STNA/1STNA_V23F_relaxed.pdb,0
S1925,1STNA_T33S,WT,S1925/1STNA/1STNA_relaxed.pdb,0
S1925,1STNA_T33S,Mut,S1925/1STNA/1STNA_T33S_relaxed.pdb,0
S1925,1STNA_L89F,WT,S1925/1STNA/1STNA_relaxed.pdb,0
S1925,1STNA_L89F,Mut,S1925/1STNA/1STNA_L89F_relaxed.pdb,0
S1925,1STNA_I18M,WT,S1925/1STNA/1STNA_relaxed.pdb,0
S1925,1STNA_I18M,Mut,S1925/1STNA/1STNA_I18M_relaxed.pdb,0
S1925,1STNA_H46Y,WT,S1925/1STNA/1STNA_relaxed.pdb,0
S1925,1STNA_H46Y,Mut,S1925/1STNA/1STNA_H46Y_relaxed.pdb,0
S1925,1STNA_G88V,WT,S1925/1STNA/1STNA_relaxed.pdb,0
S1925,1STNA_G88V,Mut,S1925/1STNA/1STNA_G88V_relaxed.pdb,0
S1925,1STNA_V66L,WT,S1925/1STNA/1STNA_relaxed.pdb,0
S1925,1STNA_V66L,Mut,S1925/1STNA/1STNA_V66L_relaxed.pdb,0
S1925,1STNA_H124L,WT,S1925/1STNA/1STNA_relaxed.pdb,0
S1925,1STNA_H124L,Mut,S1925/1STNA/1STNA_H124L_relaxed.pdb,0
S1925,1SUPA_G169A,WT,S1925/1SUPA/1SUPA_relaxed.pdb,0
S1925,1SUPA_G169A,Mut,S1925/1SUPA/1SUPA_G169A_relaxed.pdb,0
S1925,1SUPA_N76D,WT,S1925/1SUPA/1SUPA_relaxed.pdb,0
S1925,1SUPA_N76D,Mut,S1925/1SUPA/1SUPA_N76D_relaxed.pdb,0
S1925,1SUPA_M50F,WT,S1925/1SUPA/1SUPA_relaxed.pdb,0
S1925,1SUPA_M50F,Mut,S1925/1SUPA/1SUPA_M50F_relaxed.pdb,0
S1925,1SUPA_Y217K,WT,S1925/1SUPA/1SUPA_relaxed.pdb,0
S1925,1SUPA_Y217K,Mut,S1925/1SUPA/1SUPA_Y217K_relaxed.pdb,0
S1925,1SUPA_N218S,WT,S1925/1SUPA/1SUPA_relaxed.pdb,0
S1925,1SUPA_N218S,Mut,S1925/1SUPA/1SUPA_N218S_relaxed.pdb,0
S1925,1SUPA_Q206C,WT,S1925/1SUPA/1SUPA_relaxed.pdb,0
S1925,1SUPA_Q206C,Mut,S1925/1SUPA/1SUPA_Q206C_relaxed.pdb,0
S1925,1TUPA_R175H,WT,S1925/1TUPA/1TUPA_relaxed.pdb,0
S1925,1TUPA_R175H,Mut,S1925/1TUPA/1TUPA_R175H_relaxed.pdb,0
S1925,1TUPA_C242S,WT,S1925/1TUPA/1TUPA_relaxed.pdb,0
S1925,1TUPA_C242S,Mut,S1925/1TUPA/1TUPA_C242S_relaxed.pdb,0
S1925,1TUPA_R249S,WT,S1925/1TUPA/1TUPA_relaxed.pdb,0
S1925,1TUPA_R249S,Mut,S1925/1TUPA/1TUPA_R249S_relaxed.pdb,0
S1925,1TUPA_R248Q,WT,S1925/1TUPA/1TUPA_relaxed.pdb,0
S1925,1TUPA_R248Q,Mut,S1925/1TUPA/1TUPA_R248Q_relaxed.pdb,0
S1925,1TUPA_R273H,WT,S1925/1TUPA/1TUPA_relaxed.pdb,0
S1925,1TUPA_R273H,Mut,S1925/1TUPA/1TUPA_R273H_relaxed.pdb,0
S1925,1VQBA_L37A,WT,S1925/1VQBA/1VQBA_relaxed.pdb,0
S1925,1VQBA_L37A,Mut,S1925/1VQBA/1VQBA_L37A_relaxed.pdb,0
S1925,1VQBA_I47T,WT,S1925/1VQBA/1VQBA_relaxed.pdb,0
S1925,1VQBA_I47T,Mut,S1925/1VQBA/1VQBA_I47T_relaxed.pdb,0
S1925,1VQBA_I47A,WT,S1925/1VQBA/1VQBA_relaxed.pdb,0
S1925,1VQBA_I47A,Mut,S1925/1VQBA/1VQBA_I47A_relaxed.pdb,0
S1925,1VQBA_I78T,WT,S1925/1VQBA/1VQBA_relaxed.pdb,0
S1925,1VQBA_I78T,Mut,S1925/1VQBA/1VQBA_I78T_relaxed.pdb,0
S1925,1VQBA_L49A,WT,S1925/1VQBA/1VQBA_relaxed.pdb,0
S1925,1VQBA_L49A,Mut,S1925/1VQBA/1VQBA_L49A_relaxed.pdb,0
S1925,1VQBA_L49T,WT,S1925/1VQBA/1VQBA_relaxed.pdb,0
S1925,1VQBA_L49T,Mut,S1925/1VQBA/1VQBA_L49T_relaxed.pdb,0
S1925,1VQBA_I47C,WT,S1925/1VQBA/1VQBA_relaxed.pdb,0
S1925,1VQBA_I47C,Mut,S1925/1VQBA/1VQBA_I47C_relaxed.pdb,0
S1925,1VQBA_V35T,WT,S1925/1VQBA/1VQBA_relaxed.pdb,0
S1925,1VQBA_V35T,Mut,S1925/1VQBA/1VQBA_V35T_relaxed.pdb,0
S1925,1VQBA_L37T,WT,S1925/1VQBA/1VQBA_relaxed.pdb,0
S1925,1VQBA_L37T,Mut,S1925/1VQBA/1VQBA_L37T_relaxed.pdb,0
S1925,1VQBA_L81T,WT,S1925/1VQBA/1VQBA_relaxed.pdb,0
S1925,1VQBA_L81T,Mut,S1925/1VQBA/1VQBA_L81T_relaxed.pdb,0
S1925,1VQBA_V70P,WT,S1925/1VQBA/1VQBA_relaxed.pdb,0
S1925,1VQBA_V70P,Mut,S1925/1VQBA/1VQBA_V70P_relaxed.pdb,0
S1925,1VQBA_F68V,WT,S1925/1VQBA/1VQBA_relaxed.pdb,0
S1925,1VQBA_F68V,Mut,S1925/1VQBA/1VQBA_F68V_relaxed.pdb,0
S1925,1VQBA_V63T,WT,S1925/1VQBA/1VQBA_relaxed.pdb,0
S1925,1VQBA_V63T,Mut,S1925/1VQBA/1VQBA_V63T_relaxed.pdb,0
S1925,1VQBA_C33T,WT,S1925/1VQBA/1VQBA_relaxed.pdb,0
S1925,1VQBA_C33T,Mut,S1925/1VQBA/1VQBA_C33T_relaxed.pdb,0
S1925,1VQBA_L37C,WT,S1925/1VQBA/1VQBA_relaxed.pdb,0
S1925,1VQBA_L37C,Mut,S1925/1VQBA/1VQBA_L37C_relaxed.pdb,0
S1925,1VQBA_I78C,WT,S1925/1VQBA/1VQBA_relaxed.pdb,0
S1925,1VQBA_I78C,Mut,S1925/1VQBA/1VQBA_I78C_relaxed.pdb,0
S1925,1VQBA_C33S,WT,S1925/1VQBA/1VQBA_relaxed.pdb,0
S1925,1VQBA_C33S,Mut,S1925/1VQBA/1VQBA_C33S_relaxed.pdb,0
S1925,1VQBA_F68L,WT,S1925/1VQBA/1VQBA_relaxed.pdb,0
S1925,1VQBA_F68L,Mut,S1925/1VQBA/1VQBA_F68L_relaxed.pdb,0
S1925,1VQBA_L49C,WT,S1925/1VQBA/1VQBA_relaxed.pdb,0
S1925,1VQBA_L49C,Mut,S1925/1VQBA/1VQBA_L49C_relaxed.pdb,0
S1925,1VQBA_V63C,WT,S1925/1VQBA/1VQBA_relaxed.pdb,0
S1925,1VQBA_V63C,Mut,S1925/1VQBA/1VQBA_V63C_relaxed.pdb,0
S1925,1VQBA_L81C,WT,S1925/1VQBA/1VQBA_relaxed.pdb,0
S1925,1VQBA_L81C,Mut,S1925/1VQBA/1VQBA_L81C_relaxed.pdb,0
S1925,1VQBA_S67C,WT,S1925/1VQBA/1VQBA_relaxed.pdb,0
S1925,1VQBA_S67C,Mut,S1925/1VQBA/1VQBA_S67C_relaxed.pdb,0
S1925,1VQBA_C33M,WT,S1925/1VQBA/1VQBA_relaxed.pdb,0
S1925,1VQBA_C33M,Mut,S1925/1VQBA/1VQBA_C33M_relaxed.pdb,0
S1925,1VQBA_L37V,WT,S1925/1VQBA/1VQBA_relaxed.pdb,0
S1925,1VQBA_L37V,Mut,S1925/1VQBA/1VQBA_L37V_relaxed.pdb,0
S1925,1VQBA_V45T,WT,S1925/1VQBA/1VQBA_relaxed.pdb,0
S1925,1VQBA_V45T,Mut,S1925/1VQBA/1VQBA_V45T_relaxed.pdb,0
S1925,1VQBA_V70T,WT,S1925/1VQBA/1VQBA_relaxed.pdb,0
S1925,1VQBA_V70T,Mut,S1925/1VQBA/1VQBA_V70T_relaxed.pdb,0
S1925,1VQBA_V70C,WT,S1925/1VQBA/1VQBA_relaxed.pdb,0
S1925,1VQBA_V70C,Mut,S1925/1VQBA/1VQBA_V70C_relaxed.pdb,0
S1925,1VQBA_V35F,WT,S1925/1VQBA/1VQBA_relaxed.pdb,0
S1925,1VQBA_V35F,Mut,S1925/1VQBA/1VQBA_V35F_relaxed.pdb,0
S1925,1VQBA_V45L,WT,S1925/1VQBA/1VQBA_relaxed.pdb,0
S1925,1VQBA_V45L,Mut,S1925/1VQBA/1VQBA_V45L_relaxed.pdb,0
S1925,1VQBA_L49V,WT,S1925/1VQBA/1VQBA_relaxed.pdb,0
S1925,1VQBA_L49V,Mut,S1925/1VQBA/1VQBA_L49V_relaxed.pdb,0
S1925,1VQBA_V35L,WT,S1925/1VQBA/1VQBA_relaxed.pdb,0
S1925,1VQBA_V35L,Mut,S1925/1VQBA/1VQBA_V35L_relaxed.pdb,0
S1925,1VQBA_C33L,WT,S1925/1VQBA/1VQBA_relaxed.pdb,0
S1925,1VQBA_C33L,Mut,S1925/1VQBA/1VQBA_C33L_relaxed.pdb,0
S1925,1VQBA_I47V,WT,S1925/1VQBA/1VQBA_relaxed.pdb,0
S1925,1VQBA_I47V,Mut,S1925/1VQBA/1VQBA_I47V_relaxed.pdb,0
S1925,1VQBA_I47M,WT,S1925/1VQBA/1VQBA_relaxed.pdb,0
S1925,1VQBA_I47M,Mut,S1925/1VQBA/1VQBA_I47M_relaxed.pdb,0
S1925,1VQBA_V35A,WT,S1925/1VQBA/1VQBA_relaxed.pdb,0
S1925,1VQBA_V35A,Mut,S1925/1VQBA/1VQBA_V35A_relaxed.pdb,0
S1925,1VQBA_D36C,WT,S1925/1VQBA/1VQBA_relaxed.pdb,0
S1925,1VQBA_D36C,Mut,S1925/1VQBA/1VQBA_D36C_relaxed.pdb,0
S1925,1VQBA_M77A,WT,S1925/1VQBA/1VQBA_relaxed.pdb,0
S1925,1VQBA_M77A,Mut,S1925/1VQBA/1VQBA_M77A_relaxed.pdb,0
S1925,1VQBA_V43C,WT,S1925/1VQBA/1VQBA_relaxed.pdb,0
S1925,1VQBA_V43C,Mut,S1925/1VQBA/1VQBA_V43C_relaxed.pdb,0
S1925,1VQBA_V45A,WT,S1925/1VQBA/1VQBA_relaxed.pdb,0
S1925,1VQBA_V45A,Mut,S1925/1VQBA/1VQBA_V45A_relaxed.pdb,0
S1925,1VQBA_I47F,WT,S1925/1VQBA/1VQBA_relaxed.pdb,0
S1925,1VQBA_I47F,Mut,S1925/1VQBA/1VQBA_I47F_relaxed.pdb,0
S1925,1VQBA_L49I,WT,S1925/1VQBA/1VQBA_relaxed.pdb,0
S1925,1VQBA_L49I,Mut,S1925/1VQBA/1VQBA_L49I_relaxed.pdb,0
S1925,1VQBA_D50H,WT,S1925/1VQBA/1VQBA_relaxed.pdb,0
S1925,1VQBA_D50H,Mut,S1925/1VQBA/1VQBA_D50H_relaxed.pdb,0
S1925,1VQBA_L32R,WT,S1925/1VQBA/1VQBA_relaxed.pdb,0
S1925,1VQBA_L32R,Mut,S1925/1VQBA/1VQBA_L32R_relaxed.pdb,0
S1925,1VQBA_S67T,WT,S1925/1VQBA/1VQBA_relaxed.pdb,0
S1925,1VQBA_S67T,Mut,S1925/1VQBA/1VQBA_S67T_relaxed.pdb,0
S1925,1VQBA_V43T,WT,S1925/1VQBA/1VQBA_relaxed.pdb,0
S1925,1VQBA_V43T,Mut,S1925/1VQBA/1VQBA_V43T_relaxed.pdb,0
S1925,1VQBA_L65P,WT,S1925/1VQBA/1VQBA_relaxed.pdb,0
S1925,1VQBA_L65P,Mut,S1925/1VQBA/1VQBA_L65P_relaxed.pdb,0
S1925,1VQBA_R82C,WT,S1925/1VQBA/1VQBA_relaxed.pdb,0
S1925,1VQBA_R82C,Mut,S1925/1VQBA/1VQBA_R82C_relaxed.pdb,0
S1925,1VQBA_L37I,WT,S1925/1VQBA/1VQBA_relaxed.pdb,0
S1925,1VQBA_L37I,Mut,S1925/1VQBA/1VQBA_L37I_relaxed.pdb,0
S1925,1VQBA_V35C,WT,S1925/1VQBA/1VQBA_relaxed.pdb,0
S1925,1VQBA_V35C,Mut,S1925/1VQBA/1VQBA_V35C_relaxed.pdb,0
S1925,1VQBA_I78V,WT,S1925/1VQBA/1VQBA_relaxed.pdb,0
S1925,1VQBA_I78V,Mut,S1925/1VQBA/1VQBA_I78V_relaxed.pdb,0
S1925,1VQBA_K69H,WT,S1925/1VQBA/1VQBA_relaxed.pdb,0
S1925,1VQBA_K69H,Mut,S1925/1VQBA/1VQBA_K69H_relaxed.pdb,0
S1925,1VQBA_M77L,WT,S1925/1VQBA/1VQBA_relaxed.pdb,0
S1925,1VQBA_M77L,Mut,S1925/1VQBA/1VQBA_M77L_relaxed.pdb,0
S1925,1VQBA_E30N,WT,S1925/1VQBA/1VQBA_relaxed.pdb,0
S1925,1VQBA_E30N,Mut,S1925/1VQBA/1VQBA_E30N_relaxed.pdb,0
S1925,1VQBA_V35M,WT,S1925/1VQBA/1VQBA_relaxed.pdb,0
S1925,1VQBA_V35M,Mut,S1925/1VQBA/1VQBA_V35M_relaxed.pdb,0
S1925,1VQBA_D36N,WT,S1925/1VQBA/1VQBA_relaxed.pdb,0
S1925,1VQBA_D36N,Mut,S1925/1VQBA/1VQBA_D36N_relaxed.pdb,0
S1925,1VQBA_C33I,WT,S1925/1VQBA/1VQBA_relaxed.pdb,0
S1925,1VQBA_C33I,Mut,S1925/1VQBA/1VQBA_C33I_relaxed.pdb,0
S1925,1VQBA_L32H,WT,S1925/1VQBA/1VQBA_relaxed.pdb,0
S1925,1VQBA_L32H,Mut,S1925/1VQBA/1VQBA_L32H_relaxed.pdb,0
S1925,1VQBA_M77T,WT,S1925/1VQBA/1VQBA_relaxed.pdb,0
S1925,1VQBA_M77T,Mut,S1925/1VQBA/1VQBA_M77T_relaxed.pdb,0
S1925,1VQBA_T48C,WT,S1925/1VQBA/1VQBA_relaxed.pdb,0
S1925,1VQBA_T48C,Mut,S1925/1VQBA/1VQBA_T48C_relaxed.pdb,0
S1925,1VQBA_I6V,WT,S1925/1VQBA/1VQBA_relaxed.pdb,0
S1925,1VQBA_I6V,Mut,S1925/1VQBA/1VQBA_I6V_relaxed.pdb,0
S1925,1VQBA_A86T,WT,S1925/1VQBA/1VQBA_relaxed.pdb,0
S1925,1VQBA_A86T,Mut,S1925/1VQBA/1VQBA_A86T_relaxed.pdb,0
S1925,1VQBA_F13T,WT,S1925/1VQBA/1VQBA_relaxed.pdb,0
S1925,1VQBA_F13T,Mut,S1925/1VQBA/1VQBA_F13T_relaxed.pdb,0
S1925,1VQBA_I47L,WT,S1925/1VQBA/1VQBA_relaxed.pdb,0
S1925,1VQBA_I47L,Mut,S1925/1VQBA/1VQBA_I47L_relaxed.pdb,0
S1925,1VQBA_T62C,WT,S1925/1VQBA/1VQBA_relaxed.pdb,0
S1925,1VQBA_T62C,Mut,S1925/1VQBA/1VQBA_T62C_relaxed.pdb,0
S1925,1VQBA_V35I,WT,S1925/1VQBA/1VQBA_relaxed.pdb,0
S1925,1VQBA_V35I,Mut,S1925/1VQBA/1VQBA_V35I_relaxed.pdb,0
S1925,1VQBA_V19T,WT,S1925/1VQBA/1VQBA_relaxed.pdb,0
S1925,1VQBA_V19T,Mut,S1925/1VQBA/1VQBA_V19T_relaxed.pdb,0
S1925,1VQBA_Y41F,WT,S1925/1VQBA/1VQBA_relaxed.pdb,0
S1925,1VQBA_Y41F,Mut,S1925/1VQBA/1VQBA_Y41F_relaxed.pdb,0
S1925,1VQBA_C33A,WT,S1925/1VQBA/1VQBA_relaxed.pdb,0
S1925,1VQBA_C33A,Mut,S1925/1VQBA/1VQBA_C33A_relaxed.pdb,0
S1925,1VQBA_Y26R,WT,S1925/1VQBA/1VQBA_relaxed.pdb,0
S1925,1VQBA_Y26R,Mut,S1925/1VQBA/1VQBA_Y26R_relaxed.pdb,0
S1925,1VQBA_Y41A,WT,S1925/1VQBA/1VQBA_relaxed.pdb,0
S1925,1VQBA_Y41A,Mut,S1925/1VQBA/1VQBA_Y41A_relaxed.pdb,0
S1925,1VQBA_V19C,WT,S1925/1VQBA/1VQBA_relaxed.pdb,0
S1925,1VQBA_V19C,Mut,S1925/1VQBA/1VQBA_V19C_relaxed.pdb,0
S1925,1VQBA_C33V,WT,S1925/1VQBA/1VQBA_relaxed.pdb,0
S1925,1VQBA_C33V,Mut,S1925/1VQBA/1VQBA_C33V_relaxed.pdb,0
S1925,1VQBA_L81V,WT,S1925/1VQBA/1VQBA_relaxed.pdb,0
S1925,1VQBA_L81V,Mut,S1925/1VQBA/1VQBA_L81V_relaxed.pdb,0
S1925,1VQBA_M77F,WT,S1925/1VQBA/1VQBA_relaxed.pdb,0
S1925,1VQBA_M77F,Mut,S1925/1VQBA/1VQBA_M77F_relaxed.pdb,0
S1925,1VQBA_V45C,WT,S1925/1VQBA/1VQBA_relaxed.pdb,0
S1925,1VQBA_V45C,Mut,S1925/1VQBA/1VQBA_V45C_relaxed.pdb,0
S1925,1VQBA_M77C,WT,S1925/1VQBA/1VQBA_relaxed.pdb,0
S1925,1VQBA_M77C,Mut,S1925/1VQBA/1VQBA_M77C_relaxed.pdb,0
S1925,1VQBA_T48V,WT,S1925/1VQBA/1VQBA_relaxed.pdb,0
S1925,1VQBA_T48V,Mut,S1925/1VQBA/1VQBA_T48V_relaxed.pdb,0
S1925,1VQBA_K69M,WT,S1925/1VQBA/1VQBA_relaxed.pdb,0
S1925,1VQBA_K69M,Mut,S1925/1VQBA/1VQBA_K69M_relaxed.pdb,0
S1925,1VQBA_A86V,WT,S1925/1VQBA/1VQBA_relaxed.pdb,0
S1925,1VQBA_A86V,Mut,S1925/1VQBA/1VQBA_A86V_relaxed.pdb,0
S1925,1VQBA_H64C,WT,S1925/1VQBA/1VQBA_relaxed.pdb,0
S1925,1VQBA_H64C,Mut,S1925/1VQBA/1VQBA_H64C_relaxed.pdb,0
S1925,1VQBA_E30M,WT,S1925/1VQBA/1VQBA_relaxed.pdb,0
S1925,1VQBA_E30M,Mut,S1925/1VQBA/1VQBA_E30M_relaxed.pdb,0
S1925,1VQBA_K24V,WT,S1925/1VQBA/1VQBA_relaxed.pdb,0
S1925,1VQBA_K24V,Mut,S1925/1VQBA/1VQBA_K24V_relaxed.pdb,0
S1925,1VQBA_L32Y,WT,S1925/1VQBA/1VQBA_relaxed.pdb,0
S1925,1VQBA_L32Y,Mut,S1925/1VQBA/1VQBA_L32Y_relaxed.pdb,0
S1925,1VQBA_L28V,WT,S1925/1VQBA/1VQBA_relaxed.pdb,0
S1925,1VQBA_L28V,Mut,S1925/1VQBA/1VQBA_L28V_relaxed.pdb,0
S1925,1VQBA_M77V,WT,S1925/1VQBA/1VQBA_relaxed.pdb,0
S1925,1VQBA_M77V,Mut,S1925/1VQBA/1VQBA_M77V_relaxed.pdb,0
S1925,1VQBA_T62V,WT,S1925/1VQBA/1VQBA_relaxed.pdb,0
S1925,1VQBA_T62V,Mut,S1925/1VQBA/1VQBA_T62V_relaxed.pdb,0
S1925,1VQBA_M77I,WT,S1925/1VQBA/1VQBA_relaxed.pdb,0
S1925,1VQBA_M77I,Mut,S1925/1VQBA/1VQBA_M77I_relaxed.pdb,0
S1925,1VQBA_E30F,WT,S1925/1VQBA/1VQBA_relaxed.pdb,0
S1925,1VQBA_E30F,Mut,S1925/1VQBA/1VQBA_E30F_relaxed.pdb,0
S1925,1VQBA_L32W,WT,S1925/1VQBA/1VQBA_relaxed.pdb,0
S1925,1VQBA_L32W,Mut,S1925/1VQBA/1VQBA_L32W_relaxed.pdb,0
S1925,1YCCA_P76L,WT,S1925/1YCCA/1YCCA_relaxed.pdb,0
S1925,1YCCA_P76L,Mut,S1925/1YCCA/1YCCA_P76L_relaxed.pdb,0
S1925,1YCCA_L85A,WT,S1925/1YCCA/1YCCA_relaxed.pdb,0
S1925,1YCCA_L85A,Mut,S1925/1YCCA/1YCCA_L85A_relaxed.pdb,0
S1925,1YCCA_P76W,WT,S1925/1YCCA/1YCCA_relaxed.pdb,0
S1925,1YCCA_P76W,Mut,S1925/1YCCA/1YCCA_P76W_relaxed.pdb,0
S1925,1YCCA_P76Y,WT,S1925/1YCCA/1YCCA_relaxed.pdb,0
S1925,1YCCA_P76Y,Mut,S1925/1YCCA/1YCCA_P76Y_relaxed.pdb,0
S1925,1YCCA_P76S,WT,S1925/1YCCA/1YCCA_relaxed.pdb,0
S1925,1YCCA_P76S,Mut,S1925/1YCCA/1YCCA_P76S_relaxed.pdb,0
S1925,1YCCA_K73W,WT,S1925/1YCCA/1YCCA_relaxed.pdb,0
S1925,1YCCA_K73W,Mut,S1925/1YCCA/1YCCA_K73W_relaxed.pdb,0
S1925,1YCCA_N52S,WT,S1925/1YCCA/1YCCA_relaxed.pdb,0
S1925,1YCCA_N52S,Mut,S1925/1YCCA/1YCCA_N52S_relaxed.pdb,0
S1925,1YCCA_N52H,WT,S1925/1YCCA/1YCCA_relaxed.pdb,0
S1925,1YCCA_N52H,Mut,S1925/1YCCA/1YCCA_N52H_relaxed.pdb,0
S1925,1YCCA_P76V,WT,S1925/1YCCA/1YCCA_relaxed.pdb,0
S1925,1YCCA_P76V,Mut,S1925/1YCCA/1YCCA_P76V_relaxed.pdb,0
S1925,1YCCA_P76R,WT,S1925/1YCCA/1YCCA_relaxed.pdb,0
S1925,1YCCA_P76R,Mut,S1925/1YCCA/1YCCA_P76R_relaxed.pdb,0
S1925,1YCCA_P76G,WT,S1925/1YCCA/1YCCA_relaxed.pdb,0
S1925,1YCCA_P76G,Mut,S1925/1YCCA/1YCCA_P76G_relaxed.pdb,0
S1925,1YCCA_F82Y,WT,S1925/1YCCA/1YCCA_relaxed.pdb,0
S1925,1YCCA_F82Y,Mut,S1925/1YCCA/1YCCA_F82Y_relaxed.pdb,0
S1925,1YCCA_N52T,WT,S1925/1YCCA/1YCCA_relaxed.pdb,0
S1925,1YCCA_N52T,Mut,S1925/1YCCA/1YCCA_N52T_relaxed.pdb,0
S1925,1YCCA_K73I,WT,S1925/1YCCA/1YCCA_relaxed.pdb,0
S1925,1YCCA_K73I,Mut,S1925/1YCCA/1YCCA_K73I_relaxed.pdb,0
S1925,1YCCA_N52Q,WT,S1925/1YCCA/1YCCA_relaxed.pdb,0
S1925,1YCCA_N52Q,Mut,S1925/1YCCA/1YCCA_N52Q_relaxed.pdb,0
S1925,1YCCA_K73V,WT,S1925/1YCCA/1YCCA_relaxed.pdb,0
S1925,1YCCA_K73V,Mut,S1925/1YCCA/1YCCA_K73V_relaxed.pdb,0
S1925,1YCCA_C102T,WT,S1925/1YCCA/1YCCA_relaxed.pdb,0
S1925,1YCCA_C102T,Mut,S1925/1YCCA/1YCCA_C102T_relaxed.pdb,0
S1925,1YCCA_N52A,WT,S1925/1YCCA/1YCCA_relaxed.pdb,0
S1925,1YCCA_N52A,Mut,S1925/1YCCA/1YCCA_N52A_relaxed.pdb,0
S1925,1YCCA_N52V,WT,S1925/1YCCA/1YCCA_relaxed.pdb,0
S1925,1YCCA_N52V,Mut,S1925/1YCCA/1YCCA_N52V_relaxed.pdb,0
S1925,1YCCA_N52I,WT,S1925/1YCCA/1YCCA_relaxed.pdb,0
S1925,1YCCA_N52I,Mut,S1925/1YCCA/1YCCA_N52I_relaxed.pdb,0
S1925,1YCCA_N52M,WT,S1925/1YCCA/1YCCA_relaxed.pdb,0
S1925,1YCCA_N52M,Mut,S1925/1YCCA/1YCCA_N52M_relaxed.pdb,0
S1925,1YCCA_N52L,WT,S1925/1YCCA/1YCCA_relaxed.pdb,0
S1925,1YCCA_N52L,Mut,S1925/1YCCA/1YCCA_N52L_relaxed.pdb,0
S1925,1YCCA_C102S,WT,S1925/1YCCA/1YCCA_relaxed.pdb,0
S1925,1YCCA_C102S,Mut,S1925/1YCCA/1YCCA_C102S_relaxed.pdb,0
S1925,1YCCA_C102A,WT,S1925/1YCCA/1YCCA_relaxed.pdb,0
S1925,1YCCA_C102A,Mut,S1925/1YCCA/1YCCA_C102A_relaxed.pdb,0
S1925,2ABDA_Y73A,WT,S1925/2ABDA/2ABDA_relaxed.pdb,0
S1925,2ABDA_Y73A,Mut,S1925/2ABDA/2ABDA_Y73A_relaxed.pdb,0
S1925,2ABDA_L80A,WT,S1925/2ABDA/2ABDA_relaxed.pdb,0
S1925,2ABDA_L80A,Mut,S1925/2ABDA/2ABDA_L80A_relaxed.pdb,0
S1925,2ABDA_Q33A,WT,S1925/2ABDA/2ABDA_relaxed.pdb,0
S1925,2ABDA_Q33A,Mut,S1925/2ABDA/2ABDA_Q33A_relaxed.pdb,0
S1925,2ABDA_L15A,WT,S1925/2ABDA/2ABDA_relaxed.pdb,0
S1925,2ABDA_L15A,Mut,S1925/2ABDA/2ABDA_L15A_relaxed.pdb,0
S1925,2ABDA_F5A,WT,S1925/2ABDA/2ABDA_relaxed.pdb,0
S1925,2ABDA_F5A,Mut,S1925/2ABDA/2ABDA_F5A_relaxed.pdb,0
S1925,2ABDA_Y28A,WT,S1925/2ABDA/2ABDA_relaxed.pdb,0
S1925,2ABDA_Y28A,Mut,S1925/2ABDA/2ABDA_Y28A_relaxed.pdb,0
S1925,2ABDA_Y28N,WT,S1925/2ABDA/2ABDA_relaxed.pdb,0
S1925,2ABDA_Y28N,Mut,S1925/2ABDA/2ABDA_Y28N_relaxed.pdb,0
S1925,2ABDA_K32R,WT,S1925/2ABDA/2ABDA_relaxed.pdb,0
S1925,2ABDA_K32R,Mut,S1925/2ABDA/2ABDA_K32R_relaxed.pdb,0
S1925,2ABDA_A9G,WT,S1925/2ABDA/2ABDA_relaxed.pdb,0
S1925,2ABDA_A9G,Mut,S1925/2ABDA/2ABDA_A9G_relaxed.pdb,0
S1925,2ABDA_V12A,WT,S1925/2ABDA/2ABDA_relaxed.pdb,0
S1925,2ABDA_V12A,Mut,S1925/2ABDA/2ABDA_V12A_relaxed.pdb,0
S1925,2ABDA_K32E,WT,S1925/2ABDA/2ABDA_relaxed.pdb,0
S1925,2ABDA_K32E,Mut,S1925/2ABDA/2ABDA_K32E_relaxed.pdb,0
S1925,2ABDA_A34G,WT,S1925/2ABDA/2ABDA_relaxed.pdb,0
S1925,2ABDA_A34G,Mut,S1925/2ABDA/2ABDA_A34G_relaxed.pdb,0
S1925,2ABDA_Y31N,WT,S1925/2ABDA/2ABDA_relaxed.pdb,0
S1925,2ABDA_Y31N,Mut,S1925/2ABDA/2ABDA_Y31N_relaxed.pdb,0
S1925,2ABDA_P44A,WT,S1925/2ABDA/2ABDA_relaxed.pdb,0
S1925,2ABDA_P44A,Mut,S1925/2ABDA/2ABDA_P44A_relaxed.pdb,0
S1925,2ABDA_V77A,WT,S1925/2ABDA/2ABDA_relaxed.pdb,0
S1925,2ABDA_V77A,Mut,S1925/2ABDA/2ABDA_V77A_relaxed.pdb,0
S1925,2ABDA_T35A,WT,S1925/2ABDA/2ABDA_relaxed.pdb,0
S1925,2ABDA_T35A,Mut,S1925/2ABDA/2ABDA_T35A_relaxed.pdb,0
S1925,2ABDA_P19A,WT,S1925/2ABDA/2ABDA_relaxed.pdb,0
S1925,2ABDA_P19A,Mut,S1925/2ABDA/2ABDA_P19A_relaxed.pdb,0
S1925,2ABDA_Y28F,WT,S1925/2ABDA/2ABDA_relaxed.pdb,0
S1925,2ABDA_Y28F,Mut,S1925/2ABDA/2ABDA_Y28F_relaxed.pdb,0
S1925,2ABDA_K32A,WT,S1925/2ABDA/2ABDA_relaxed.pdb,0
S1925,2ABDA_K32A,Mut,S1925/2ABDA/2ABDA_K32A_relaxed.pdb,0
S1925,2ABDA_L25A,WT,S1925/2ABDA/2ABDA_relaxed.pdb,0
S1925,2ABDA_L25A,Mut,S1925/2ABDA/2ABDA_L25A_relaxed.pdb,0
S1925,2ABDA_K54A,WT,S1925/2ABDA/2ABDA_relaxed.pdb,0
S1925,2ABDA_K54A,Mut,S1925/2ABDA/2ABDA_K54A_relaxed.pdb,0
S1925,2ABDA_D21H,WT,S1925/2ABDA/2ABDA_relaxed.pdb,0
S1925,2ABDA_D21H,Mut,S1925/2ABDA/2ABDA_D21H_relaxed.pdb,0
S1925,2ABDA_E67A,WT,S1925/2ABDA/2ABDA_relaxed.pdb,0
S1925,2ABDA_E67A,Mut,S1925/2ABDA/2ABDA_E67A_relaxed.pdb,0
S1925,2ABDA_K52M,WT,S1925/2ABDA/2ABDA_relaxed.pdb,0
S1925,2ABDA_K52M,Mut,S1925/2ABDA/2ABDA_K52M_relaxed.pdb,0
S1925,2ABDA_K54M,WT,S1925/2ABDA/2ABDA_relaxed.pdb,0
S1925,2ABDA_K54M,Mut,S1925/2ABDA/2ABDA_K54M_relaxed.pdb,0
S1925,2ABDA_Y73F,WT,S1925/2ABDA/2ABDA_relaxed.pdb,0
S1925,2ABDA_Y73F,Mut,S1925/2ABDA/2ABDA_Y73F_relaxed.pdb,0
S1925,2ABDA_D21A,WT,S1925/2ABDA/2ABDA_relaxed.pdb,0
S1925,2ABDA_D21A,Mut,S1925/2ABDA/2ABDA_D21A_relaxed.pdb,0
S1925,2AFGA_L73V,WT,S1925/2AFGA/2AFGA_relaxed.pdb,0
S1925,2AFGA_L73V,Mut,S1925/2AFGA/2AFGA_L73V_relaxed.pdb,0
S1925,2AFGA_V109L,WT,S1925/2AFGA/2AFGA_relaxed.pdb,0
S1925,2AFGA_V109L,Mut,S1925/2AFGA/2AFGA_V109L_relaxed.pdb,0
S1925,2AFGA_L44P,WT,S1925/2AFGA/2AFGA_relaxed.pdb,0
S1925,2AFGA_L44P,Mut,S1925/2AFGA/2AFGA_L44P_relaxed.pdb,0
S1925,2AKYA_T77H,WT,S1925/2AKYA/2AKYA_relaxed.pdb,0
S1925,2AKYA_T77H,Mut,S1925/2AKYA/2AKYA_T77H_relaxed.pdb,0
S1925,2AKYA_N169D,WT,S1925/2AKYA/2AKYA_relaxed.pdb,0
S1925,2AKYA_N169D,Mut,S1925/2AKYA/2AKYA_N169D_relaxed.pdb,0
S1925,2AKYA_I213F,WT,S1925/2AKYA/2AKYA_relaxed.pdb,0
S1925,2AKYA_I213F,Mut,S1925/2AKYA/2AKYA_I213F_relaxed.pdb,0
S1925,2AKYA_V8I,WT,S1925/2AKYA/2AKYA_relaxed.pdb,0
S1925,2AKYA_V8I,Mut,S1925/2AKYA/2AKYA_V8I_relaxed.pdb,0
S1925,2CI2I_V66A,WT,S1925/2CI2I/2CI2I_relaxed.pdb,0
S1925,2CI2I_V66A,Mut,S1925/2CI2I/2CI2I_V66A_relaxed.pdb,0
S1925,2CI2I_I76A,WT,S1925/2CI2I/2CI2I_relaxed.pdb,0
S1925,2CI2I_I76A,Mut,S1925/2CI2I/2CI2I_I76A_relaxed.pdb,0
S1925,2CI2I_I48A,WT,S1925/2CI2I/2CI2I_relaxed.pdb,0
S1925,2CI2I_I48A,Mut,S1925/2CI2I/2CI2I_I48A_relaxed.pdb,0
S1925,2CI2I_F69A,WT,S1925/2CI2I/2CI2I_relaxed.pdb,0
S1925,2CI2I_F69A,Mut,S1925/2CI2I/2CI2I_F69A_relaxed.pdb,0
S1925,2CI2I_L68A,WT,S1925/2CI2I/2CI2I_relaxed.pdb,0
S1925,2CI2I_L68A,Mut,S1925/2CI2I/2CI2I_L68A_relaxed.pdb,0
S1925,2CI2I_I49G,WT,S1925/2CI2I/2CI2I_relaxed.pdb,0
S1925,2CI2I_I49G,Mut,S1925/2CI2I/2CI2I_I49G_relaxed.pdb,0
S1925,2CI2I_V82G,WT,S1925/2CI2I/2CI2I_relaxed.pdb,0
S1925,2CI2I_V82G,Mut,S1925/2CI2I/2CI2I_V82G_relaxed.pdb,0
S1925,2CI2I_D71A,WT,S1925/2CI2I/2CI2I_relaxed.pdb,0
S1925,2CI2I_D71A,Mut,S1925/2CI2I/2CI2I_D71A_relaxed.pdb,0
S1925,2CI2I_P80A,WT,S1925/2CI2I/2CI2I_relaxed.pdb,0
S1925,2CI2I_P80A,Mut,S1925/2CI2I/2CI2I_P80A_relaxed.pdb,0
S1925,2CI2I_V79G,WT,S1925/2CI2I/2CI2I_relaxed.pdb,0
S1925,2CI2I_V79G,Mut,S1925/2CI2I/2CI2I_V79G_relaxed.pdb,0
S1925,2CI2I_K43G,WT,S1925/2CI2I/2CI2I_relaxed.pdb,0
S1925,2CI2I_K43G,Mut,S1925/2CI2I/2CI2I_K43G_relaxed.pdb,0
S1925,2CI2I_L27A,WT,S1925/2CI2I/2CI2I_relaxed.pdb,0
S1925,2CI2I_L27A,Mut,S1925/2CI2I/2CI2I_L27A_relaxed.pdb,0
S1925,2CI2I_V53G,WT,S1925/2CI2I/2CI2I_relaxed.pdb,0
S1925,2CI2I_V53G,Mut,S1925/2CI2I/2CI2I_V53G_relaxed.pdb,0
S1925,2CI2I_F69V,WT,S1925/2CI2I/2CI2I_relaxed.pdb,0
S1925,2CI2I_F69V,Mut,S1925/2CI2I/2CI2I_F69V_relaxed.pdb,0
S1925,2CI2I_L51A,WT,S1925/2CI2I/2CI2I_relaxed.pdb,0
S1925,2CI2I_L51A,Mut,S1925/2CI2I/2CI2I_L51A_relaxed.pdb,0
S1925,2CI2I_K36G,WT,S1925/2CI2I/2CI2I_relaxed.pdb,0
S1925,2CI2I_K36G,Mut,S1925/2CI2I/2CI2I_K36G_relaxed.pdb,0
S1925,2CI2I_V70A,WT,S1925/2CI2I/2CI2I_relaxed.pdb,0
S1925,2CI2I_V70A,Mut,S1925/2CI2I/2CI2I_V70A_relaxed.pdb,0
S1925,2CI2I_I49A,WT,S1925/2CI2I/2CI2I_relaxed.pdb,0
S1925,2CI2I_I49A,Mut,S1925/2CI2I/2CI2I_I49A_relaxed.pdb,0
S1925,2CI2I_F69L,WT,S1925/2CI2I/2CI2I_relaxed.pdb,0
S1925,2CI2I_F69L,Mut,S1925/2CI2I/2CI2I_F69L_relaxed.pdb,0
S1925,2CI2I_A77G,WT,S1925/2CI2I/2CI2I_relaxed.pdb,0
S1925,2CI2I_A77G,Mut,S1925/2CI2I/2CI2I_A77G_relaxed.pdb,0
S1925,2CI2I_P44A,WT,S1925/2CI2I/2CI2I_relaxed.pdb,0
S1925,2CI2I_P44A,Mut,S1925/2CI2I/2CI2I_P44A_relaxed.pdb,0
S1925,2CI2I_P25A,WT,S1925/2CI2I/2CI2I_relaxed.pdb,0
S1925,2CI2I_P25A,Mut,S1925/2CI2I/2CI2I_P25A_relaxed.pdb,0
S1925,2CI2I_V79A,WT,S1925/2CI2I/2CI2I_relaxed.pdb,0
S1925,2CI2I_V79A,Mut,S1925/2CI2I/2CI2I_V79A_relaxed.pdb,0
S1925,2CI2I_V57A,WT,S1925/2CI2I/2CI2I_relaxed.pdb,0
S1925,2CI2I_V57A,Mut,S1925/2CI2I/2CI2I_V57A_relaxed.pdb,0
S1925,2CI2I_V82A,WT,S1925/2CI2I/2CI2I_relaxed.pdb,0
S1925,2CI2I_V82A,Mut,S1925/2CI2I/2CI2I_V82A_relaxed.pdb,0
S1925,2CI2I_L40G,WT,S1925/2CI2I/2CI2I_relaxed.pdb,0
S1925,2CI2I_L40G,Mut,S1925/2CI2I/2CI2I_L40G_relaxed.pdb,0
S1925,2CI2I_I49T,WT,S1925/2CI2I/2CI2I_relaxed.pdb,0
S1925,2CI2I_I49T,Mut,S1925/2CI2I/2CI2I_I49T_relaxed.pdb,0
S1925,2CI2I_L40A,WT,S1925/2CI2I/2CI2I_relaxed.pdb,0
S1925,2CI2I_L40A,Mut,S1925/2CI2I/2CI2I_L40A_relaxed.pdb,0
S1925,2CI2I_I39V,WT,S1925/2CI2I/2CI2I_relaxed.pdb,0
S1925,2CI2I_I39V,Mut,S1925/2CI2I/2CI2I_I39V_relaxed.pdb,0
S1925,2CI2I_N75D,WT,S1925/2CI2I/2CI2I_relaxed.pdb,0
S1925,2CI2I_N75D,Mut,S1925/2CI2I/2CI2I_N75D_relaxed.pdb,0
S1925,2CI2I_T22G,WT,S1925/2CI2I/2CI2I_relaxed.pdb,0
S1925,2CI2I_T22G,Mut,S1925/2CI2I/2CI2I_T22G_relaxed.pdb,0
S1925,2CI2I_V82T,WT,S1925/2CI2I/2CI2I_relaxed.pdb,0
S1925,2CI2I_V82T,Mut,S1925/2CI2I/2CI2I_V82T_relaxed.pdb,0
S1925,2CI2I_I48V,WT,S1925/2CI2I/2CI2I_relaxed.pdb,0
S1925,2CI2I_I48V,Mut,S1925/2CI2I/2CI2I_I48V_relaxed.pdb,0
S1925,2CI2I_A35G,WT,S1925/2CI2I/2CI2I_relaxed.pdb,0
S1925,2CI2I_A35G,Mut,S1925/2CI2I/2CI2I_A35G_relaxed.pdb,0
S1925,2CI2I_E34N,WT,S1925/2CI2I/2CI2I_relaxed.pdb,0
S1925,2CI2I_E34N,Mut,S1925/2CI2I/2CI2I_E34N_relaxed.pdb,0
S1925,2CI2I_V53T,WT,S1925/2CI2I/2CI2I_relaxed.pdb,0
S1925,2CI2I_V53T,Mut,S1925/2CI2I/2CI2I_V53T_relaxed.pdb,0
S1925,2CI2I_K37G,WT,S1925/2CI2I/2CI2I_relaxed.pdb,0
S1925,2CI2I_K37G,Mut,S1925/2CI2I/2CI2I_K37G_relaxed.pdb,0
S1925,2CI2I_D42A,WT,S1925/2CI2I/2CI2I_relaxed.pdb,0
S1925,2CI2I_D42A,Mut,S1925/2CI2I/2CI2I_D42A_relaxed.pdb,0
S1925,2CI2I_S31A,WT,S1925/2CI2I/2CI2I_relaxed.pdb,0
S1925,2CI2I_S31A,Mut,S1925/2CI2I/2CI2I_S31A_relaxed.pdb,0
S1925,2CI2I_T22A,WT,S1925/2CI2I/2CI2I_relaxed.pdb,0
S1925,2CI2I_T22A,Mut,S1925/2CI2I/2CI2I_T22A_relaxed.pdb,0
S1925,2CI2I_N75A,WT,S1925/2CI2I/2CI2I_relaxed.pdb,0
S1925,2CI2I_N75A,Mut,S1925/2CI2I/2CI2I_N75A_relaxed.pdb,0
S1925,2CI2I_D64A,WT,S1925/2CI2I/2CI2I_relaxed.pdb,0
S1925,2CI2I_D64A,Mut,S1925/2CI2I/2CI2I_D64A_relaxed.pdb,0
S1925,2CI2I_S31G,WT,S1925/2CI2I/2CI2I_relaxed.pdb,0
S1925,2CI2I_S31G,Mut,S1925/2CI2I/2CI2I_S31G_relaxed.pdb,0
S1925,2CI2I_T55V,WT,S1925/2CI2I/2CI2I_relaxed.pdb,0
S1925,2CI2I_T55V,Mut,S1925/2CI2I/2CI2I_T55V_relaxed.pdb,0
S1925,2CI2I_E34D,WT,S1925/2CI2I/2CI2I_relaxed.pdb,0
S1925,2CI2I_E34D,Mut,S1925/2CI2I/2CI2I_E34D_relaxed.pdb,0
S1925,2CI2I_E33N,WT,S1925/2CI2I/2CI2I_relaxed.pdb,0
S1925,2CI2I_E33N,Mut,S1925/2CI2I/2CI2I_E33N_relaxed.pdb,0
S1925,2CI2I_E60A,WT,S1925/2CI2I/2CI2I_relaxed.pdb,0
S1925,2CI2I_E60A,Mut,S1925/2CI2I/2CI2I_E60A_relaxed.pdb,0
S1925,2CI2I_K21M,WT,S1925/2CI2I/2CI2I_relaxed.pdb,0
S1925,2CI2I_K21M,Mut,S1925/2CI2I/2CI2I_K21M_relaxed.pdb,0
S1925,2CI2I_K43A,WT,S1925/2CI2I/2CI2I_relaxed.pdb,0
S1925,2CI2I_K43A,Mut,S1925/2CI2I/2CI2I_K43A_relaxed.pdb,0
S1925,2CI2I_V53A,WT,S1925/2CI2I/2CI2I_relaxed.pdb,0
S1925,2CI2I_V53A,Mut,S1925/2CI2I/2CI2I_V53A_relaxed.pdb,0
S1925,2CI2I_E26Q,WT,S1925/2CI2I/2CI2I_relaxed.pdb,0
S1925,2CI2I_E26Q,Mut,S1925/2CI2I/2CI2I_E26Q_relaxed.pdb,0
S1925,2CI2I_Q41G,WT,S1925/2CI2I/2CI2I_relaxed.pdb,0
S1925,2CI2I_Q41G,Mut,S1925/2CI2I/2CI2I_Q41G_relaxed.pdb,0
S1925,2CI2I_R62A,WT,S1925/2CI2I/2CI2I_relaxed.pdb,0
S1925,2CI2I_R62A,Mut,S1925/2CI2I/2CI2I_R62A_relaxed.pdb,0
S1925,2CI2I_K21A,WT,S1925/2CI2I/2CI2I_relaxed.pdb,0
S1925,2CI2I_K21A,Mut,S1925/2CI2I/2CI2I_K21A_relaxed.pdb,0
S1925,2CI2I_E33D,WT,S1925/2CI2I/2CI2I_relaxed.pdb,0
S1925,2CI2I_E33D,Mut,S1925/2CI2I/2CI2I_E33D_relaxed.pdb,0
S1925,2CI2I_L51V,WT,S1925/2CI2I/2CI2I_relaxed.pdb,0
S1925,2CI2I_L51V,Mut,S1925/2CI2I/2CI2I_L51V_relaxed.pdb,0
S1925,2CI2I_K36A,WT,S1925/2CI2I/2CI2I_relaxed.pdb,0
S1925,2CI2I_K36A,Mut,S1925/2CI2I/2CI2I_K36A_relaxed.pdb,0
S1925,2CI2I_V38A,WT,S1925/2CI2I/2CI2I_relaxed.pdb,0
S1925,2CI2I_V38A,Mut,S1925/2CI2I/2CI2I_V38A_relaxed.pdb,0
S1925,2CI2I_E26A,WT,S1925/2CI2I/2CI2I_relaxed.pdb,0
S1925,2CI2I_E26A,Mut,S1925/2CI2I/2CI2I_E26A_relaxed.pdb,0
S1925,2CI2I_E34Q,WT,S1925/2CI2I/2CI2I_relaxed.pdb,0
S1925,2CI2I_E34Q,Mut,S1925/2CI2I/2CI2I_E34Q_relaxed.pdb,0
S1925,2CI2I_V79T,WT,S1925/2CI2I/2CI2I_relaxed.pdb,0
S1925,2CI2I_V79T,Mut,S1925/2CI2I/2CI2I_V79T_relaxed.pdb,0
S1925,2CI2I_E45A,WT,S1925/2CI2I/2CI2I_relaxed.pdb,0
S1925,2CI2I_E45A,Mut,S1925/2CI2I/2CI2I_E45A_relaxed.pdb,0
S1925,2CI2I_T22V,WT,S1925/2CI2I/2CI2I_relaxed.pdb,0
S1925,2CI2I_T22V,Mut,S1925/2CI2I/2CI2I_T22V_relaxed.pdb,0
S1925,2CI2I_E33Q,WT,S1925/2CI2I/2CI2I_relaxed.pdb,0
S1925,2CI2I_E33Q,Mut,S1925/2CI2I/2CI2I_E33Q_relaxed.pdb,0
S1925,2CI2I_L51I,WT,S1925/2CI2I/2CI2I_relaxed.pdb,0
S1925,2CI2I_L51I,Mut,S1925/2CI2I/2CI2I_L51I_relaxed.pdb,0
S1925,2CI2I_P52A,WT,S1925/2CI2I/2CI2I_relaxed.pdb,0
S1925,2CI2I_P52A,Mut,S1925/2CI2I/2CI2I_P52A_relaxed.pdb,0
S1925,2CI2I_I56A,WT,S1925/2CI2I/2CI2I_relaxed.pdb,0
S1925,2CI2I_I56A,Mut,S1925/2CI2I/2CI2I_I56A_relaxed.pdb,0
S1925,2CI2I_Q41A,WT,S1925/2CI2I/2CI2I_relaxed.pdb,0
S1925,2CI2I_Q41A,Mut,S1925/2CI2I/2CI2I_Q41A_relaxed.pdb,0
S1925,2CI2I_T55S,WT,S1925/2CI2I/2CI2I_relaxed.pdb,0
S1925,2CI2I_T55S,Mut,S1925/2CI2I/2CI2I_T55S_relaxed.pdb,0
S1925,2CI2I_K72N,WT,S1925/2CI2I/2CI2I_relaxed.pdb,0
S1925,2CI2I_K72N,Mut,S1925/2CI2I/2CI2I_K72N_relaxed.pdb,0
S1925,2CI2I_I49V,WT,S1925/2CI2I/2CI2I_relaxed.pdb,0
S1925,2CI2I_I49V,Mut,S1925/2CI2I/2CI2I_I49V_relaxed.pdb,0
S1925,2CI2I_I76V,WT,S1925/2CI2I/2CI2I_relaxed.pdb,0
S1925,2CI2I_I76V,Mut,S1925/2CI2I/2CI2I_I76V_relaxed.pdb,0
S1925,2CI2I_K37A,WT,S1925/2CI2I/2CI2I_relaxed.pdb,0
S1925,2CI2I_K37A,Mut,S1925/2CI2I/2CI2I_K37A_relaxed.pdb,0
S1925,2CI2I_T55A,WT,S1925/2CI2I/2CI2I_relaxed.pdb,0
S1925,2CI2I_T55A,Mut,S1925/2CI2I/2CI2I_T55A_relaxed.pdb,0
S1925,2CI2I_K30A,WT,S1925/2CI2I/2CI2I_relaxed.pdb,0
S1925,2CI2I_K30A,Mut,S1925/2CI2I/2CI2I_K30A_relaxed.pdb,0
S1925,2HPRA_G49K,WT,S1925/2HPRA/2HPRA_relaxed.pdb,0
S1925,2HPRA_G49K,Mut,S1925/2HPRA/2HPRA_G49K_relaxed.pdb,0
S1925,2HPRA_G49A,WT,S1925/2HPRA/2HPRA_relaxed.pdb,0
S1925,2HPRA_G49A,Mut,S1925/2HPRA/2HPRA_G49A_relaxed.pdb,0
S1925,2HPRA_G49E,WT,S1925/2HPRA/2HPRA_relaxed.pdb,0
S1925,2HPRA_G49E,Mut,S1925/2HPRA/2HPRA_G49E_relaxed.pdb,0
S1925,2LZMA_M102K,WT,S1925/2LZMA/2LZMA_relaxed.pdb,0
S1925,2LZMA_M102K,Mut,S1925/2LZMA/2LZMA_M102K_relaxed.pdb,0
S1925,2LZMA_L99G,WT,S1925/2LZMA/2LZMA_relaxed.pdb,0
S1925,2LZMA_L99G,Mut,S1925/2LZMA/2LZMA_L99G_relaxed.pdb,0
S1925,2LZMA_A74P,WT,S1925/2LZMA/2LZMA_relaxed.pdb,0
S1925,2LZMA_A74P,Mut,S1925/2LZMA/2LZMA_A74P_relaxed.pdb,0
S1925,2LZMA_L133D,WT,S1925/2LZMA/2LZMA_relaxed.pdb,0
S1925,2LZMA_L133D,Mut,S1925/2LZMA/2LZMA_L133D_relaxed.pdb,0
S1925,2LZMA_L99A,WT,S1925/2LZMA/2LZMA_relaxed.pdb,0
S1925,2LZMA_L99A,Mut,S1925/2LZMA/2LZMA_L99A_relaxed.pdb,0
S1925,2LZMA_A98V,WT,S1925/2LZMA/2LZMA_relaxed.pdb,0
S1925,2LZMA_A98V,Mut,S1925/2LZMA/2LZMA_A98V_relaxed.pdb,0
S1925,2LZMA_V149G,WT,S1925/2LZMA/2LZMA_relaxed.pdb,0
S1925,2LZMA_V149G,Mut,S1925/2LZMA/2LZMA_V149G_relaxed.pdb,0
S1925,2LZMA_V149S,WT,S1925/2LZMA/2LZMA_relaxed.pdb,0
S1925,2LZMA_V149S,Mut,S1925/2LZMA/2LZMA_V149S_relaxed.pdb,0
S1925,2LZMA_L133A,WT,S1925/2LZMA/2LZMA_relaxed.pdb,0
S1925,2LZMA_L133A,Mut,S1925/2LZMA/2LZMA_L133A_relaxed.pdb,0
S1925,2LZMA_H31N,WT,S1925/2LZMA/2LZMA_relaxed.pdb,0
S1925,2LZMA_H31N,Mut,S1925/2LZMA/2LZMA_H31N_relaxed.pdb,0
S1925,2LZMA_L66A,WT,S1925/2LZMA/2LZMA_relaxed.pdb,0
S1925,2LZMA_L66A,Mut,S1925/2LZMA/2LZMA_L66A_relaxed.pdb,0
S1925,2LZMA_L84A,WT,S1925/2LZMA/2LZMA_relaxed.pdb,0
S1925,2LZMA_L84A,Mut,S1925/2LZMA/2LZMA_L84A_relaxed.pdb,0
S1925,2LZMA_F153A,WT,S1925/2LZMA/2LZMA_relaxed.pdb,0
S1925,2LZMA_F153A,Mut,S1925/2LZMA/2LZMA_F153A_relaxed.pdb,0
S1925,2LZMA_A42K,WT,S1925/2LZMA/2LZMA_relaxed.pdb,0
S1925,2LZMA_A42K,Mut,S1925/2LZMA/2LZMA_A42K_relaxed.pdb,0
S1925,2LZMA_L33A,WT,S1925/2LZMA/2LZMA_relaxed.pdb,0
S1925,2LZMA_L33A,Mut,S1925/2LZMA/2LZMA_L33A_relaxed.pdb,0
S1925,2LZMA_L118A,WT,S1925/2LZMA/2LZMA_relaxed.pdb,0
S1925,2LZMA_L118A,Mut,S1925/2LZMA/2LZMA_L118A_relaxed.pdb,0
S1925,2LZMA_I58T,WT,S1925/2LZMA/2LZMA_relaxed.pdb,0
S1925,2LZMA_I58T,Mut,S1925/2LZMA/2LZMA_I58T_relaxed.pdb,0
S1925,2LZMA_I100A,WT,S1925/2LZMA/2LZMA_relaxed.pdb,0
S1925,2LZMA_I100A,Mut,S1925/2LZMA/2LZMA_I100A_relaxed.pdb,0
S1925,2LZMA_M106K,WT,S1925/2LZMA/2LZMA_relaxed.pdb,0
S1925,2LZMA_M106K,Mut,S1925/2LZMA/2LZMA_M106K_relaxed.pdb,0
S1925,2LZMA_Q69P,WT,S1925/2LZMA/2LZMA_relaxed.pdb,0
S1925,2LZMA_Q69P,Mut,S1925/2LZMA/2LZMA_Q69P_relaxed.pdb,0
S1925,2LZMA_I3D,WT,S1925/2LZMA/2LZMA_relaxed.pdb,0
S1925,2LZMA_I3D,Mut,S1925/2LZMA/2LZMA_I3D_relaxed.pdb,0
S1925,2LZMA_I58A,WT,S1925/2LZMA/2LZMA_relaxed.pdb,0
S1925,2LZMA_I58A,Mut,S1925/2LZMA/2LZMA_I58A_relaxed.pdb,0
S1925,2LZMA_V149A,WT,S1925/2LZMA/2LZMA_relaxed.pdb,0
S1925,2LZMA_V149A,Mut,S1925/2LZMA/2LZMA_V149A_relaxed.pdb,0
S1925,2LZMA_I27A,WT,S1925/2LZMA/2LZMA_relaxed.pdb,0
S1925,2LZMA_I27A,Mut,S1925/2LZMA/2LZMA_I27A_relaxed.pdb,0
S1925,2LZMA_L91A,WT,S1925/2LZMA/2LZMA_relaxed.pdb,0
S1925,2LZMA_L91A,Mut,S1925/2LZMA/2LZMA_L91A_relaxed.pdb,0
S1925,2LZMA_F104A,WT,S1925/2LZMA/2LZMA_relaxed.pdb,0
S1925,2LZMA_F104A,Mut,S1925/2LZMA/2LZMA_F104A_relaxed.pdb,0
S1925,2LZMA_S44P,WT,S1925/2LZMA/2LZMA_relaxed.pdb,0
S1925,2LZMA_S44P,Mut,S1925/2LZMA/2LZMA_S44P_relaxed.pdb,0
S1925,2LZMA_V149T,WT,S1925/2LZMA/2LZMA_relaxed.pdb,0
S1925,2LZMA_V149T,Mut,S1925/2LZMA/2LZMA_V149T_relaxed.pdb,0
S1925,2LZMA_I3P,WT,S1925/2LZMA/2LZMA_relaxed.pdb,0
S1925,2LZMA_I3P,Mut,S1925/2LZMA/2LZMA_I3P_relaxed.pdb,0
S1925,2LZMA_T157I,WT,S1925/2LZMA/2LZMA_relaxed.pdb,0
S1925,2LZMA_T157I,Mut,S1925/2LZMA/2LZMA_T157I_relaxed.pdb,0
S1925,2LZMA_R96H,WT,S1925/2LZMA/2LZMA_relaxed.pdb,0
S1925,2LZMA_R96H,Mut,S1925/2LZMA/2LZMA_R96H_relaxed.pdb,0
S1925,2LZMA_I3W,WT,S1925/2LZMA/2LZMA_relaxed.pdb,0
S1925,2LZMA_I3W,Mut,S1925/2LZMA/2LZMA_I3W_relaxed.pdb,0
S1925,2LZMA_M6L,WT,S1925/2LZMA/2LZMA_relaxed.pdb,0
S1925,2LZMA_M6L,Mut,S1925/2LZMA/2LZMA_M6L_relaxed.pdb,0
S1925,2LZMA_T59A,WT,S1925/2LZMA/2LZMA_relaxed.pdb,0
S1925,2LZMA_T59A,Mut,S1925/2LZMA/2LZMA_T59A_relaxed.pdb,0
S1925,2LZMA_T59V,WT,S1925/2LZMA/2LZMA_relaxed.pdb,0
S1925,2LZMA_T59V,Mut,S1925/2LZMA/2LZMA_T59V_relaxed.pdb,0
S1925,2LZMA_I3Y,WT,S1925/2LZMA/2LZMA_relaxed.pdb,0
S1925,2LZMA_I3Y,Mut,S1925/2LZMA/2LZMA_I3Y_relaxed.pdb,0
S1925,2LZMA_D72P,WT,S1925/2LZMA/2LZMA_relaxed.pdb,0
S1925,2LZMA_D72P,Mut,S1925/2LZMA/2LZMA_D72P_relaxed.pdb,0
S1925,2LZMA_I17A,WT,S1925/2LZMA/2LZMA_relaxed.pdb,0
S1925,2LZMA_I17A,Mut,S1925/2LZMA/2LZMA_I17A_relaxed.pdb,0
S1925,2LZMA_L46A,WT,S1925/2LZMA/2LZMA_relaxed.pdb,0
S1925,2LZMA_L46A,Mut,S1925/2LZMA/2LZMA_L46A_relaxed.pdb,0
S1925,2LZMA_L121A,WT,S1925/2LZMA/2LZMA_relaxed.pdb,0
S1925,2LZMA_L121A,Mut,S1925/2LZMA/2LZMA_L121A_relaxed.pdb,0
S1925,2LZMA_L7A,WT,S1925/2LZMA/2LZMA_relaxed.pdb,0
S1925,2LZMA_L7A,Mut,S1925/2LZMA/2LZMA_L7A_relaxed.pdb,0
S1925,2LZMA_I29A,WT,S1925/2LZMA/2LZMA_relaxed.pdb,0
S1925,2LZMA_I29A,Mut,S1925/2LZMA/2LZMA_I29A_relaxed.pdb,0
S1925,2LZMA_T152S,WT,S1925/2LZMA/2LZMA_relaxed.pdb,0
S1925,2LZMA_T152S,Mut,S1925/2LZMA/2LZMA_T152S_relaxed.pdb,0
S1925,2LZMA_A98S,WT,S1925/2LZMA/2LZMA_relaxed.pdb,0
S1925,2LZMA_A98S,Mut,S1925/2LZMA/2LZMA_A98S_relaxed.pdb,0
S1925,2LZMA_I3T,WT,S1925/2LZMA/2LZMA_relaxed.pdb,0
S1925,2LZMA_I3T,Mut,S1925/2LZMA/2LZMA_I3T_relaxed.pdb,0
S1925,2LZMA_T157F,WT,S1925/2LZMA/2LZMA_relaxed.pdb,0
S1925,2LZMA_T157F,Mut,S1925/2LZMA/2LZMA_T157F_relaxed.pdb,0
S1925,2LZMA_A42S,WT,S1925/2LZMA/2LZMA_relaxed.pdb,0
S1925,2LZMA_A42S,Mut,S1925/2LZMA/2LZMA_A42S_relaxed.pdb,0
S1925,2LZMA_L99V,WT,S1925/2LZMA/2LZMA_relaxed.pdb,0
S1925,2LZMA_L99V,Mut,S1925/2LZMA/2LZMA_L99V_relaxed.pdb,0
S1925,2LZMA_G156D,WT,S1925/2LZMA/2LZMA_relaxed.pdb,0
S1925,2LZMA_G156D,Mut,S1925/2LZMA/2LZMA_G156D_relaxed.pdb,0
S1925,2LZMA_M106A,WT,S1925/2LZMA/2LZMA_relaxed.pdb,0
S1925,2LZMA_M106A,Mut,S1925/2LZMA/2LZMA_M106A_relaxed.pdb,0
S1925,2LZMA_A146T,WT,S1925/2LZMA/2LZMA_relaxed.pdb,0
S1925,2LZMA_A146T,Mut,S1925/2LZMA/2LZMA_A146T_relaxed.pdb,0
S1925,2LZMA_T59G,WT,S1925/2LZMA/2LZMA_relaxed.pdb,0
S1925,2LZMA_T59G,Mut,S1925/2LZMA/2LZMA_T59G_relaxed.pdb,0
S1925,2LZMA_V103A,WT,S1925/2LZMA/2LZMA_relaxed.pdb,0
S1925,2LZMA_V103A,Mut,S1925/2LZMA/2LZMA_V103A_relaxed.pdb,0
S1925,2LZMA_V149C,WT,S1925/2LZMA/2LZMA_relaxed.pdb,0
S1925,2LZMA_V149C,Mut,S1925/2LZMA/2LZMA_V149C_relaxed.pdb,0
S1925,2LZMA_I3G,WT,S1925/2LZMA/2LZMA_relaxed.pdb,0
S1925,2LZMA_I3G,Mut,S1925/2LZMA/2LZMA_I3G_relaxed.pdb,0
S1925,2LZMA_T157H,WT,S1925/2LZMA/2LZMA_relaxed.pdb,0
S1925,2LZMA_T157H,Mut,S1925/2LZMA/2LZMA_T157H_relaxed.pdb,0
S1925,2LZMA_I3E,WT,S1925/2LZMA/2LZMA_relaxed.pdb,0
S1925,2LZMA_I3E,Mut,S1925/2LZMA/2LZMA_I3E_relaxed.pdb,0
S1925,2LZMA_I50A,WT,S1925/2LZMA/2LZMA_relaxed.pdb,0
S1925,2LZMA_I50A,Mut,S1925/2LZMA/2LZMA_I50A_relaxed.pdb,0
S1925,2LZMA_I3S,WT,S1925/2LZMA/2LZMA_relaxed.pdb,0
S1925,2LZMA_I3S,Mut,S1925/2LZMA/2LZMA_I3S_relaxed.pdb,0
S1925,2LZMA_M6A,WT,S1925/2LZMA/2LZMA_relaxed.pdb,0
S1925,2LZMA_M6A,Mut,S1925/2LZMA/2LZMA_M6A_relaxed.pdb,0
S1925,2LZMA_F67A,WT,S1925/2LZMA/2LZMA_relaxed.pdb,0
S1925,2LZMA_F67A,Mut,S1925/2LZMA/2LZMA_F67A_relaxed.pdb,0
S1925,2LZMA_L84M,WT,S1925/2LZMA/2LZMA_relaxed.pdb,0
S1925,2LZMA_L84M,Mut,S1925/2LZMA/2LZMA_L84M_relaxed.pdb,0
S1925,2LZMA_A129M,WT,S1925/2LZMA/2LZMA_relaxed.pdb,0
S1925,2LZMA_A129M,Mut,S1925/2LZMA/2LZMA_A129M_relaxed.pdb,0
S1925,2LZMA_V94A,WT,S1925/2LZMA/2LZMA_relaxed.pdb,0
S1925,2LZMA_V94A,Mut,S1925/2LZMA/2LZMA_V94A_relaxed.pdb,0
S1925,2LZMA_F153V,WT,S1925/2LZMA/2LZMA_relaxed.pdb,0
S1925,2LZMA_F153V,Mut,S1925/2LZMA/2LZMA_F153V_relaxed.pdb,0
S1925,2LZMA_V87A,WT,S1925/2LZMA/2LZMA_relaxed.pdb,0
S1925,2LZMA_V87A,Mut,S1925/2LZMA/2LZMA_V87A_relaxed.pdb,0
S1925,2LZMA_Q105G,WT,S1925/2LZMA/2LZMA_relaxed.pdb,0
S1925,2LZMA_Q105G,Mut,S1925/2LZMA/2LZMA_Q105G_relaxed.pdb,0
S1925,2LZMA_T157L,WT,S1925/2LZMA/2LZMA_relaxed.pdb,0
S1925,2LZMA_T157L,Mut,S1925/2LZMA/2LZMA_T157L_relaxed.pdb,0
S1925,2LZMA_T157V,WT,S1925/2LZMA/2LZMA_relaxed.pdb,0
S1925,2LZMA_T157V,Mut,S1925/2LZMA/2LZMA_T157V_relaxed.pdb,0
S1925,2LZMA_V111F,WT,S1925/2LZMA/2LZMA_relaxed.pdb,0
S1925,2LZMA_V111F,Mut,S1925/2LZMA/2LZMA_V111F_relaxed.pdb,0
S1925,2LZMA_A160T,WT,S1925/2LZMA/2LZMA_relaxed.pdb,0
S1925,2LZMA_A160T,Mut,S1925/2LZMA/2LZMA_A160T_relaxed.pdb,0
S1925,2LZMA_I78A,WT,S1925/2LZMA/2LZMA_relaxed.pdb,0
S1925,2LZMA_I78A,Mut,S1925/2LZMA/2LZMA_I78A_relaxed.pdb,0
S1925,2LZMA_V87T,WT,S1925/2LZMA/2LZMA_relaxed.pdb,0
S1925,2LZMA_V87T,Mut,S1925/2LZMA/2LZMA_V87T_relaxed.pdb,0
S1925,2LZMA_I100M,WT,S1925/2LZMA/2LZMA_relaxed.pdb,0
S1925,2LZMA_I100M,Mut,S1925/2LZMA/2LZMA_I100M_relaxed.pdb,0
S1925,2LZMA_M120K,WT,S1925/2LZMA/2LZMA_relaxed.pdb,0
S1925,2LZMA_M120K,Mut,S1925/2LZMA/2LZMA_M120K_relaxed.pdb,0
S1925,2LZMA_G30F,WT,S1925/2LZMA/2LZMA_relaxed.pdb,0
S1925,2LZMA_G30F,Mut,S1925/2LZMA/2LZMA_G30F_relaxed.pdb,0
S1925,2LZMA_I78M,WT,S1925/2LZMA/2LZMA_relaxed.pdb,0
S1925,2LZMA_I78M,Mut,S1925/2LZMA/2LZMA_I78M_relaxed.pdb,0
S1925,2LZMA_L99I,WT,S1925/2LZMA/2LZMA_relaxed.pdb,0
S1925,2LZMA_L99I,Mut,S1925/2LZMA/2LZMA_L99I_relaxed.pdb,0
S1925,2LZMA_V71A,WT,S1925/2LZMA/2LZMA_relaxed.pdb,0
S1925,2LZMA_V71A,Mut,S1925/2LZMA/2LZMA_V71A_relaxed.pdb,0
S1925,2LZMA_N101A,WT,S1925/2LZMA/2LZMA_relaxed.pdb,0
S1925,2LZMA_N101A,Mut,S1925/2LZMA/2LZMA_N101A_relaxed.pdb,0
S1925,2LZMA_T152A,WT,S1925/2LZMA/2LZMA_relaxed.pdb,0
S1925,2LZMA_T152A,Mut,S1925/2LZMA/2LZMA_T152A_relaxed.pdb,0
S1925,2LZMA_T157E,WT,S1925/2LZMA/2LZMA_relaxed.pdb,0
S1925,2LZMA_T157E,Mut,S1925/2LZMA/2LZMA_T157E_relaxed.pdb,0
S1925,2LZMA_I3F,WT,S1925/2LZMA/2LZMA_relaxed.pdb,0
S1925,2LZMA_I3F,Mut,S1925/2LZMA/2LZMA_I3F_relaxed.pdb,0
S1925,2LZMA_D92N,WT,S1925/2LZMA/2LZMA_relaxed.pdb,0
S1925,2LZMA_D92N,Mut,S1925/2LZMA/2LZMA_D92N_relaxed.pdb,0
S1925,2LZMA_T157A,WT,S1925/2LZMA/2LZMA_relaxed.pdb,0
S1925,2LZMA_T157A,Mut,S1925/2LZMA/2LZMA_T157A_relaxed.pdb,0
S1925,2LZMA_M6I,WT,S1925/2LZMA/2LZMA_relaxed.pdb,0
S1925,2LZMA_M6I,Mut,S1925/2LZMA/2LZMA_M6I_relaxed.pdb,0
S1925,2LZMA_V75T,WT,S1925/2LZMA/2LZMA_relaxed.pdb,0
S1925,2LZMA_V75T,Mut,S1925/2LZMA/2LZMA_V75T_relaxed.pdb,0
S1925,2LZMA_A129L,WT,S1925/2LZMA/2LZMA_relaxed.pdb,0
S1925,2LZMA_A129L,Mut,S1925/2LZMA/2LZMA_A129L_relaxed.pdb,0
S1925,2LZMA_T157C,WT,S1925/2LZMA/2LZMA_relaxed.pdb,0
S1925,2LZMA_T157C,Mut,S1925/2LZMA/2LZMA_T157C_relaxed.pdb,0
S1925,2LZMA_T157R,WT,S1925/2LZMA/2LZMA_relaxed.pdb,0
S1925,2LZMA_T157R,Mut,S1925/2LZMA/2LZMA_T157R_relaxed.pdb,0
S1925,2LZMA_V111A,WT,S1925/2LZMA/2LZMA_relaxed.pdb,0
S1925,2LZMA_V111A,Mut,S1925/2LZMA/2LZMA_V111A_relaxed.pdb,0
S1925,2LZMA_I3C,WT,S1925/2LZMA/2LZMA_relaxed.pdb,0
S1925,2LZMA_I3C,Mut,S1925/2LZMA/2LZMA_I3C_relaxed.pdb,0
S1925,2LZMA_T59D,WT,S1925/2LZMA/2LZMA_relaxed.pdb,0
S1925,2LZMA_T59D,Mut,S1925/2LZMA/2LZMA_T59D_relaxed.pdb,0
S1925,2LZMA_Q105M,WT,S1925/2LZMA/2LZMA_relaxed.pdb,0
S1925,2LZMA_Q105M,Mut,S1925/2LZMA/2LZMA_Q105M_relaxed.pdb,0
S1925,2LZMA_T157N,WT,S1925/2LZMA/2LZMA_relaxed.pdb,0
S1925,2LZMA_T157N,Mut,S1925/2LZMA/2LZMA_T157N_relaxed.pdb,0
S1925,2LZMA_V103M,WT,S1925/2LZMA/2LZMA_relaxed.pdb,0
S1925,2LZMA_V103M,Mut,S1925/2LZMA/2LZMA_V103M_relaxed.pdb,0
S1925,2LZMA_E128K,WT,S1925/2LZMA/2LZMA_relaxed.pdb,0
S1925,2LZMA_E128K,Mut,S1925/2LZMA/2LZMA_E128K_relaxed.pdb,0
S1925,2LZMA_I3A,WT,S1925/2LZMA/2LZMA_relaxed.pdb,0
S1925,2LZMA_I3A,Mut,S1925/2LZMA/2LZMA_I3A_relaxed.pdb,0
S1925,2LZMA_K43A,WT,S1925/2LZMA/2LZMA_relaxed.pdb,0
S1925,2LZMA_K43A,Mut,S1925/2LZMA/2LZMA_K43A_relaxed.pdb,0
S1925,2LZMA_S90H,WT,S1925/2LZMA/2LZMA_relaxed.pdb,0
S1925,2LZMA_S90H,Mut,S1925/2LZMA/2LZMA_S90H_relaxed.pdb,0
S1925,2LZMA_T59N,WT,S1925/2LZMA/2LZMA_relaxed.pdb,0
S1925,2LZMA_T59N,Mut,S1925/2LZMA/2LZMA_T59N_relaxed.pdb,0
S1925,2LZMA_Q105E,WT,S1925/2LZMA/2LZMA_relaxed.pdb,0
S1925,2LZMA_Q105E,Mut,S1925/2LZMA/2LZMA_Q105E_relaxed.pdb,0
S1925,2LZMA_R154E,WT,S1925/2LZMA/2LZMA_relaxed.pdb,0
S1925,2LZMA_R154E,Mut,S1925/2LZMA/2LZMA_R154E_relaxed.pdb,0
S1925,2LZMA_T157D,WT,S1925/2LZMA/2LZMA_relaxed.pdb,0
S1925,2LZMA_T157D,Mut,S1925/2LZMA/2LZMA_T157D_relaxed.pdb,0
S1925,2LZMA_T157G,WT,S1925/2LZMA/2LZMA_relaxed.pdb,0
S1925,2LZMA_T157G,Mut,S1925/2LZMA/2LZMA_T157G_relaxed.pdb,0
S1925,2LZMA_A130S,WT,S1925/2LZMA/2LZMA_relaxed.pdb,0
S1925,2LZMA_A130S,Mut,S1925/2LZMA/2LZMA_A130S_relaxed.pdb,0
S1925,2LZMA_K135E,WT,S1925/2LZMA/2LZMA_relaxed.pdb,0
S1925,2LZMA_K135E,Mut,S1925/2LZMA/2LZMA_K135E_relaxed.pdb,0
S1925,2LZMA_D47A,WT,S1925/2LZMA/2LZMA_relaxed.pdb,0
S1925,2LZMA_D47A,Mut,S1925/2LZMA/2LZMA_D47A_relaxed.pdb,0
S1925,2LZMA_I3M,WT,S1925/2LZMA/2LZMA_relaxed.pdb,0
S1925,2LZMA_I3M,Mut,S1925/2LZMA/2LZMA_I3M_relaxed.pdb,0
S1925,2LZMA_L39A,WT,S1925/2LZMA/2LZMA_relaxed.pdb,0
S1925,2LZMA_L39A,Mut,S1925/2LZMA/2LZMA_L39A_relaxed.pdb,0
S1925,2LZMA_Q105A,WT,S1925/2LZMA/2LZMA_relaxed.pdb,0
S1925,2LZMA_Q105A,Mut,S1925/2LZMA/2LZMA_Q105A_relaxed.pdb,0
S1925,2LZMA_V111I,WT,S1925/2LZMA/2LZMA_relaxed.pdb,0
S1925,2LZMA_V111I,Mut,S1925/2LZMA/2LZMA_V111I_relaxed.pdb,0
S1925,2LZMA_M102L,WT,S1925/2LZMA/2LZMA_relaxed.pdb,0
S1925,2LZMA_M102L,Mut,S1925/2LZMA/2LZMA_M102L_relaxed.pdb,0
S1925,2LZMA_K60H,WT,S1925/2LZMA/2LZMA_relaxed.pdb,0
S1925,2LZMA_K60H,Mut,S1925/2LZMA/2LZMA_K60H_relaxed.pdb,0
S1925,2LZMA_L91M,WT,S1925/2LZMA/2LZMA_relaxed.pdb,0
S1925,2LZMA_L91M,Mut,S1925/2LZMA/2LZMA_L91M_relaxed.pdb,0
S1925,2LZMA_A129V,WT,S1925/2LZMA/2LZMA_relaxed.pdb,0
S1925,2LZMA_A129V,Mut,S1925/2LZMA/2LZMA_A129V_relaxed.pdb,0
S1925,2LZMA_F153M,WT,S1925/2LZMA/2LZMA_relaxed.pdb,0
S1925,2LZMA_F153M,Mut,S1925/2LZMA/2LZMA_F153M_relaxed.pdb,0
S1925,2LZMA_L121M,WT,S1925/2LZMA/2LZMA_relaxed.pdb,0
S1925,2LZMA_L121M,Mut,S1925/2LZMA/2LZMA_L121M_relaxed.pdb,0
S1925,2LZMA_C54V,WT,S1925/2LZMA/2LZMA_relaxed.pdb,0
S1925,2LZMA_C54V,Mut,S1925/2LZMA/2LZMA_C54V_relaxed.pdb,0
S1925,2LZMA_L99M,WT,S1925/2LZMA/2LZMA_relaxed.pdb,0
S1925,2LZMA_L99M,Mut,S1925/2LZMA/2LZMA_L99M_relaxed.pdb,0
S1925,2LZMA_T59S,WT,S1925/2LZMA/2LZMA_relaxed.pdb,0
S1925,2LZMA_T59S,Mut,S1925/2LZMA/2LZMA_T59S_relaxed.pdb,0
S1925,2LZMA_K147E,WT,S1925/2LZMA/2LZMA_relaxed.pdb,0
S1925,2LZMA_K147E,Mut,S1925/2LZMA/2LZMA_K147E_relaxed.pdb,0
S1925,2LZMA_L118M,WT,S1925/2LZMA/2LZMA_relaxed.pdb,0
S1925,2LZMA_L118M,Mut,S1925/2LZMA/2LZMA_L118M_relaxed.pdb,0
S1925,2LZMA_V131G,WT,S1925/2LZMA/2LZMA_relaxed.pdb,0
S1925,2LZMA_V131G,Mut,S1925/2LZMA/2LZMA_V131G_relaxed.pdb,0
S1925,2LZMA_T157S,WT,S1925/2LZMA/2LZMA_relaxed.pdb,0
S1925,2LZMA_T157S,Mut,S1925/2LZMA/2LZMA_T157S_relaxed.pdb,0
S1925,2LZMA_I3V,WT,S1925/2LZMA/2LZMA_relaxed.pdb,0
S1925,2LZMA_I3V,Mut,S1925/2LZMA/2LZMA_I3V_relaxed.pdb,0
S1925,2LZMA_A41S,WT,S1925/2LZMA/2LZMA_relaxed.pdb,0
S1925,2LZMA_A41S,Mut,S1925/2LZMA/2LZMA_A41S_relaxed.pdb,0
S1925,2LZMA_N55G,WT,S1925/2LZMA/2LZMA_relaxed.pdb,0
S1925,2LZMA_N55G,Mut,S1925/2LZMA/2LZMA_N55G_relaxed.pdb,0
S1925,2LZMA_N144H,WT,S1925/2LZMA/2LZMA_relaxed.pdb,0
S1925,2LZMA_N144H,Mut,S1925/2LZMA/2LZMA_N144H_relaxed.pdb,0
S1925,2LZMA_K48A,WT,S1925/2LZMA/2LZMA_relaxed.pdb,0
S1925,2LZMA_K48A,Mut,S1925/2LZMA/2LZMA_K48A_relaxed.pdb,0
S1925,2LZMA_S44G,WT,S1925/2LZMA/2LZMA_relaxed.pdb,0
S1925,2LZMA_S44G,Mut,S1925/2LZMA/2LZMA_S44G_relaxed.pdb,0
S1925,2LZMA_A49S,WT,S1925/2LZMA/2LZMA_relaxed.pdb,0
S1925,2LZMA_A49S,Mut,S1925/2LZMA/2LZMA_A49S_relaxed.pdb,0
S1925,2LZMA_K16E,WT,S1925/2LZMA/2LZMA_relaxed.pdb,0
S1925,2LZMA_K16E,Mut,S1925/2LZMA/2LZMA_K16E_relaxed.pdb,0
S1925,2LZMA_K83H,WT,S1925/2LZMA/2LZMA_relaxed.pdb,0
S1925,2LZMA_K83H,Mut,S1925/2LZMA/2LZMA_K83H_relaxed.pdb,0
S1925,2LZMA_F153I,WT,S1925/2LZMA/2LZMA_relaxed.pdb,0
S1925,2LZMA_F153I,Mut,S1925/2LZMA/2LZMA_F153I_relaxed.pdb,0
S1925,2LZMA_T115E,WT,S1925/2LZMA/2LZMA_relaxed.pdb,0
S1925,2LZMA_T115E,Mut,S1925/2LZMA/2LZMA_T115E_relaxed.pdb,0
S1925,2LZMA_T152C,WT,S1925/2LZMA/2LZMA_relaxed.pdb,0
S1925,2LZMA_T152C,Mut,S1925/2LZMA/2LZMA_T152C_relaxed.pdb,0
S1925,2LZMA_S44A,WT,S1925/2LZMA/2LZMA_relaxed.pdb,0
S1925,2LZMA_S44A,Mut,S1925/2LZMA/2LZMA_S44A_relaxed.pdb,0
S1925,2LZMA_A73S,WT,S1925/2LZMA/2LZMA_relaxed.pdb,0
S1925,2LZMA_A73S,Mut,S1925/2LZMA/2LZMA_A73S_relaxed.pdb,0
S1925,2LZMA_G77A,WT,S1925/2LZMA/2LZMA_relaxed.pdb,0
S1925,2LZMA_G77A,Mut,S1925/2LZMA/2LZMA_G77A_relaxed.pdb,0
S1925,2LZMA_L99F,WT,S1925/2LZMA/2LZMA_relaxed.pdb,0
S1925,2LZMA_L99F,Mut,S1925/2LZMA/2LZMA_L99F_relaxed.pdb,0
S1925,2LZMA_L133M,WT,S1925/2LZMA/2LZMA_relaxed.pdb,0
S1925,2LZMA_L133M,Mut,S1925/2LZMA/2LZMA_L133M_relaxed.pdb,0
S1925,2LZMA_T152I,WT,S1925/2LZMA/2LZMA_relaxed.pdb,0
S1925,2LZMA_T152I,Mut,S1925/2LZMA/2LZMA_T152I_relaxed.pdb,0
S1925,2LZMA_A82S,WT,S1925/2LZMA/2LZMA_relaxed.pdb,0
S1925,2LZMA_A82S,Mut,S1925/2LZMA/2LZMA_A82S_relaxed.pdb,0
S1925,2LZMA_D20A,WT,S1925/2LZMA/2LZMA_relaxed.pdb,0
S1925,2LZMA_D20A,Mut,S1925/2LZMA/2LZMA_D20A_relaxed.pdb,0
S1925,2LZMA_L133F,WT,S1925/2LZMA/2LZMA_relaxed.pdb,0
S1925,2LZMA_L133F,Mut,S1925/2LZMA/2LZMA_L133F_relaxed.pdb,0
S1925,2LZMA_R119M,WT,S1925/2LZMA/2LZMA_relaxed.pdb,0
S1925,2LZMA_R119M,Mut,S1925/2LZMA/2LZMA_R119M_relaxed.pdb,0
S1925,2LZMA_T109D,WT,S1925/2LZMA/2LZMA_relaxed.pdb,0
S1925,2LZMA_T109D,Mut,S1925/2LZMA/2LZMA_T109D_relaxed.pdb,0
S1925,2LZMA_R119H,WT,S1925/2LZMA/2LZMA_relaxed.pdb,0
S1925,2LZMA_R119H,Mut,S1925/2LZMA/2LZMA_R119H_relaxed.pdb,0
S1925,2LZMA_Q122A,WT,S1925/2LZMA/2LZMA_relaxed.pdb,0
S1925,2LZMA_Q122A,Mut,S1925/2LZMA/2LZMA_Q122A_relaxed.pdb,0
S1925,2LZMA_Q123A,WT,S1925/2LZMA/2LZMA_relaxed.pdb,0
S1925,2LZMA_Q123A,Mut,S1925/2LZMA/2LZMA_Q123A_relaxed.pdb,0
S1925,2LZMA_A93S,WT,S1925/2LZMA/2LZMA_relaxed.pdb,0
S1925,2LZMA_A93S,Mut,S1925/2LZMA/2LZMA_A93S_relaxed.pdb,0
S1925,2LZMA_M120A,WT,S1925/2LZMA/2LZMA_relaxed.pdb,0
S1925,2LZMA_M120A,Mut,S1925/2LZMA/2LZMA_M120A_relaxed.pdb,0
S1925,2LZMA_R119E,WT,S1925/2LZMA/2LZMA_relaxed.pdb,0
S1925,2LZMA_R119E,Mut,S1925/2LZMA/2LZMA_R119E_relaxed.pdb,0
S1925,2LZMA_R119A,WT,S1925/2LZMA/2LZMA_relaxed.pdb,0
S1925,2LZMA_R119A,Mut,S1925/2LZMA/2LZMA_R119A_relaxed.pdb,0
S1925,2LZMA_R80K,WT,S1925/2LZMA/2LZMA_relaxed.pdb,0
S1925,2LZMA_R80K,Mut,S1925/2LZMA/2LZMA_R80K_relaxed.pdb,0
S1925,2LZMA_S44N,WT,S1925/2LZMA/2LZMA_relaxed.pdb,0
S1925,2LZMA_S44N,Mut,S1925/2LZMA/2LZMA_S44N_relaxed.pdb,0
S1925,2LZMA_T115A,WT,S1925/2LZMA/2LZMA_relaxed.pdb,0
S1925,2LZMA_T115A,Mut,S1925/2LZMA/2LZMA_T115A_relaxed.pdb,0
S1925,2LZMA_V131T,WT,S1925/2LZMA/2LZMA_relaxed.pdb,0
S1925,2LZMA_V131T,Mut,S1925/2LZMA/2LZMA_V131T_relaxed.pdb,0
S1925,2LZMA_S44C,WT,S1925/2LZMA/2LZMA_relaxed.pdb,0
S1925,2LZMA_S44C,Mut,S1925/2LZMA/2LZMA_S44C_relaxed.pdb,0
S1925,2LZMA_S44D,WT,S1925/2LZMA/2LZMA_relaxed.pdb,0
S1925,2LZMA_S44D,Mut,S1925/2LZMA/2LZMA_S44D_relaxed.pdb,0
S1925,2LZMA_E11N,WT,S1925/2LZMA/2LZMA_relaxed.pdb,0
S1925,2LZMA_E11N,Mut,S1925/2LZMA/2LZMA_E11N_relaxed.pdb,0
S1925,2LZMA_S38D,WT,S1925/2LZMA/2LZMA_relaxed.pdb,0
S1925,2LZMA_S38D,Mut,S1925/2LZMA/2LZMA_S38D_relaxed.pdb,0
S1925,2LZMA_S38N,WT,S1925/2LZMA/2LZMA_relaxed.pdb,0
S1925,2LZMA_S38N,Mut,S1925/2LZMA/2LZMA_S38N_relaxed.pdb,0
S1925,2LZMA_A134S,WT,S1925/2LZMA/2LZMA_relaxed.pdb,0
S1925,2LZMA_A134S,Mut,S1925/2LZMA/2LZMA_A134S_relaxed.pdb,0
S1925,2LZMA_K124G,WT,S1925/2LZMA/2LZMA_relaxed.pdb,0
S1925,2LZMA_K124G,Mut,S1925/2LZMA/2LZMA_K124G_relaxed.pdb,0
S1925,2LZMA_N116D,WT,S1925/2LZMA/2LZMA_relaxed.pdb,0
S1925,2LZMA_N116D,Mut,S1925/2LZMA/2LZMA_N116D_relaxed.pdb,0
S1925,2LZMA_N144D,WT,S1925/2LZMA/2LZMA_relaxed.pdb,0
S1925,2LZMA_N144D,Mut,S1925/2LZMA/2LZMA_N144D_relaxed.pdb,0
S1925,2LZMA_V149I,WT,S1925/2LZMA/2LZMA_relaxed.pdb,0
S1925,2LZMA_V149I,Mut,S1925/2LZMA/2LZMA_V149I_relaxed.pdb,0
S1925,2LZMA_A82P,WT,S1925/2LZMA/2LZMA_relaxed.pdb,0
S1925,2LZMA_A82P,Mut,S1925/2LZMA/2LZMA_A82P_relaxed.pdb,0
S1925,2LZMA_N68A,WT,S1925/2LZMA/2LZMA_relaxed.pdb,0
S1925,2LZMA_N68A,Mut,S1925/2LZMA/2LZMA_N68A_relaxed.pdb,0
S1925,2LZMA_V131S,WT,S1925/2LZMA/2LZMA_relaxed.pdb,0
S1925,2LZMA_V131S,Mut,S1925/2LZMA/2LZMA_V131S_relaxed.pdb,0
S1925,2LZMA_R14K,WT,S1925/2LZMA/2LZMA_relaxed.pdb,0
S1925,2LZMA_R14K,Mut,S1925/2LZMA/2LZMA_R14K_relaxed.pdb,0
S1925,2LZMA_K60P,WT,S1925/2LZMA/2LZMA_relaxed.pdb,0
S1925,2LZMA_K60P,Mut,S1925/2LZMA/2LZMA_K60P_relaxed.pdb,0
S1925,2LZMA_S44E,WT,S1925/2LZMA/2LZMA_relaxed.pdb,0
S1925,2LZMA_S44E,Mut,S1925/2LZMA/2LZMA_S44E_relaxed.pdb,0
S1925,2LZMA_T109N,WT,S1925/2LZMA/2LZMA_relaxed.pdb,0
S1925,2LZMA_T109N,Mut,S1925/2LZMA/2LZMA_T109N_relaxed.pdb,0
S1925,2LZMA_E45A,WT,S1925/2LZMA/2LZMA_relaxed.pdb,0
S1925,2LZMA_E45A,Mut,S1925/2LZMA/2LZMA_E45A_relaxed.pdb,0
S1925,2LZMA_S44T,WT,S1925/2LZMA/2LZMA_relaxed.pdb,0
S1925,2LZMA_S44T,Mut,S1925/2LZMA/2LZMA_S44T_relaxed.pdb,0
S1925,2LZMA_A93P,WT,S1925/2LZMA/2LZMA_relaxed.pdb,0
S1925,2LZMA_A93P,Mut,S1925/2LZMA/2LZMA_A93P_relaxed.pdb,0
S1925,2LZMA_S44H,WT,S1925/2LZMA/2LZMA_relaxed.pdb,0
S1925,2LZMA_S44H,Mut,S1925/2LZMA/2LZMA_S44H_relaxed.pdb,0
S1925,2LZMA_S44W,WT,S1925/2LZMA/2LZMA_relaxed.pdb,0
S1925,2LZMA_S44W,Mut,S1925/2LZMA/2LZMA_S44W_relaxed.pdb,0
S1925,2LZMA_A93T,WT,S1925/2LZMA/2LZMA_relaxed.pdb,0
S1925,2LZMA_A93T,Mut,S1925/2LZMA/2LZMA_A93T_relaxed.pdb,0
S1925,2LZMA_S44F,WT,S1925/2LZMA/2LZMA_relaxed.pdb,0
S1925,2LZMA_S44F,Mut,S1925/2LZMA/2LZMA_S44F_relaxed.pdb,0
S1925,2LZMA_V131D,WT,S1925/2LZMA/2LZMA_relaxed.pdb,0
S1925,2LZMA_V131D,Mut,S1925/2LZMA/2LZMA_V131D_relaxed.pdb,0
S1925,2LZMA_V131L,WT,S1925/2LZMA/2LZMA_relaxed.pdb,0
S1925,2LZMA_V131L,Mut,S1925/2LZMA/2LZMA_V131L_relaxed.pdb,0
S1925,2LZMA_E11H,WT,S1925/2LZMA/2LZMA_relaxed.pdb,0
S1925,2LZMA_E11H,Mut,S1925/2LZMA/2LZMA_E11H_relaxed.pdb,0
S1925,2LZMA_G30A,WT,S1925/2LZMA/2LZMA_relaxed.pdb,0
S1925,2LZMA_G30A,Mut,S1925/2LZMA/2LZMA_G30A_relaxed.pdb,0
S1925,2LZMA_S44V,WT,S1925/2LZMA/2LZMA_relaxed.pdb,0
S1925,2LZMA_S44V,Mut,S1925/2LZMA/2LZMA_S44V_relaxed.pdb,0
S1925,2LZMA_G113A,WT,S1925/2LZMA/2LZMA_relaxed.pdb,0
S1925,2LZMA_G113A,Mut,S1925/2LZMA/2LZMA_G113A_relaxed.pdb,0
S1925,2LZMA_Q123E,WT,S1925/2LZMA/2LZMA_relaxed.pdb,0
S1925,2LZMA_Q123E,Mut,S1925/2LZMA/2LZMA_Q123E_relaxed.pdb,0
S1925,2LZMA_V131M,WT,S1925/2LZMA/2LZMA_relaxed.pdb,0
S1925,2LZMA_V131M,Mut,S1925/2LZMA/2LZMA_V131M_relaxed.pdb,0
S1925,2LZMA_V131A,WT,S1925/2LZMA/2LZMA_relaxed.pdb,0
S1925,2LZMA_V131A,Mut,S1925/2LZMA/2LZMA_V131A_relaxed.pdb,0
S1925,2LZMA_E128A,WT,S1925/2LZMA/2LZMA_relaxed.pdb,0
S1925,2LZMA_E128A,Mut,S1925/2LZMA/2LZMA_E128A_relaxed.pdb,0
S1925,2LZMA_V131I,WT,S1925/2LZMA/2LZMA_relaxed.pdb,0
S1925,2LZMA_V131I,Mut,S1925/2LZMA/2LZMA_V131I_relaxed.pdb,0
S1925,2LZMA_N116A,WT,S1925/2LZMA/2LZMA_relaxed.pdb,0
S1925,2LZMA_N116A,Mut,S1925/2LZMA/2LZMA_N116A_relaxed.pdb,0
S1925,2LZMA_S44Y,WT,S1925/2LZMA/2LZMA_relaxed.pdb,0
S1925,2LZMA_S44Y,Mut,S1925/2LZMA/2LZMA_S44Y_relaxed.pdb,0
S1925,2LZMA_N40A,WT,S1925/2LZMA/2LZMA_relaxed.pdb,0
S1925,2LZMA_N40A,Mut,S1925/2LZMA/2LZMA_N40A_relaxed.pdb,0
S1925,2LZMA_S44K,WT,S1925/2LZMA/2LZMA_relaxed.pdb,0
S1925,2LZMA_S44K,Mut,S1925/2LZMA/2LZMA_S44K_relaxed.pdb,0
S1925,2LZMA_F153L,WT,S1925/2LZMA/2LZMA_relaxed.pdb,0
S1925,2LZMA_F153L,Mut,S1925/2LZMA/2LZMA_F153L_relaxed.pdb,0
S1925,2LZMA_N144E,WT,S1925/2LZMA/2LZMA_relaxed.pdb,0
S1925,2LZMA_N144E,Mut,S1925/2LZMA/2LZMA_N144E_relaxed.pdb,0
S1925,2LZMA_T152V,WT,S1925/2LZMA/2LZMA_relaxed.pdb,0
S1925,2LZMA_T152V,Mut,S1925/2LZMA/2LZMA_T152V_relaxed.pdb,0
S1925,2LZMA_V131E,WT,S1925/2LZMA/2LZMA_relaxed.pdb,0
S1925,2LZMA_V131E,Mut,S1925/2LZMA/2LZMA_V131E_relaxed.pdb,0
S1925,2LZMA_S44R,WT,S1925/2LZMA/2LZMA_relaxed.pdb,0
S1925,2LZMA_S44R,Mut,S1925/2LZMA/2LZMA_S44R_relaxed.pdb,0
S1925,2LZMA_S44Q,WT,S1925/2LZMA/2LZMA_relaxed.pdb,0
S1925,2LZMA_S44Q,Mut,S1925/2LZMA/2LZMA_S44Q_relaxed.pdb,0
S1925,2LZMA_A41D,WT,S1925/2LZMA/2LZMA_relaxed.pdb,0
S1925,2LZMA_A41D,Mut,S1925/2LZMA/2LZMA_A41D_relaxed.pdb,0
S1925,2LZMA_A41V,WT,S1925/2LZMA/2LZMA_relaxed.pdb,0
S1925,2LZMA_A41V,Mut,S1925/2LZMA/2LZMA_A41V_relaxed.pdb,0
S1925,2LZMA_C54T,WT,S1925/2LZMA/2LZMA_relaxed.pdb,0
S1925,2LZMA_C54T,Mut,S1925/2LZMA/2LZMA_C54T_relaxed.pdb,0
S1925,2LZMA_G113E,WT,S1925/2LZMA/2LZMA_relaxed.pdb,0
S1925,2LZMA_G113E,Mut,S1925/2LZMA/2LZMA_G113E_relaxed.pdb,0
S1925,2LZMA_S44I,WT,S1925/2LZMA/2LZMA_relaxed.pdb,0
S1925,2LZMA_S44I,Mut,S1925/2LZMA/2LZMA_S44I_relaxed.pdb,0
S1925,2LZMA_S44M,WT,S1925/2LZMA/2LZMA_relaxed.pdb,0
S1925,2LZMA_S44M,Mut,S1925/2LZMA/2LZMA_S44M_relaxed.pdb,0
S1925,2LZMA_S44L,WT,S1925/2LZMA/2LZMA_relaxed.pdb,0
S1925,2LZMA_S44L,Mut,S1925/2LZMA/2LZMA_S44L_relaxed.pdb,0
S1925,2LZMA_T151S,WT,S1925/2LZMA/2LZMA_relaxed.pdb,0
S1925,2LZMA_T151S,Mut,S1925/2LZMA/2LZMA_T151S_relaxed.pdb,0
S1925,2LZMA_I3L,WT,S1925/2LZMA/2LZMA_relaxed.pdb,0
S1925,2LZMA_I3L,Mut,S1925/2LZMA/2LZMA_I3L_relaxed.pdb,0
S1925,2LZMA_N40D,WT,S1925/2LZMA/2LZMA_relaxed.pdb,0
S1925,2LZMA_N40D,Mut,S1925/2LZMA/2LZMA_N40D_relaxed.pdb,0
S1925,2LZMA_M106L,WT,S1925/2LZMA/2LZMA_relaxed.pdb,0
S1925,2LZMA_M106L,Mut,S1925/2LZMA/2LZMA_M106L_relaxed.pdb,0
S1925,2LZMA_M120L,WT,S1925/2LZMA/2LZMA_relaxed.pdb,0
S1925,2LZMA_M120L,Mut,S1925/2LZMA/2LZMA_M120L_relaxed.pdb,0
S1925,2LZMA_E22K,WT,S1925/2LZMA/2LZMA_relaxed.pdb,0
S1925,2LZMA_E22K,Mut,S1925/2LZMA/2LZMA_E22K_relaxed.pdb,0
S1925,2LZMA_T26S,WT,S1925/2LZMA/2LZMA_relaxed.pdb,0
S1925,2LZMA_T26S,Mut,S1925/2LZMA/2LZMA_T26S_relaxed.pdb,0
S1925,2LZMA_D20S,WT,S1925/2LZMA/2LZMA_relaxed.pdb,0
S1925,2LZMA_D20S,Mut,S1925/2LZMA/2LZMA_D20S_relaxed.pdb,0
S1925,2LZMA_E108V,WT,S1925/2LZMA/2LZMA_relaxed.pdb,0
S1925,2LZMA_E108V,Mut,S1925/2LZMA/2LZMA_E108V_relaxed.pdb,0
S1925,2LZMA_D20T,WT,S1925/2LZMA/2LZMA_relaxed.pdb,0
S1925,2LZMA_D20T,Mut,S1925/2LZMA/2LZMA_D20T_relaxed.pdb,0
S1925,2LZMA_E11A,WT,S1925/2LZMA/2LZMA_relaxed.pdb,0
S1925,2LZMA_E11A,Mut,S1925/2LZMA/2LZMA_E11A_relaxed.pdb,0
S1925,2LZMA_S117F,WT,S1925/2LZMA/2LZMA_relaxed.pdb,0
S1925,2LZMA_S117F,Mut,S1925/2LZMA/2LZMA_S117F_relaxed.pdb,0
S1925,2LZMA_N132I,WT,S1925/2LZMA/2LZMA_relaxed.pdb,0
S1925,2LZMA_N132I,Mut,S1925/2LZMA/2LZMA_N132I_relaxed.pdb,0
S1925,2LZMA_S117A,WT,S1925/2LZMA/2LZMA_relaxed.pdb,0
S1925,2LZMA_S117A,Mut,S1925/2LZMA/2LZMA_S117A_relaxed.pdb,0
S1925,2LZMA_D20N,WT,S1925/2LZMA/2LZMA_relaxed.pdb,0
S1925,2LZMA_D20N,Mut,S1925/2LZMA/2LZMA_D20N_relaxed.pdb,0
S1925,2LZMA_N132F,WT,S1925/2LZMA/2LZMA_relaxed.pdb,0
S1925,2LZMA_N132F,Mut,S1925/2LZMA/2LZMA_N132F_relaxed.pdb,0
S1925,2LZMA_N132M,WT,S1925/2LZMA/2LZMA_relaxed.pdb,0
S1925,2LZMA_N132M,Mut,S1925/2LZMA/2LZMA_N132M_relaxed.pdb,0
S1925,2LZMA_E11M,WT,S1925/2LZMA/2LZMA_relaxed.pdb,0
S1925,2LZMA_E11M,Mut,S1925/2LZMA/2LZMA_E11M_relaxed.pdb,0
S1925,2LZMA_E11F,WT,S1925/2LZMA/2LZMA_relaxed.pdb,0
S1925,2LZMA_E11F,Mut,S1925/2LZMA/2LZMA_E11F_relaxed.pdb,0
S1925,2LZMA_S117I,WT,S1925/2LZMA/2LZMA_relaxed.pdb,0
S1925,2LZMA_S117I,Mut,S1925/2LZMA/2LZMA_S117I_relaxed.pdb,0
S1925,2LZMA_S117V,WT,S1925/2LZMA/2LZMA_relaxed.pdb,0
S1925,2LZMA_S117V,Mut,S1925/2LZMA/2LZMA_S117V_relaxed.pdb,0
S1925,2RN2A_A52K,WT,S1925/2RN2A/2RN2A_relaxed.pdb,0
S1925,2RN2A_A52K,Mut,S1925/2RN2A/2RN2A_A52K_relaxed.pdb,0
S1925,2RN2A_A52H,WT,S1925/2RN2A/2RN2A_relaxed.pdb,0
S1925,2RN2A_A52H,Mut,S1925/2RN2A/2RN2A_A52H_relaxed.pdb,0
S1925,2RN2A_V74A,WT,S1925/2RN2A/2RN2A_relaxed.pdb,0
S1925,2RN2A_V74A,Mut,S1925/2RN2A/2RN2A_V74A_relaxed.pdb,0
S1925,2RN2A_A52G,WT,S1925/2RN2A/2RN2A_relaxed.pdb,0
S1925,2RN2A_A52G,Mut,S1925/2RN2A/2RN2A_A52G_relaxed.pdb,0
S1925,2RN2A_S68G,WT,S1925/2RN2A/2RN2A_relaxed.pdb,0
S1925,2RN2A_S68G,Mut,S1925/2RN2A/2RN2A_S68G_relaxed.pdb,0
S1925,2RN2A_A52Y,WT,S1925/2RN2A/2RN2A_relaxed.pdb,0
S1925,2RN2A_A52Y,Mut,S1925/2RN2A/2RN2A_A52Y_relaxed.pdb,0
S1925,2RN2A_A52D,WT,S1925/2RN2A/2RN2A_relaxed.pdb,0
S1925,2RN2A_A52D,Mut,S1925/2RN2A/2RN2A_A52D_relaxed.pdb,0
S1925,2RN2A_A52N,WT,S1925/2RN2A/2RN2A_relaxed.pdb,0
S1925,2RN2A_A52N,Mut,S1925/2RN2A/2RN2A_A52N_relaxed.pdb,0
S1925,2RN2A_A52S,WT,S1925/2RN2A/2RN2A_relaxed.pdb,0
S1925,2RN2A_A52S,Mut,S1925/2RN2A/2RN2A_A52S_relaxed.pdb,0
S1925,2RN2A_A52P,WT,S1925/2RN2A/2RN2A_relaxed.pdb,0
S1925,2RN2A_A52P,Mut,S1925/2RN2A/2RN2A_A52P_relaxed.pdb,0
S1925,2RN2A_A52E,WT,S1925/2RN2A/2RN2A_relaxed.pdb,0
S1925,2RN2A_A52E,Mut,S1925/2RN2A/2RN2A_A52E_relaxed.pdb,0
S1925,2RN2A_A52Q,WT,S1925/2RN2A/2RN2A_relaxed.pdb,0
S1925,2RN2A_A52Q,Mut,S1925/2RN2A/2RN2A_A52Q_relaxed.pdb,0
S1925,2RN2A_E135K,WT,S1925/2RN2A/2RN2A_relaxed.pdb,0
S1925,2RN2A_E135K,Mut,S1925/2RN2A/2RN2A_E135K_relaxed.pdb,0
S1925,2RN2A_G77A,WT,S1925/2RN2A/2RN2A_relaxed.pdb,0
S1925,2RN2A_G77A,Mut,S1925/2RN2A/2RN2A_G77A_relaxed.pdb,0
S1925,2RN2A_A52T,WT,S1925/2RN2A/2RN2A_relaxed.pdb,0
S1925,2RN2A_A52T,Mut,S1925/2RN2A/2RN2A_A52T_relaxed.pdb,0
S1925,2RN2A_D10N,WT,S1925/2RN2A/2RN2A_relaxed.pdb,0
S1925,2RN2A_D10N,Mut,S1925/2RN2A/2RN2A_D10N_relaxed.pdb,0
S1925,2RN2A_Q113P,WT,S1925/2RN2A/2RN2A_relaxed.pdb,0
S1925,2RN2A_Q113P,Mut,S1925/2RN2A/2RN2A_Q113P_relaxed.pdb,0
S1925,2RN2A_S68A,WT,S1925/2RN2A/2RN2A_relaxed.pdb,0
S1925,2RN2A_S68A,Mut,S1925/2RN2A/2RN2A_S68A_relaxed.pdb,0
S1925,2RN2A_S68L,WT,S1925/2RN2A/2RN2A_relaxed.pdb,0
S1925,2RN2A_S68L,Mut,S1925/2RN2A/2RN2A_S68L_relaxed.pdb,0
S1925,2RN2A_D94E,WT,S1925/2RN2A/2RN2A_relaxed.pdb,0
S1925,2RN2A_D94E,Mut,S1925/2RN2A/2RN2A_D94E_relaxed.pdb,0
S1925,2RN2A_D70N,WT,S1925/2RN2A/2RN2A_relaxed.pdb,0
S1925,2RN2A_D70N,Mut,S1925/2RN2A/2RN2A_D70N_relaxed.pdb,0
S1925,2RN2A_E48A,WT,S1925/2RN2A/2RN2A_relaxed.pdb,0
S1925,2RN2A_E48A,Mut,S1925/2RN2A/2RN2A_E48A_relaxed.pdb,0
S1925,2RN2A_E48D,WT,S1925/2RN2A/2RN2A_relaxed.pdb,0
S1925,2RN2A_E48D,Mut,S1925/2RN2A/2RN2A_E48D_relaxed.pdb,0
S1925,2RN2A_S68T,WT,S1925/2RN2A/2RN2A_relaxed.pdb,0
S1925,2RN2A_S68T,Mut,S1925/2RN2A/2RN2A_S68T_relaxed.pdb,0
S1925,2RN2A_H62D,WT,S1925/2RN2A/2RN2A_relaxed.pdb,0
S1925,2RN2A_H62D,Mut,S1925/2RN2A/2RN2A_H62D_relaxed.pdb,0
S1925,2RN2A_D70A,WT,S1925/2RN2A/2RN2A_relaxed.pdb,0
S1925,2RN2A_D70A,Mut,S1925/2RN2A/2RN2A_D70A_relaxed.pdb,0
S1925,2RN2A_E48Q,WT,S1925/2RN2A/2RN2A_relaxed.pdb,0
S1925,2RN2A_E48Q,Mut,S1925/2RN2A/2RN2A_E48Q_relaxed.pdb,0
S1925,2RN2A_D134N,WT,S1925/2RN2A/2RN2A_relaxed.pdb,0
S1925,2RN2A_D134N,Mut,S1925/2RN2A/2RN2A_D134N_relaxed.pdb,0
S1925,2RN2A_K117R,WT,S1925/2RN2A/2RN2A_relaxed.pdb,0
S1925,2RN2A_K117R,Mut,S1925/2RN2A/2RN2A_K117R_relaxed.pdb,0
S1925,2RN2A_H62R,WT,S1925/2RN2A/2RN2A_relaxed.pdb,0
S1925,2RN2A_H62R,Mut,S1925/2RN2A/2RN2A_H62R_relaxed.pdb,0
S1925,2RN2A_K91R,WT,S1925/2RN2A/2RN2A_relaxed.pdb,0
S1925,2RN2A_K91R,Mut,S1925/2RN2A/2RN2A_K91R_relaxed.pdb,0
S1925,2RN2A_A125T,WT,S1925/2RN2A/2RN2A_relaxed.pdb,0
S1925,2RN2A_A125T,Mut,S1925/2RN2A/2RN2A_A125T_relaxed.pdb,0
S1925,2RN2A_E119V,WT,S1925/2RN2A/2RN2A_relaxed.pdb,0
S1925,2RN2A_E119V,Mut,S1925/2RN2A/2RN2A_E119V_relaxed.pdb,0
S1925,2RN2A_D70E,WT,S1925/2RN2A/2RN2A_relaxed.pdb,0
S1925,2RN2A_D70E,Mut,S1925/2RN2A/2RN2A_D70E_relaxed.pdb,0
S1925,2RN2A_K95A,WT,S1925/2RN2A/2RN2A_relaxed.pdb,0
S1925,2RN2A_K95A,Mut,S1925/2RN2A/2RN2A_K95A_relaxed.pdb,0
S1925,2RN2A_R41C,WT,S1925/2RN2A/2RN2A_relaxed.pdb,0
S1925,2RN2A_R41C,Mut,S1925/2RN2A/2RN2A_R41C_relaxed.pdb,0
S1925,2RN2A_D134T,WT,S1925/2RN2A/2RN2A_relaxed.pdb,0
S1925,2RN2A_D134T,Mut,S1925/2RN2A/2RN2A_D134T_relaxed.pdb,0
S1925,2RN2A_Q76L,WT,S1925/2RN2A/2RN2A_relaxed.pdb,0
S1925,2RN2A_Q76L,Mut,S1925/2RN2A/2RN2A_Q76L_relaxed.pdb,0
S1925,2RN2A_D134S,WT,S1925/2RN2A/2RN2A_relaxed.pdb,0
S1925,2RN2A_D134S,Mut,S1925/2RN2A/2RN2A_D134S_relaxed.pdb,0
S1925,2RN2A_Q80L,WT,S1925/2RN2A/2RN2A_relaxed.pdb,0
S1925,2RN2A_Q80L,Mut,S1925/2RN2A/2RN2A_Q80L_relaxed.pdb,0
S1925,2RN2A_D134V,WT,S1925/2RN2A/2RN2A_relaxed.pdb,0
S1925,2RN2A_D134V,Mut,S1925/2RN2A/2RN2A_D134V_relaxed.pdb,0
S1925,2RN2A_D10H,WT,S1925/2RN2A/2RN2A_relaxed.pdb,0
S1925,2RN2A_D10H,Mut,S1925/2RN2A/2RN2A_D10H_relaxed.pdb,0
S1925,2RN2A_D134Q,WT,S1925/2RN2A/2RN2A_relaxed.pdb,0
S1925,2RN2A_D134Q,Mut,S1925/2RN2A/2RN2A_D134Q_relaxed.pdb,0
S1925,2RN2A_A52F,WT,S1925/2RN2A/2RN2A_relaxed.pdb,0
S1925,2RN2A_A52F,Mut,S1925/2RN2A/2RN2A_A52F_relaxed.pdb,0
S1925,2RN2A_A52M,WT,S1925/2RN2A/2RN2A_relaxed.pdb,0
S1925,2RN2A_A52M,Mut,S1925/2RN2A/2RN2A_A52M_relaxed.pdb,0
S1925,2RN2A_G23A,WT,S1925/2RN2A/2RN2A_relaxed.pdb,0
S1925,2RN2A_G23A,Mut,S1925/2RN2A/2RN2A_G23A_relaxed.pdb,0
S1925,2RN2A_D134H,WT,S1925/2RN2A/2RN2A_relaxed.pdb,0
S1925,2RN2A_D134H,Mut,S1925/2RN2A/2RN2A_D134H_relaxed.pdb,0
S1925,2RN2A_S68V,WT,S1925/2RN2A/2RN2A_relaxed.pdb,0
S1925,2RN2A_S68V,Mut,S1925/2RN2A/2RN2A_S68V_relaxed.pdb,0
S1925,2RN2A_V74I,WT,S1925/2RN2A/2RN2A_relaxed.pdb,0
S1925,2RN2A_V74I,Mut,S1925/2RN2A/2RN2A_V74I_relaxed.pdb,0
S1925,2RN2A_D134I,WT,S1925/2RN2A/2RN2A_relaxed.pdb,0
S1925,2RN2A_D134I,Mut,S1925/2RN2A/2RN2A_D134I_relaxed.pdb,0
S1925,2RN2A_D10S,WT,S1925/2RN2A/2RN2A_relaxed.pdb,0
S1925,2RN2A_D10S,Mut,S1925/2RN2A/2RN2A_D10S_relaxed.pdb,0
S1925,2RN2A_D134E,WT,S1925/2RN2A/2RN2A_relaxed.pdb,0
S1925,2RN2A_D134E,Mut,S1925/2RN2A/2RN2A_D134E_relaxed.pdb,0
S1925,2RN2A_A24V,WT,S1925/2RN2A/2RN2A_relaxed.pdb,0
S1925,2RN2A_A24V,Mut,S1925/2RN2A/2RN2A_A24V_relaxed.pdb,0
S1925,2RN2A_A52C,WT,S1925/2RN2A/2RN2A_relaxed.pdb,0
S1925,2RN2A_A52C,Mut,S1925/2RN2A/2RN2A_A52C_relaxed.pdb,0
S1925,2RN2A_D134A,WT,S1925/2RN2A/2RN2A_relaxed.pdb,0
S1925,2RN2A_D134A,Mut,S1925/2RN2A/2RN2A_D134A_relaxed.pdb,0
S1925,2RN2A_K95N,WT,S1925/2RN2A/2RN2A_relaxed.pdb,0
S1925,2RN2A_K95N,Mut,S1925/2RN2A/2RN2A_K95N_relaxed.pdb,0
S1925,2RN2A_V74L,WT,S1925/2RN2A/2RN2A_relaxed.pdb,0
S1925,2RN2A_V74L,Mut,S1925/2RN2A/2RN2A_V74L_relaxed.pdb,0
S1925,2RN2A_D10E,WT,S1925/2RN2A/2RN2A_relaxed.pdb,0
S1925,2RN2A_D10E,Mut,S1925/2RN2A/2RN2A_D10E_relaxed.pdb,0
S1925,2RN2A_H62P,WT,S1925/2RN2A/2RN2A_relaxed.pdb,0
S1925,2RN2A_H62P,Mut,S1925/2RN2A/2RN2A_H62P_relaxed.pdb,0
S1925,2RN2A_D134L,WT,S1925/2RN2A/2RN2A_relaxed.pdb,0
S1925,2RN2A_D134L,Mut,S1925/2RN2A/2RN2A_D134L_relaxed.pdb,0
S1925,2RN2A_A52L,WT,S1925/2RN2A/2RN2A_relaxed.pdb,0
S1925,2RN2A_A52L,Mut,S1925/2RN2A/2RN2A_A52L_relaxed.pdb,0
S1925,2RN2A_A52V,WT,S1925/2RN2A/2RN2A_relaxed.pdb,0
S1925,2RN2A_A52V,Mut,S1925/2RN2A/2RN2A_A52V_relaxed.pdb,0
S1925,2RN2A_K95G,WT,S1925/2RN2A/2RN2A_relaxed.pdb,0
S1925,2RN2A_K95G,Mut,S1925/2RN2A/2RN2A_K95G_relaxed.pdb,0
S1925,2RN2A_A52I,WT,S1925/2RN2A/2RN2A_relaxed.pdb,0
S1925,2RN2A_A52I,Mut,S1925/2RN2A/2RN2A_A52I_relaxed.pdb,0
S1925,2RN2A_D10A,WT,S1925/2RN2A/2RN2A_relaxed.pdb,0
S1925,2RN2A_D10A,Mut,S1925/2RN2A/2RN2A_D10A_relaxed.pdb,0
S1925,2TRXA_L78R,WT,S1925/2TRXA/2TRXA_relaxed.pdb,0
S1925,2TRXA_L78R,Mut,S1925/2TRXA/2TRXA_L78R_relaxed.pdb,0
S1925,2TRXA_L78K,WT,S1925/2TRXA/2TRXA_relaxed.pdb,0
S1925,2TRXA_L78K,Mut,S1925/2TRXA/2TRXA_L78K_relaxed.pdb,0
S1925,3BLSA_Y150F,WT,S1925/3BLSA/3BLSA_relaxed.pdb,0
S1925,3BLSA_Y150F,Mut,S1925/3BLSA/3BLSA_Y150F_relaxed.pdb,0
S1925,3MBPA_Y283D,WT,S1925/3MBPA/3MBPA_relaxed.pdb,0
S1925,3MBPA_Y283D,Mut,S1925/3MBPA/3MBPA_Y283D_relaxed.pdb,0
S1925,3MBPA_G19C,WT,S1925/3MBPA/3MBPA_relaxed.pdb,0
S1925,3MBPA_G19C,Mut,S1925/3MBPA/3MBPA_G19C_relaxed.pdb,0
S1925,3MBPA_A276G,WT,S1925/3MBPA/3MBPA_relaxed.pdb,0
S1925,3MBPA_A276G,Mut,S1925/3MBPA/3MBPA_A276G_relaxed.pdb,0
S1925,3MBPA_V8G,WT,S1925/3MBPA/3MBPA_relaxed.pdb,0
S1925,3MBPA_V8G,Mut,S1925/3MBPA/3MBPA_V8G_relaxed.pdb,0
S1925,3MBPA_D55N,WT,S1925/3MBPA/3MBPA_relaxed.pdb,0
S1925,3MBPA_D55N,Mut,S1925/3MBPA/3MBPA_D55N_relaxed.pdb,0
S1925,3MBPA_T345I,WT,S1925/3MBPA/3MBPA_relaxed.pdb,0
S1925,3MBPA_T345I,Mut,S1925/3MBPA/3MBPA_T345I_relaxed.pdb,0
S1925,3SSIA_V13G,WT,S1925/3SSIA/3SSIA_relaxed.pdb,0
S1925,3SSIA_V13G,Mut,S1925/3SSIA/3SSIA_V13G_relaxed.pdb,0
S1925,3SSIA_M103G,WT,S1925/3SSIA/3SSIA_relaxed.pdb,0
S1925,3SSIA_M103G,Mut,S1925/3SSIA/3SSIA_M103G_relaxed.pdb,0
S1925,3SSIA_V13A,WT,S1925/3SSIA/3SSIA_relaxed.pdb,0
S1925,3SSIA_V13A,Mut,S1925/3SSIA/3SSIA_V13A_relaxed.pdb,0
S1925,3SSIA_V13M,WT,S1925/3SSIA/3SSIA_relaxed.pdb,0
S1925,3SSIA_V13M,Mut,S1925/3SSIA/3SSIA_V13M_relaxed.pdb,0
S1925,3SSIA_V13F,WT,S1925/3SSIA/3SSIA_relaxed.pdb,0
S1925,3SSIA_V13F,Mut,S1925/3SSIA/3SSIA_V13F_relaxed.pdb,0
S1925,3SSIA_M103A,WT,S1925/3SSIA/3SSIA_relaxed.pdb,0
S1925,3SSIA_M103A,Mut,S1925/3SSIA/3SSIA_M103A_relaxed.pdb,0
S1925,3SSIA_V13L,WT,S1925/3SSIA/3SSIA_relaxed.pdb,0
S1925,3SSIA_V13L,Mut,S1925/3SSIA/3SSIA_V13L_relaxed.pdb,0
S1925,3SSIA_M103I,WT,S1925/3SSIA/3SSIA_relaxed.pdb,0
S1925,3SSIA_M103I,Mut,S1925/3SSIA/3SSIA_M103I_relaxed.pdb,0
S1925,3SSIA_M103V,WT,S1925/3SSIA/3SSIA_relaxed.pdb,0
S1925,3SSIA_M103V,Mut,S1925/3SSIA/3SSIA_M103V_relaxed.pdb,0
S1925,3SSIA_M73I,WT,S1925/3SSIA/3SSIA_relaxed.pdb,0
S1925,3SSIA_M73I,Mut,S1925/3SSIA/3SSIA_M73I_relaxed.pdb,0
S1925,3SSIA_M73V,WT,S1925/3SSIA/3SSIA_relaxed.pdb,0
S1925,3SSIA_M73V,Mut,S1925/3SSIA/3SSIA_M73V_relaxed.pdb,0
S1925,3SSIA_V13I,WT,S1925/3SSIA/3SSIA_relaxed.pdb,0
S1925,3SSIA_V13I,Mut,S1925/3SSIA/3SSIA_V13I_relaxed.pdb,0
S1925,3SSIA_M73L,WT,S1925/3SSIA/3SSIA_relaxed.pdb,0
S1925,3SSIA_M73L,Mut,S1925/3SSIA/3SSIA_M73L_relaxed.pdb,0
S1925,3SSIA_M73G,WT,S1925/3SSIA/3SSIA_relaxed.pdb,0
S1925,3SSIA_M73G,Mut,S1925/3SSIA/3SSIA_M73G_relaxed.pdb,0
S1925,3SSIA_M103L,WT,S1925/3SSIA/3SSIA_relaxed.pdb,0
S1925,3SSIA_M103L,Mut,S1925/3SSIA/3SSIA_M103L_relaxed.pdb,0
S1925,3SSIA_M73K,WT,S1925/3SSIA/3SSIA_relaxed.pdb,0
S1925,3SSIA_M73K,Mut,S1925/3SSIA/3SSIA_M73K_relaxed.pdb,0
S1925,3SSIA_M73A,WT,S1925/3SSIA/3SSIA_relaxed.pdb,0
S1925,3SSIA_M73A,Mut,S1925/3SSIA/3SSIA_M73A_relaxed.pdb,0
S1925,3SSIA_M73E,WT,S1925/3SSIA/3SSIA_relaxed.pdb,0
S1925,3SSIA_M73E,Mut,S1925/3SSIA/3SSIA_M73E_relaxed.pdb,0
S1925,3SSIA_M73D,WT,S1925/3SSIA/3SSIA_relaxed.pdb,0
S1925,3SSIA_M73D,Mut,S1925/3SSIA/3SSIA_M73D_relaxed.pdb,0
S1925,451CA_V13M,WT,S1925/451CA/451CA_relaxed.pdb,0
S1925,451CA_V13M,Mut,S1925/451CA/451CA_V13M_relaxed.pdb,0
S1925,451CA_Q37R,WT,S1925/451CA/451CA_relaxed.pdb,0
S1925,451CA_Q37R,Mut,S1925/451CA/451CA_Q37R_relaxed.pdb,0
S1925,451CA_E43Y,WT,S1925/451CA/451CA_relaxed.pdb,0
S1925,451CA_E43Y,Mut,S1925/451CA/451CA_E43Y_relaxed.pdb,0
S1925,451CA_V78I,WT,S1925/451CA/451CA_relaxed.pdb,0
S1925,451CA_V78I,Mut,S1925/451CA/451CA_V78I_relaxed.pdb,0
S1925,451CA_F7A,WT,S1925/451CA/451CA_relaxed.pdb,0
S1925,451CA_F7A,Mut,S1925/451CA/451CA_F7A_relaxed.pdb,0
S1925,451CA_F34Y,WT,S1925/451CA/451CA_relaxed.pdb,0
S1925,451CA_F34Y,Mut,S1925/451CA/451CA_F34Y_relaxed.pdb,0
S1925,4LYZA_K13D,WT,S1925/4LYZA/4LYZA_relaxed.pdb,0
S1925,4LYZA_K13D,Mut,S1925/4LYZA/4LYZA_K13D_relaxed.pdb,0
S1925,4LYZA_I55T,WT,S1925/4LYZA/4LYZA_relaxed.pdb,0
S1925,4LYZA_I55T,Mut,S1925/4LYZA/4LYZA_I55T_relaxed.pdb,0
S1925,4LYZA_C94A,WT,S1925/4LYZA/4LYZA_relaxed.pdb,0
S1925,4LYZA_C94A,Mut,S1925/4LYZA/4LYZA_C94A_relaxed.pdb,0
S1925,4LYZA_I55A,WT,S1925/4LYZA/4LYZA_relaxed.pdb,0
S1925,4LYZA_I55A,Mut,S1925/4LYZA/4LYZA_I55A_relaxed.pdb,0
S1925,4LYZA_S91Y,WT,S1925/4LYZA/4LYZA_relaxed.pdb,0
S1925,4LYZA_S91Y,Mut,S1925/4LYZA/4LYZA_S91Y_relaxed.pdb,0
S1925,4LYZA_I55F,WT,S1925/4LYZA/4LYZA_relaxed.pdb,0
S1925,4LYZA_I55F,Mut,S1925/4LYZA/4LYZA_I55F_relaxed.pdb,0
S1925,4LYZA_S91D,WT,S1925/4LYZA/4LYZA_relaxed.pdb,0
S1925,4LYZA_S91D,Mut,S1925/4LYZA/4LYZA_S91D_relaxed.pdb,0
S1925,4LYZA_I55M,WT,S1925/4LYZA/4LYZA_relaxed.pdb,0
S1925,4LYZA_I55M,Mut,S1925/4LYZA/4LYZA_I55M_relaxed.pdb,0
S1925,4LYZA_T40I,WT,S1925/4LYZA/4LYZA_relaxed.pdb,0
S1925,4LYZA_T40I,Mut,S1925/4LYZA/4LYZA_T40I_relaxed.pdb,0
S1925,4LYZA_P70N,WT,S1925/4LYZA/4LYZA_relaxed.pdb,0
S1925,4LYZA_P70N,Mut,S1925/4LYZA/4LYZA_P70N_relaxed.pdb,0
S1925,4LYZA_G49A,WT,S1925/4LYZA/4LYZA_relaxed.pdb,0
S1925,4LYZA_G49A,Mut,S1925/4LYZA/4LYZA_G49A_relaxed.pdb,0
S1925,4LYZA_G117A,WT,S1925/4LYZA/4LYZA_relaxed.pdb,0
S1925,4LYZA_G117A,Mut,S1925/4LYZA/4LYZA_G117A_relaxed.pdb,0
S1925,4LYZA_N19K,WT,S1925/4LYZA/4LYZA_relaxed.pdb,0
S1925,4LYZA_N19K,Mut,S1925/4LYZA/4LYZA_N19K_relaxed.pdb,0
S1925,4LYZA_G67A,WT,S1925/4LYZA/4LYZA_relaxed.pdb,0
S1925,4LYZA_G67A,Mut,S1925/4LYZA/4LYZA_G67A_relaxed.pdb,0
S1925,4LYZA_G49N,WT,S1925/4LYZA/4LYZA_relaxed.pdb,0
S1925,4LYZA_G49N,Mut,S1925/4LYZA/4LYZA_G49N_relaxed.pdb,0
S1925,4LYZA_I55V,WT,S1925/4LYZA/4LYZA_relaxed.pdb,0
S1925,4LYZA_I55V,Mut,S1925/4LYZA/4LYZA_I55V_relaxed.pdb,0
S1925,4LYZA_M12L,WT,S1925/4LYZA/4LYZA_relaxed.pdb,0
S1925,4LYZA_M12L,Mut,S1925/4LYZA/4LYZA_M12L_relaxed.pdb,0
S1925,4LYZA_F3Y,WT,S1925/4LYZA/4LYZA_relaxed.pdb,0
S1925,4LYZA_F3Y,Mut,S1925/4LYZA/4LYZA_F3Y_relaxed.pdb,0
S1925,4LYZA_I55L,WT,S1925/4LYZA/4LYZA_relaxed.pdb,0
S1925,4LYZA_I55L,Mut,S1925/4LYZA/4LYZA_I55L_relaxed.pdb,0
S1925,4LYZA_Q121H,WT,S1925/4LYZA/4LYZA_relaxed.pdb,0
S1925,4LYZA_Q121H,Mut,S1925/4LYZA/4LYZA_Q121H_relaxed.pdb,0
S1925,4LYZA_G71A,WT,S1925/4LYZA/4LYZA_relaxed.pdb,0
S1925,4LYZA_G71A,Mut,S1925/4LYZA/4LYZA_G71A_relaxed.pdb,0
S1925,4LYZA_N77H,WT,S1925/4LYZA/4LYZA_relaxed.pdb,0
S1925,4LYZA_N77H,Mut,S1925/4LYZA/4LYZA_N77H_relaxed.pdb,0
S1925,4LYZA_T40S,WT,S1925/4LYZA/4LYZA_relaxed.pdb,0
S1925,4LYZA_T40S,Mut,S1925/4LYZA/4LYZA_T40S_relaxed.pdb,0
S1925,4LYZA_M105T,WT,S1925/4LYZA/4LYZA_relaxed.pdb,0
S1925,4LYZA_M105T,Mut,S1925/4LYZA/4LYZA_M105T_relaxed.pdb,0
S1925,4LYZA_R21Q,WT,S1925/4LYZA/4LYZA_relaxed.pdb,0
S1925,4LYZA_R21Q,Mut,S1925/4LYZA/4LYZA_R21Q_relaxed.pdb,0
S1925,4LYZA_S91A,WT,S1925/4LYZA/4LYZA_relaxed.pdb,0
S1925,4LYZA_S91A,Mut,S1925/4LYZA/4LYZA_S91A_relaxed.pdb,0
S1925,4LYZA_S91V,WT,S1925/4LYZA/4LYZA_relaxed.pdb,0
S1925,4LYZA_S91V,Mut,S1925/4LYZA/4LYZA_S91V_relaxed.pdb,0
S1925,4LYZA_D101Q,WT,S1925/4LYZA/4LYZA_relaxed.pdb,0
S1925,4LYZA_D101Q,Mut,S1925/4LYZA/4LYZA_D101Q_relaxed.pdb,0
S1925,4LYZA_R68K,WT,S1925/4LYZA/4LYZA_relaxed.pdb,0
S1925,4LYZA_R68K,Mut,S1925/4LYZA/4LYZA_R68K_relaxed.pdb,0
S1925,4LYZA_G102V,WT,S1925/4LYZA/4LYZA_relaxed.pdb,0
S1925,4LYZA_G102V,Mut,S1925/4LYZA/4LYZA_G102V_relaxed.pdb,0
S1925,4LYZA_D101E,WT,S1925/4LYZA/4LYZA_relaxed.pdb,0
S1925,4LYZA_D101E,Mut,S1925/4LYZA/4LYZA_D101E_relaxed.pdb,0
S1925,4LYZA_G102A,WT,S1925/4LYZA/4LYZA_relaxed.pdb,0
S1925,4LYZA_G102A,Mut,S1925/4LYZA/4LYZA_G102A_relaxed.pdb,0
S1925,4LYZA_D101N,WT,S1925/4LYZA/4LYZA_relaxed.pdb,0
S1925,4LYZA_D101N,Mut,S1925/4LYZA/4LYZA_D101N_relaxed.pdb,0
S1925,4LYZA_F34Y,WT,S1925/4LYZA/4LYZA_relaxed.pdb,0
S1925,4LYZA_F34Y,Mut,S1925/4LYZA/4LYZA_F34Y_relaxed.pdb,0
S1925,4LYZA_D101K,WT,S1925/4LYZA/4LYZA_relaxed.pdb,0
S1925,4LYZA_D101K,Mut,S1925/4LYZA/4LYZA_D101K_relaxed.pdb,0
S1925,4LYZA_R73K,WT,S1925/4LYZA/4LYZA_relaxed.pdb,0
S1925,4LYZA_R73K,Mut,S1925/4LYZA/4LYZA_R73K_relaxed.pdb,0
S1925,4LYZA_N103D,WT,S1925/4LYZA/4LYZA_relaxed.pdb,0
S1925,4LYZA_N103D,Mut,S1925/4LYZA/4LYZA_N103D_relaxed.pdb,0
S1925,4LYZA_D101R,WT,S1925/4LYZA/4LYZA_relaxed.pdb,0
S1925,4LYZA_D101R,Mut,S1925/4LYZA/4LYZA_D101R_relaxed.pdb,0
S1925,4LYZA_M12F,WT,S1925/4LYZA/4LYZA_relaxed.pdb,0
S1925,4LYZA_M12F,Mut,S1925/4LYZA/4LYZA_M12F_relaxed.pdb,0
S1925,4LYZA_G102R,WT,S1925/4LYZA/4LYZA_relaxed.pdb,0
S1925,4LYZA_G102R,Mut,S1925/4LYZA/4LYZA_G102R_relaxed.pdb,0
S1925,4LYZA_D101G,WT,S1925/4LYZA/4LYZA_relaxed.pdb,0
S1925,4LYZA_D101G,Mut,S1925/4LYZA/4LYZA_D101G_relaxed.pdb,0
S1925,4LYZA_R114H,WT,S1925/4LYZA/4LYZA_relaxed.pdb,0
S1925,4LYZA_R114H,Mut,S1925/4LYZA/4LYZA_R114H_relaxed.pdb,0
S1925,4LYZA_D101F,WT,S1925/4LYZA/4LYZA_relaxed.pdb,0
S1925,4LYZA_D101F,Mut,S1925/4LYZA/4LYZA_D101F_relaxed.pdb,0
S1925,4LYZA_H15L,WT,S1925/4LYZA/4LYZA_relaxed.pdb,0
S1925,4LYZA_H15L,Mut,S1925/4LYZA/4LYZA_H15L_relaxed.pdb,0
S1925,4LYZA_D101A,WT,S1925/4LYZA/4LYZA_relaxed.pdb,0
S1925,4LYZA_D101A,Mut,S1925/4LYZA/4LYZA_D101A_relaxed.pdb,0
S1925,4LYZA_D101S,WT,S1925/4LYZA/4LYZA_relaxed.pdb,0
S1925,4LYZA_D101S,Mut,S1925/4LYZA/4LYZA_D101S_relaxed.pdb,0
S1925,4LYZA_S91T,WT,S1925/4LYZA/4LYZA_relaxed.pdb,0
S1925,4LYZA_S91T,Mut,S1925/4LYZA/4LYZA_S91T_relaxed.pdb,0
S1925,4LYZA_A31V,WT,S1925/4LYZA/4LYZA_relaxed.pdb,0
S1925,4LYZA_A31V,Mut,S1925/4LYZA/4LYZA_A31V_relaxed.pdb,0
S1925,4LYZA_A31I,WT,S1925/4LYZA/4LYZA_relaxed.pdb,0
S1925,4LYZA_A31I,Mut,S1925/4LYZA/4LYZA_A31I_relaxed.pdb,0
S1925,4LYZA_A31L,WT,S1925/4LYZA/4LYZA_relaxed.pdb,0
S1925,4LYZA_A31L,Mut,S1925/4LYZA/4LYZA_A31L_relaxed.pdb,0
S1925,5CROB_Y26W,WT,S1925/5CROB/5CROB_relaxed.pdb,0
S1925,5CROB_Y26W,Mut,S1925/5CROB/5CROB_Y26W_relaxed.pdb,0
S1925,5CROB_A36S,WT,S1925/5CROB/5CROB_relaxed.pdb,0
S1925,5CROB_A36S,Mut,S1925/5CROB/5CROB_A36S_relaxed.pdb,0
S1925,5CROB_Y26F,WT,S1925/5CROB/5CROB_relaxed.pdb,0
S1925,5CROB_Y26F,Mut,S1925/5CROB/5CROB_Y26F_relaxed.pdb,0
S1925,5CROB_Y26V,WT,S1925/5CROB/5CROB_relaxed.pdb,0
S1925,5CROB_Y26V,Mut,S1925/5CROB/5CROB_Y26V_relaxed.pdb,0
S1925,5CROB_Y26L,WT,S1925/5CROB/5CROB_relaxed.pdb,0
S1925,5CROB_Y26L,Mut,S1925/5CROB/5CROB_Y26L_relaxed.pdb,0
S1925,5CROB_Y26Q,WT,S1925/5CROB/5CROB_relaxed.pdb,0
S1925,5CROB_Y26Q,Mut,S1925/5CROB/5CROB_Y26Q_relaxed.pdb,0
S1925,5CROB_Y26H,WT,S1925/5CROB/5CROB_relaxed.pdb,0
S1925,5CROB_Y26H,Mut,S1925/5CROB/5CROB_Y26H_relaxed.pdb,0
S1925,5CROB_Y26C,WT,S1925/5CROB/5CROB_relaxed.pdb,0
S1925,5CROB_Y26C,Mut,S1925/5CROB/5CROB_Y26C_relaxed.pdb,0
S1925,5CROB_Y26D,WT,S1925/5CROB/5CROB_relaxed.pdb,0
S1925,5CROB_Y26D,Mut,S1925/5CROB/5CROB_Y26D_relaxed.pdb,0
S1925,5CROB_Q16L,WT,S1925/5CROB/5CROB_relaxed.pdb,0
S1925,5CROB_Q16L,Mut,S1925/5CROB/5CROB_Q16L_relaxed.pdb,0
S669,1a0fA_S11A,WT,S669/1a0fA/1a0fA_relaxed.pdb,0
S669,1a0fA_S11A,Mut,S669/1a0fA/1a0fA_S11A_relaxed.pdb,0
S669,1a7vA_A104H,WT,S669/1a7vA/1a7vA_relaxed.pdb,0
S669,1a7vA_A104H,Mut,S669/1a7vA/1a7vA_A104H_relaxed.pdb,0
S669,1a7vA_A66H,WT,S669/1a7vA/1a7vA_relaxed.pdb,0
S669,1a7vA_A66H,Mut,S669/1a7vA/1a7vA_A66H_relaxed.pdb,0
S669,1a7vA_A91H,WT,S669/1a7vA/1a7vA_relaxed.pdb,0
S669,1a7vA_A91H,Mut,S669/1a7vA/1a7vA_A91H_relaxed.pdb,0
S669,1a7vA_D3H,WT,S669/1a7vA/1a7vA_relaxed.pdb,0
S669,1a7vA_D3H,Mut,S669/1a7vA/1a7vA_D3H_relaxed.pdb,0
S669,1a7vA_D58H,WT,S669/1a7vA/1a7vA_relaxed.pdb,0
S669,1a7vA_D58H,Mut,S669/1a7vA/1a7vA_D58H_relaxed.pdb,0
S669,1a7vA_E73H,WT,S669/1a7vA/1a7vA_relaxed.pdb,0
S669,1a7vA_E73H,Mut,S669/1a7vA/1a7vA_E73H_relaxed.pdb,0
S669,1a7vA_K13H,WT,S669/1a7vA/1a7vA_relaxed.pdb,0
S669,1a7vA_K13H,Mut,S669/1a7vA/1a7vA_K13H_relaxed.pdb,0
S669,1a7vA_K20H,WT,S669/1a7vA/1a7vA_relaxed.pdb,0
S669,1a7vA_K20H,Mut,S669/1a7vA/1a7vA_K20H_relaxed.pdb,0
S669,1a7vA_K31H,WT,S669/1a7vA/1a7vA_relaxed.pdb,0
S669,1a7vA_K31H,Mut,S669/1a7vA/1a7vA_K31H_relaxed.pdb,0
S669,1a7vA_K39H,WT,S669/1a7vA/1a7vA_relaxed.pdb,0
S669,1a7vA_K39H,Mut,S669/1a7vA/1a7vA_K39H_relaxed.pdb,0
S669,1a7vA_K49H,WT,S669/1a7vA/1a7vA_relaxed.pdb,0
S669,1a7vA_K49H,Mut,S669/1a7vA/1a7vA_K49H_relaxed.pdb,0
S669,1a7vA_K84H,WT,S669/1a7vA/1a7vA_relaxed.pdb,0
S669,1a7vA_K84H,Mut,S669/1a7vA/1a7vA_K84H_relaxed.pdb,0
S669,1a7vA_K97H,WT,S669/1a7vA/1a7vA_relaxed.pdb,0
S669,1a7vA_K97H,Mut,S669/1a7vA/1a7vA_K97H_relaxed.pdb,0
S669,1ba3A_H461D,WT,S669/1ba3A/1ba3A_relaxed.pdb,0
S669,1ba3A_H461D,Mut,S669/1ba3A/1ba3A_H461D_relaxed.pdb,0
S669,1ba3A_H489D,WT,S669/1ba3A/1ba3A_relaxed.pdb,0
S669,1ba3A_H489D,Mut,S669/1ba3A/1ba3A_H489D_relaxed.pdb,0
S669,1ba3A_H489K,WT,S669/1ba3A/1ba3A_relaxed.pdb,0
S669,1ba3A_H489K,Mut,S669/1ba3A/1ba3A_H489K_relaxed.pdb,0
S669,1ba3A_H489M,WT,S669/1ba3A/1ba3A_relaxed.pdb,0
S669,1ba3A_H489M,Mut,S669/1ba3A/1ba3A_H489M_relaxed.pdb,0
S669,1bfmA_M35W,WT,S669/1bfmA/1bfmA_relaxed.pdb,0
S669,1bfmA_M35W,Mut,S669/1bfmA/1bfmA_M35W_relaxed.pdb,0
S669,1bfmA_M35Y,WT,S669/1bfmA/1bfmA_relaxed.pdb,0
S669,1bfmA_M35Y,Mut,S669/1bfmA/1bfmA_M35Y_relaxed.pdb,0
S669,1bnlA_D76A,WT,S669/1bnlA/1bnlA_relaxed.pdb,0
S669,1bnlA_D76A,Mut,S669/1bnlA/1bnlA_D76A_relaxed.pdb,0
S669,1d5gA_H71Y,WT,S669/1d5gA/1d5gA_relaxed.pdb,0
S669,1d5gA_H71Y,Mut,S669/1d5gA/1d5gA_H71Y_relaxed.pdb,0
S669,1d5gA_I20F,WT,S669/1d5gA/1d5gA_relaxed.pdb,0
S669,1d5gA_I20F,Mut,S669/1d5gA/1d5gA_I20F_relaxed.pdb,0
S669,1divA_D23A,WT,S669/1divA/1divA_relaxed.pdb,0
S669,1divA_D23A,Mut,S669/1divA/1divA_D23A_relaxed.pdb,0
S669,1divA_D23N,WT,S669/1divA/1divA_relaxed.pdb,0
S669,1divA_D23N,Mut,S669/1divA/1divA_D23N_relaxed.pdb,0
S669,1divA_D8N,WT,S669/1divA/1divA_relaxed.pdb,0
S669,1divA_D8N,Mut,S669/1divA/1divA_D8N_relaxed.pdb,0
S669,1divA_E100A,WT,S669/1divA/1divA_relaxed.pdb,0
S669,1divA_E100A,Mut,S669/1divA/1divA_E100A_relaxed.pdb,0
S669,1divA_E100G,WT,S669/1divA/1divA_relaxed.pdb,0
S669,1divA_E100G,Mut,S669/1divA/1divA_E100G_relaxed.pdb,0
S669,1divA_E17Q,WT,S669/1divA/1divA_relaxed.pdb,0
S669,1divA_E17Q,Mut,S669/1divA/1divA_E17Q_relaxed.pdb,0
S669,1divA_E38Q,WT,S669/1divA/1divA_relaxed.pdb,0
S669,1divA_E38Q,Mut,S669/1divA/1divA_E38Q_relaxed.pdb,0
S669,1divA_E48Q,WT,S669/1divA/1divA_relaxed.pdb,0
S669,1divA_E48Q,Mut,S669/1divA/1divA_E48Q_relaxed.pdb,0
S669,1divA_E54Q,WT,S669/1divA/1divA_relaxed.pdb,0
S669,1divA_E54Q,Mut,S669/1divA/1divA_E54Q_relaxed.pdb,0
S669,1divA_H106Q,WT,S669/1divA/1divA_relaxed.pdb,0
S669,1divA_H106Q,Mut,S669/1divA/1divA_H106Q_relaxed.pdb,0
S669,1divA_H134Q,WT,S669/1divA/1divA_relaxed.pdb,0
S669,1divA_H134Q,Mut,S669/1divA/1divA_H134Q_relaxed.pdb,0
S669,1divA_H144Q,WT,S669/1divA/1divA_relaxed.pdb,0
S669,1divA_H144Q,Mut,S669/1divA/1divA_H144Q_relaxed.pdb,0
S669,1divA_I115A,WT,S669/1divA/1divA_relaxed.pdb,0
S669,1divA_I115A,Mut,S669/1divA/1divA_I115A_relaxed.pdb,0
S669,1divA_I121A,WT,S669/1divA/1divA_relaxed.pdb,0
S669,1divA_I121A,Mut,S669/1divA/1divA_I121A_relaxed.pdb,0
S669,1divA_I4A,WT,S669/1divA/1divA_relaxed.pdb,0
S669,1divA_I4A,Mut,S669/1divA/1divA_I4A_relaxed.pdb,0
S669,1divA_I4V,WT,S669/1divA/1divA_relaxed.pdb,0
S669,1divA_I4V,Mut,S669/1divA/1divA_I4V_relaxed.pdb,0
S669,1divA_I79A,WT,S669/1divA/1divA_relaxed.pdb,0
S669,1divA_I79A,Mut,S669/1divA/1divA_I79A_relaxed.pdb,0
S669,1divA_I93A,WT,S669/1divA/1divA_relaxed.pdb,0
S669,1divA_I93A,Mut,S669/1divA/1divA_I93A_relaxed.pdb,0
S669,1divA_I98A,WT,S669/1divA/1divA_relaxed.pdb,0
S669,1divA_I98A,Mut,S669/1divA/1divA_I98A_relaxed.pdb,0
S669,1divA_K10M,WT,S669/1divA/1divA_relaxed.pdb,0
S669,1divA_K10M,Mut,S669/1divA/1divA_K10M_relaxed.pdb,0
S669,1divA_K14M,WT,S669/1divA/1divA_relaxed.pdb,0
S669,1divA_K14M,Mut,S669/1divA/1divA_K14M_relaxed.pdb,0
S669,1divA_K15M,WT,S669/1divA/1divA_relaxed.pdb,0
S669,1divA_K15M,Mut,S669/1divA/1divA_K15M_relaxed.pdb,0
S669,1divA_K7M,WT,S669/1divA/1divA_relaxed.pdb,0
S669,1divA_K7M,Mut,S669/1divA/1divA_K7M_relaxed.pdb,0
S669,1divA_K96A,WT,S669/1divA/1divA_relaxed.pdb,0
S669,1divA_K96A,Mut,S669/1divA/1divA_K96A_relaxed.pdb,0
S669,1divA_K96G,WT,S669/1divA/1divA_relaxed.pdb,0
S669,1divA_K96G,Mut,S669/1divA/1divA_K96G_relaxed.pdb,0
S669,1divA_L102A,WT,S669/1divA/1divA_relaxed.pdb,0
S669,1divA_L102A,Mut,S669/1divA/1divA_L102A_relaxed.pdb,0
S669,1divA_L108A,WT,S669/1divA/1divA_relaxed.pdb,0
S669,1divA_L108A,Mut,S669/1divA/1divA_L108A_relaxed.pdb,0
S669,1divA_L110A,WT,S669/1divA/1divA_relaxed.pdb,0
S669,1divA_L110A,Mut,S669/1divA/1divA_L110A_relaxed.pdb,0
S669,1divA_L117A,WT,S669/1divA/1divA_relaxed.pdb,0
S669,1divA_L117A,Mut,S669/1divA/1divA_L117A_relaxed.pdb,0
S669,1divA_L133A,WT,S669/1divA/1divA_relaxed.pdb,0
S669,1divA_L133A,Mut,S669/1divA/1divA_L133A_relaxed.pdb,0
S669,1divA_L141A,WT,S669/1divA/1divA_relaxed.pdb,0
S669,1divA_L141A,Mut,S669/1divA/1divA_L141A_relaxed.pdb,0
S669,1divA_L30A,WT,S669/1divA/1divA_relaxed.pdb,0
S669,1divA_L30A,Mut,S669/1divA/1divA_L30A_relaxed.pdb,0
S669,1divA_L30V,WT,S669/1divA/1divA_relaxed.pdb,0
S669,1divA_L30V,Mut,S669/1divA/1divA_L30V_relaxed.pdb,0
S669,1divA_L6A,WT,S669/1divA/1divA_relaxed.pdb,0
S669,1divA_L6A,Mut,S669/1divA/1divA_L6A_relaxed.pdb,0
S669,1divA_L6I,WT,S669/1divA/1divA_relaxed.pdb,0
S669,1divA_L6I,Mut,S669/1divA/1divA_L6I_relaxed.pdb,0
S669,1divA_L6V,WT,S669/1divA/1divA_relaxed.pdb,0
S669,1divA_L6V,Mut,S669/1divA/1divA_L6V_relaxed.pdb,0
S669,1divA_L72A,WT,S669/1divA/1divA_relaxed.pdb,0
S669,1divA_L72A,Mut,S669/1divA/1divA_L72A_relaxed.pdb,0
S669,1divA_M1A,WT,S669/1divA/1divA_relaxed.pdb,0
S669,1divA_M1A,Mut,S669/1divA/1divA_M1A_relaxed.pdb,0
S669,1divA_M1G,WT,S669/1divA/1divA_relaxed.pdb,0
S669,1divA_M1G,Mut,S669/1divA/1divA_M1G_relaxed.pdb,0
S669,1divA_V129A,WT,S669/1divA/1divA_relaxed.pdb,0
S669,1divA_V129A,Mut,S669/1divA/1divA_V129A_relaxed.pdb,0
S669,1divA_V131A,WT,S669/1divA/1divA_relaxed.pdb,0
S669,1divA_V131A,Mut,S669/1divA/1divA_V131A_relaxed.pdb,0
S669,1divA_V137A,WT,S669/1divA/1divA_relaxed.pdb,0
S669,1divA_V137A,Mut,S669/1divA/1divA_V137A_relaxed.pdb,0
S669,1divA_V143A,WT,S669/1divA/1divA_relaxed.pdb,0
S669,1divA_V143A,Mut,S669/1divA/1divA_V143A_relaxed.pdb,0
S669,1divA_V145A,WT,S669/1divA/1divA_relaxed.pdb,0
S669,1divA_V145A,Mut,S669/1divA/1divA_V145A_relaxed.pdb,0
S669,1divA_V21A,WT,S669/1divA/1divA_relaxed.pdb,0
S669,1divA_V21A,Mut,S669/1divA/1divA_V21A_relaxed.pdb,0
S669,1divA_V21I,WT,S669/1divA/1divA_relaxed.pdb,0
S669,1divA_V21I,Mut,S669/1divA/1divA_V21I_relaxed.pdb,0
S669,1divA_V21L,WT,S669/1divA/1divA_relaxed.pdb,0
S669,1divA_V21L,Mut,S669/1divA/1divA_V21L_relaxed.pdb,0
S669,1divA_V3A,WT,S669/1divA/1divA_relaxed.pdb,0
S669,1divA_V3A,Mut,S669/1divA/1divA_V3A_relaxed.pdb,0
S669,1divA_V3I,WT,S669/1divA/1divA_relaxed.pdb,0
S669,1divA_V3I,Mut,S669/1divA/1divA_V3I_relaxed.pdb,0
S669,1divA_V3L,WT,S669/1divA/1divA_relaxed.pdb,0
S669,1divA_V3L,Mut,S669/1divA/1divA_V3L_relaxed.pdb,0
S669,1dxxA_K18N,WT,S669/1dxxA/1dxxA_relaxed.pdb,0
S669,1dxxA_K18N,Mut,S669/1dxxA/1dxxA_K18N_relaxed.pdb,0
S669,1ekgA_L198C,WT,S669/1ekgA/1ekgA_relaxed.pdb,0
S669,1ekgA_L198C,Mut,S669/1ekgA/1ekgA_L198C_relaxed.pdb,0
S669,1ekgA_L200C,WT,S669/1ekgA/1ekgA_relaxed.pdb,0
S669,1ekgA_L200C,Mut,S669/1ekgA/1ekgA_L200C_relaxed.pdb,0
S669,1ekgA_L203C,WT,S669/1ekgA/1ekgA_relaxed.pdb,0
S669,1ekgA_L203C,Mut,S669/1ekgA/1ekgA_L203C_relaxed.pdb,0
S669,1ekgA_S181F,WT,S669/1ekgA/1ekgA_relaxed.pdb,0
S669,1ekgA_S181F,Mut,S669/1ekgA/1ekgA_S181F_relaxed.pdb,0
S669,1f8iA_F345A,WT,S669/1f8iA/1f8iA_relaxed.pdb,0
S669,1f8iA_F345A,Mut,S669/1f8iA/1f8iA_F345A_relaxed.pdb,0
S669,1fh5H_S18N,WT,S669/1fh5H/1fh5H_relaxed.pdb,0
S669,1fh5H_S18N,Mut,S669/1fh5H/1fh5H_S18N_relaxed.pdb,0
S669,1frdA_H42R,WT,S669/1frdA/1frdA_relaxed.pdb,0
S669,1frdA_H42R,Mut,S669/1frdA/1frdA_H42R_relaxed.pdb,0
S669,1ft8A_I264V,WT,S669/1ft8A/1ft8A_relaxed.pdb,0
S669,1ft8A_I264V,Mut,S669/1ft8A/1ft8A_I264V_relaxed.pdb,0
S669,1ft8A_L212V,WT,S669/1ft8A/1ft8A_relaxed.pdb,0
S669,1ft8A_L212V,Mut,S669/1ft8A/1ft8A_L212V_relaxed.pdb,0
S669,1ft8A_L238I,WT,S669/1ft8A/1ft8A_relaxed.pdb,0
S669,1ft8A_L238I,Mut,S669/1ft8A/1ft8A_L238I_relaxed.pdb,0
S669,1ft8A_L267I,WT,S669/1ft8A/1ft8A_relaxed.pdb,0
S669,1ft8A_L267I,Mut,S669/1ft8A/1ft8A_L267I_relaxed.pdb,0
S669,1ft8A_L293I,WT,S669/1ft8A/1ft8A_relaxed.pdb,0
S669,1ft8A_L293I,Mut,S669/1ft8A/1ft8A_L293I_relaxed.pdb,0
S669,1ft8A_L293V,WT,S669/1ft8A/1ft8A_relaxed.pdb,0
S669,1ft8A_L293V,Mut,S669/1ft8A/1ft8A_L293V_relaxed.pdb,0
S669,1ft8A_L315A,WT,S669/1ft8A/1ft8A_relaxed.pdb,0
S669,1ft8A_L315A,Mut,S669/1ft8A/1ft8A_L315A_relaxed.pdb,0
S669,1ft8A_L317I,WT,S669/1ft8A/1ft8A_relaxed.pdb,0
S669,1ft8A_L317I,Mut,S669/1ft8A/1ft8A_L317I_relaxed.pdb,0
S669,1ft8A_L348I,WT,S669/1ft8A/1ft8A_relaxed.pdb,0
S669,1ft8A_L348I,Mut,S669/1ft8A/1ft8A_L348I_relaxed.pdb,0
S669,1ft8A_L349I,WT,S669/1ft8A/1ft8A_relaxed.pdb,0
S669,1ft8A_L349I,Mut,S669/1ft8A/1ft8A_L349I_relaxed.pdb,0
S669,1ft8A_M216L,WT,S669/1ft8A/1ft8A_relaxed.pdb,0
S669,1ft8A_M216L,Mut,S669/1ft8A/1ft8A_M216L_relaxed.pdb,0
S669,1ft8A_S339A,WT,S669/1ft8A/1ft8A_relaxed.pdb,0
S669,1ft8A_S339A,Mut,S669/1ft8A/1ft8A_S339A_relaxed.pdb,0
S669,1ft8A_V287A,WT,S669/1ft8A/1ft8A_relaxed.pdb,0
S669,1ft8A_V287A,Mut,S669/1ft8A/1ft8A_V287A_relaxed.pdb,0
S669,1fxaA_E94D,WT,S669/1fxaA/1fxaA_relaxed.pdb,0
S669,1fxaA_E94D,Mut,S669/1fxaA/1fxaA_E94D_relaxed.pdb,0
S669,1fxaA_E94K,WT,S669/1fxaA/1fxaA_relaxed.pdb,0
S669,1fxaA_E94K,Mut,S669/1fxaA/1fxaA_E94K_relaxed.pdb,0
S669,1fxaA_E94Q,WT,S669/1fxaA/1fxaA_relaxed.pdb,0
S669,1fxaA_E94Q,Mut,S669/1fxaA/1fxaA_E94Q_relaxed.pdb,0
S669,1fxaA_E95K,WT,S669/1fxaA/1fxaA_relaxed.pdb,0
S669,1fxaA_E95K,Mut,S669/1fxaA/1fxaA_E95K_relaxed.pdb,0
S669,1fxaA_F65A,WT,S669/1fxaA/1fxaA_relaxed.pdb,0
S669,1fxaA_F65A,Mut,S669/1fxaA/1fxaA_F65A_relaxed.pdb,0
S669,1fxaA_F65I,WT,S669/1fxaA/1fxaA_relaxed.pdb,0
S669,1fxaA_F65I,Mut,S669/1fxaA/1fxaA_F65I_relaxed.pdb,0
S669,1fxaA_F65W,WT,S669/1fxaA/1fxaA_relaxed.pdb,0
S669,1fxaA_F65W,Mut,S669/1fxaA/1fxaA_F65W_relaxed.pdb,0
S669,1fxaA_F65Y,WT,S669/1fxaA/1fxaA_relaxed.pdb,0
S669,1fxaA_F65Y,Mut,S669/1fxaA/1fxaA_F65Y_relaxed.pdb,0
S669,1fxaA_R42A,WT,S669/1fxaA/1fxaA_relaxed.pdb,0
S669,1fxaA_R42A,Mut,S669/1fxaA/1fxaA_R42A_relaxed.pdb,0
S669,1fxaA_R42H,WT,S669/1fxaA/1fxaA_relaxed.pdb,0
S669,1fxaA_R42H,Mut,S669/1fxaA/1fxaA_R42H_relaxed.pdb,0
S669,1fxaA_T48A,WT,S669/1fxaA/1fxaA_relaxed.pdb,0
S669,1fxaA_T48A,Mut,S669/1fxaA/1fxaA_T48A_relaxed.pdb,0
S669,1g3pA_A147K,WT,S669/1g3pA/1g3pA_relaxed.pdb,0
S669,1g3pA_A147K,Mut,S669/1g3pA/1g3pA_A147K_relaxed.pdb,0
S669,1g3pA_D160A,WT,S669/1g3pA/1g3pA_relaxed.pdb,0
S669,1g3pA_D160A,Mut,S669/1g3pA/1g3pA_D160A_relaxed.pdb,0
S669,1g3pA_D160C,WT,S669/1g3pA/1g3pA_relaxed.pdb,0
S669,1g3pA_D160C,Mut,S669/1g3pA/1g3pA_D160C_relaxed.pdb,0
S669,1g3pA_D160E,WT,S669/1g3pA/1g3pA_relaxed.pdb,0
S669,1g3pA_D160E,Mut,S669/1g3pA/1g3pA_D160E_relaxed.pdb,0
S669,1g3pA_D160F,WT,S669/1g3pA/1g3pA_relaxed.pdb,0
S669,1g3pA_D160F,Mut,S669/1g3pA/1g3pA_D160F_relaxed.pdb,0
S669,1g3pA_D160G,WT,S669/1g3pA/1g3pA_relaxed.pdb,0
S669,1g3pA_D160G,Mut,S669/1g3pA/1g3pA_D160G_relaxed.pdb,0
S669,1g3pA_D160H,WT,S669/1g3pA/1g3pA_relaxed.pdb,0
S669,1g3pA_D160H,Mut,S669/1g3pA/1g3pA_D160H_relaxed.pdb,0
S669,1g3pA_D160I,WT,S669/1g3pA/1g3pA_relaxed.pdb,0
S669,1g3pA_D160I,Mut,S669/1g3pA/1g3pA_D160I_relaxed.pdb,0
S669,1g3pA_D160K,WT,S669/1g3pA/1g3pA_relaxed.pdb,0
S669,1g3pA_D160K,Mut,S669/1g3pA/1g3pA_D160K_relaxed.pdb,0
S669,1g3pA_D160L,WT,S669/1g3pA/1g3pA_relaxed.pdb,0
S669,1g3pA_D160L,Mut,S669/1g3pA/1g3pA_D160L_relaxed.pdb,0
S669,1g3pA_D160M,WT,S669/1g3pA/1g3pA_relaxed.pdb,0
S669,1g3pA_D160M,Mut,S669/1g3pA/1g3pA_D160M_relaxed.pdb,0
S669,1g3pA_D160N,WT,S669/1g3pA/1g3pA_relaxed.pdb,0
S669,1g3pA_D160N,Mut,S669/1g3pA/1g3pA_D160N_relaxed.pdb,0
S669,1g3pA_D160P,WT,S669/1g3pA/1g3pA_relaxed.pdb,0
S669,1g3pA_D160P,Mut,S669/1g3pA/1g3pA_D160P_relaxed.pdb,0
S669,1g3pA_D160Q,WT,S669/1g3pA/1g3pA_relaxed.pdb,0
S669,1g3pA_D160Q,Mut,S669/1g3pA/1g3pA_D160Q_relaxed.pdb,0
S669,1g3pA_D160R,WT,S669/1g3pA/1g3pA_relaxed.pdb,0
S669,1g3pA_D160R,Mut,S669/1g3pA/1g3pA_D160R_relaxed.pdb,0
S669,1g3pA_D160S,WT,S669/1g3pA/1g3pA_relaxed.pdb,0
S669,1g3pA_D160S,Mut,S669/1g3pA/1g3pA_D160S_relaxed.pdb,0
S669,1g3pA_D160T,WT,S669/1g3pA/1g3pA_relaxed.pdb,0
S669,1g3pA_D160T,Mut,S669/1g3pA/1g3pA_D160T_relaxed.pdb,0
S669,1g3pA_D160V,WT,S669/1g3pA/1g3pA_relaxed.pdb,0
S669,1g3pA_D160V,Mut,S669/1g3pA/1g3pA_D160V_relaxed.pdb,0
S669,1g3pA_D160W,WT,S669/1g3pA/1g3pA_relaxed.pdb,0
S669,1g3pA_D160W,Mut,S669/1g3pA/1g3pA_D160W_relaxed.pdb,0
S669,1g3pA_D160Y,WT,S669/1g3pA/1g3pA_relaxed.pdb,0
S669,1g3pA_D160Y,Mut,S669/1g3pA/1g3pA_D160Y_relaxed.pdb,0
S669,1g3pA_F136V,WT,S669/1g3pA/1g3pA_relaxed.pdb,0
S669,1g3pA_F136V,Mut,S669/1g3pA/1g3pA_F136V_relaxed.pdb,0
S669,1g3pA_N138G,WT,S669/1g3pA/1g3pA_relaxed.pdb,0
S669,1g3pA_N138G,Mut,S669/1g3pA/1g3pA_N138G_relaxed.pdb,0
S669,1g3pA_N139K,WT,S669/1g3pA/1g3pA_relaxed.pdb,0
S669,1g3pA_N139K,Mut,S669/1g3pA/1g3pA_N139K_relaxed.pdb,0
S669,1g3pA_N139V,WT,S669/1g3pA/1g3pA_relaxed.pdb,0
S669,1g3pA_N139V,Mut,S669/1g3pA/1g3pA_N139V_relaxed.pdb,0
S669,1g3pA_Q137N,WT,S669/1g3pA/1g3pA_relaxed.pdb,0
S669,1g3pA_Q137N,Mut,S669/1g3pA/1g3pA_Q137N_relaxed.pdb,0
S669,1g3pA_Q145N,WT,S669/1g3pA/1g3pA_relaxed.pdb,0
S669,1g3pA_Q145N,Mut,S669/1g3pA/1g3pA_Q145N_relaxed.pdb,0
S669,1g3pA_R144V,WT,S669/1g3pA/1g3pA_relaxed.pdb,0
S669,1g3pA_R144V,Mut,S669/1g3pA/1g3pA_R144V_relaxed.pdb,0
S669,1gluA_C500A,WT,S669/1gluA/1gluA_relaxed.pdb,0
S669,1gluA_C500A,Mut,S669/1gluA/1gluA_C500A_relaxed.pdb,0
S669,1guaB_A118G,WT,S669/1guaB/1guaB_relaxed.pdb,0
S669,1guaB_A118G,Mut,S669/1guaB/1guaB_A118G_relaxed.pdb,0
S669,1guaB_A118L,WT,S669/1guaB/1guaB_relaxed.pdb,0
S669,1guaB_A118L,Mut,S669/1guaB/1guaB_A118L_relaxed.pdb,0
S669,1guaB_A85G,WT,S669/1guaB/1guaB_relaxed.pdb,0
S669,1guaB_A85G,Mut,S669/1guaB/1guaB_A85G_relaxed.pdb,0
S669,1guaB_A97G,WT,S669/1guaB/1guaB_relaxed.pdb,0
S669,1guaB_A97G,Mut,S669/1guaB/1guaB_A97G_relaxed.pdb,0
S669,1guaB_C81A,WT,S669/1guaB/1guaB_relaxed.pdb,0
S669,1guaB_C81A,Mut,S669/1guaB/1guaB_C81A_relaxed.pdb,0
S669,1guaB_C81I,WT,S669/1guaB/1guaB_relaxed.pdb,0
S669,1guaB_C81I,Mut,S669/1guaB/1guaB_C81I_relaxed.pdb,0
S669,1guaB_C95A,WT,S669/1guaB/1guaB_relaxed.pdb,0
S669,1guaB_C95A,Mut,S669/1guaB/1guaB_C95A_relaxed.pdb,0
S669,1guaB_C96A,WT,S669/1guaB/1guaB_relaxed.pdb,0
S669,1guaB_C96A,Mut,S669/1guaB/1guaB_C96A_relaxed.pdb,0
S669,1guaB_C96L,WT,S669/1guaB/1guaB_relaxed.pdb,0
S669,1guaB_C96L,Mut,S669/1guaB/1guaB_C96L_relaxed.pdb,0
S669,1guaB_C96M,WT,S669/1guaB/1guaB_relaxed.pdb,0
S669,1guaB_C96M,Mut,S669/1guaB/1guaB_C96M_relaxed.pdb,0
S669,1guaB_D117A,WT,S669/1guaB/1guaB_relaxed.pdb,0
S669,1guaB_D117A,Mut,S669/1guaB/1guaB_D117A_relaxed.pdb,0
S669,1guaB_D129A,WT,S669/1guaB/1guaB_relaxed.pdb,0
S669,1guaB_D129A,Mut,S669/1guaB/1guaB_D129A_relaxed.pdb,0
S669,1guaB_D80A,WT,S669/1guaB/1guaB_relaxed.pdb,0
S669,1guaB_D80A,Mut,S669/1guaB/1guaB_D80A_relaxed.pdb,0
S669,1guaB_E104A,WT,S669/1guaB/1guaB_relaxed.pdb,0
S669,1guaB_E104A,Mut,S669/1guaB/1guaB_E104A_relaxed.pdb,0
S669,1guaB_E124A,WT,S669/1guaB/1guaB_relaxed.pdb,0
S669,1guaB_E124A,Mut,S669/1guaB/1guaB_E124A_relaxed.pdb,0
S669,1guaB_E125A,WT,S669/1guaB/1guaB_relaxed.pdb,0
S669,1guaB_E125A,Mut,S669/1guaB/1guaB_E125A_relaxed.pdb,0
S669,1guaB_I58A,WT,S669/1guaB/1guaB_relaxed.pdb,0
S669,1guaB_I58A,Mut,S669/1guaB/1guaB_I58A_relaxed.pdb,0
S669,1guaB_I58F,WT,S669/1guaB/1guaB_relaxed.pdb,0
S669,1guaB_I58F,Mut,S669/1guaB/1guaB_I58F_relaxed.pdb,0
S669,1guaB_I58L,WT,S669/1guaB/1guaB_relaxed.pdb,0
S669,1guaB_I58L,Mut,S669/1guaB/1guaB_I58L_relaxed.pdb,0
S669,1guaB_K109A,WT,S669/1guaB/1guaB_relaxed.pdb,0
S669,1guaB_K109A,Mut,S669/1guaB/1guaB_K109A_relaxed.pdb,0
S669,1guaB_L112A,WT,S669/1guaB/1guaB_relaxed.pdb,0
S669,1guaB_L112A,Mut,S669/1guaB/1guaB_L112A_relaxed.pdb,0
S669,1guaB_L121A,WT,S669/1guaB/1guaB_relaxed.pdb,0
S669,1guaB_L121A,Mut,S669/1guaB/1guaB_L121A_relaxed.pdb,0
S669,1guaB_L126A,WT,S669/1guaB/1guaB_relaxed.pdb,0
S669,1guaB_L126A,Mut,S669/1guaB/1guaB_L126A_relaxed.pdb,0
S669,1guaB_L62A,WT,S669/1guaB/1guaB_relaxed.pdb,0
S669,1guaB_L62A,Mut,S669/1guaB/1guaB_L62A_relaxed.pdb,0
S669,1guaB_L78A,WT,S669/1guaB/1guaB_relaxed.pdb,0
S669,1guaB_L78A,Mut,S669/1guaB/1guaB_L78A_relaxed.pdb,0
S669,1guaB_L82A,WT,S669/1guaB/1guaB_relaxed.pdb,0
S669,1guaB_L82A,Mut,S669/1guaB/1guaB_L82A_relaxed.pdb,0
S669,1guaB_L82I,WT,S669/1guaB/1guaB_relaxed.pdb,0
S669,1guaB_L82I,Mut,S669/1guaB/1guaB_L82I_relaxed.pdb,0
S669,1guaB_L82V,WT,S669/1guaB/1guaB_relaxed.pdb,0
S669,1guaB_L82V,Mut,S669/1guaB/1guaB_L82V_relaxed.pdb,0
S669,1guaB_L86A,WT,S669/1guaB/1guaB_relaxed.pdb,0
S669,1guaB_L86A,Mut,S669/1guaB/1guaB_L86A_relaxed.pdb,0
S669,1guaB_L91A,WT,S669/1guaB/1guaB_relaxed.pdb,0
S669,1guaB_L91A,Mut,S669/1guaB/1guaB_L91A_relaxed.pdb,0
S669,1guaB_M76A,WT,S669/1guaB/1guaB_relaxed.pdb,0
S669,1guaB_M76A,Mut,S669/1guaB/1guaB_M76A_relaxed.pdb,0
S669,1guaB_N56M,WT,S669/1guaB/1guaB_relaxed.pdb,0
S669,1guaB_N56M,Mut,S669/1guaB/1guaB_N56M_relaxed.pdb,0
S669,1guaB_N64A,WT,S669/1guaB/1guaB_relaxed.pdb,0
S669,1guaB_N64A,Mut,S669/1guaB/1guaB_N64A_relaxed.pdb,0
S669,1guaB_P63A,WT,S669/1guaB/1guaB_relaxed.pdb,0
S669,1guaB_P63A,Mut,S669/1guaB/1guaB_P63A_relaxed.pdb,0
S669,1guaB_P93A,WT,S669/1guaB/1guaB_relaxed.pdb,0
S669,1guaB_P93A,Mut,S669/1guaB/1guaB_P93A_relaxed.pdb,0
S669,1guaB_Q66A,WT,S669/1guaB/1guaB_relaxed.pdb,0
S669,1guaB_Q66A,Mut,S669/1guaB/1guaB_Q66A_relaxed.pdb,0
S669,1guaB_R100A,WT,S669/1guaB/1guaB_relaxed.pdb,0
S669,1guaB_R100A,Mut,S669/1guaB/1guaB_R100A_relaxed.pdb,0
S669,1guaB_R59A,WT,S669/1guaB/1guaB_relaxed.pdb,0
S669,1guaB_R59A,Mut,S669/1guaB/1guaB_R59A_relaxed.pdb,0
S669,1guaB_R89L,WT,S669/1guaB/1guaB_relaxed.pdb,0
S669,1guaB_R89L,Mut,S669/1guaB/1guaB_R89L_relaxed.pdb,0
S669,1guaB_S77A,WT,S669/1guaB/1guaB_relaxed.pdb,0
S669,1guaB_S77A,Mut,S669/1guaB/1guaB_S77A_relaxed.pdb,0
S669,1guaB_S77T,WT,S669/1guaB/1guaB_relaxed.pdb,0
S669,1guaB_S77T,Mut,S669/1guaB/1guaB_S77T_relaxed.pdb,0
S669,1guaB_T68A,WT,S669/1guaB/1guaB_relaxed.pdb,0
S669,1guaB_T68A,Mut,S669/1guaB/1guaB_T68A_relaxed.pdb,0
S669,1guaB_V128A,WT,S669/1guaB/1guaB_relaxed.pdb,0
S669,1guaB_V128A,Mut,S669/1guaB/1guaB_V128A_relaxed.pdb,0
S669,1guaB_V60A,WT,S669/1guaB/1guaB_relaxed.pdb,0
S669,1guaB_V60A,Mut,S669/1guaB/1guaB_V60A_relaxed.pdb,0
S669,1guaB_V69A,WT,S669/1guaB/1guaB_relaxed.pdb,0
S669,1guaB_V69A,Mut,S669/1guaB/1guaB_V69A_relaxed.pdb,0
S669,1guaB_V70A,WT,S669/1guaB/1guaB_relaxed.pdb,0
S669,1guaB_V70A,Mut,S669/1guaB/1guaB_V70A_relaxed.pdb,0
S669,1guaB_V72A,WT,S669/1guaB/1guaB_relaxed.pdb,0
S669,1guaB_V72A,Mut,S669/1guaB/1guaB_V72A_relaxed.pdb,0
S669,1guaB_V72I,WT,S669/1guaB/1guaB_relaxed.pdb,0
S669,1guaB_V72I,Mut,S669/1guaB/1guaB_V72I_relaxed.pdb,0
S669,1guaB_V98A,WT,S669/1guaB/1guaB_relaxed.pdb,0
S669,1guaB_V98A,Mut,S669/1guaB/1guaB_V98A_relaxed.pdb,0
S669,1gwyA_A8D,WT,S669/1gwyA/1gwyA_relaxed.pdb,0
S669,1gwyA_A8D,Mut,S669/1gwyA/1gwyA_A8D_relaxed.pdb,0
S669,1h0xA_P18A,WT,S669/1h0xA/1h0xA_relaxed.pdb,0
S669,1h0xA_P18A,Mut,S669/1h0xA/1h0xA_P18A_relaxed.pdb,0
S669,1h0xA_P62A,WT,S669/1h0xA/1h0xA_relaxed.pdb,0
S669,1h0xA_P62A,Mut,S669/1h0xA/1h0xA_P62A_relaxed.pdb,0
S669,1hcqA_C67A,WT,S669/1hcqA/1hcqA_relaxed.pdb,0
S669,1hcqA_C67A,Mut,S669/1hcqA/1hcqA_C67A_relaxed.pdb,0
S669,1hcqA_C67S,WT,S669/1hcqA/1hcqA_relaxed.pdb,0
S669,1hcqA_C67S,Mut,S669/1hcqA/1hcqA_C67S_relaxed.pdb,0
S669,1iojA_G15A,WT,S669/1iojA/1iojA_relaxed.pdb,0
S669,1iojA_G15A,Mut,S669/1iojA/1iojA_G15A_relaxed.pdb,0
S669,1ir3A_W1175F,WT,S669/1ir3A/1ir3A_relaxed.pdb,0
S669,1ir3A_W1175F,Mut,S669/1ir3A/1ir3A_W1175F_relaxed.pdb,0
S669,1itmA_C24T,WT,S669/1itmA/1itmA_relaxed.pdb,0
S669,1itmA_C24T,Mut,S669/1itmA/1itmA_C24T_relaxed.pdb,0
S669,1itmA_C3T,WT,S669/1itmA/1itmA_relaxed.pdb,0
S669,1itmA_C3T,Mut,S669/1itmA/1itmA_C3T_relaxed.pdb,0
S669,1itmA_W91S,WT,S669/1itmA/1itmA_relaxed.pdb,0
S669,1itmA_W91S,Mut,S669/1itmA/1itmA_W91S_relaxed.pdb,0
S669,1iv7B_A173C,WT,S669/1iv7B/1iv7B_relaxed.pdb,0
S669,1iv7B_A173C,Mut,S669/1iv7B/1iv7B_A173C_relaxed.pdb,0
S669,1iv7B_F189C,WT,S669/1iv7B/1iv7B_relaxed.pdb,0
S669,1iv7B_F189C,Mut,S669/1iv7B/1iv7B_F189C_relaxed.pdb,0
S669,1iv7B_L162C,WT,S669/1iv7B/1iv7B_relaxed.pdb,0
S669,1iv7B_L162C,Mut,S669/1iv7B/1iv7B_L162C_relaxed.pdb,0
S669,1iv9A_S76Y,WT,S669/1iv9A/1iv9A_relaxed.pdb,0
S669,1iv9A_S76Y,Mut,S669/1iv9A/1iv9A_S76Y_relaxed.pdb,0
S669,1j8iA_K25A,WT,S669/1j8iA/1j8iA_relaxed.pdb,0
S669,1j8iA_K25A,Mut,S669/1j8iA/1j8iA_K25A_relaxed.pdb,0
S669,1j8iA_K66A,WT,S669/1j8iA/1j8iA_relaxed.pdb,0
S669,1j8iA_K66A,Mut,S669/1j8iA/1j8iA_K66A_relaxed.pdb,0
S669,1j8iA_R23A,WT,S669/1j8iA/1j8iA_relaxed.pdb,0
S669,1j8iA_R23A,Mut,S669/1j8iA/1j8iA_R23A_relaxed.pdb,0
S669,1j8iA_R35A,WT,S669/1j8iA/1j8iA_relaxed.pdb,0
S669,1j8iA_R35A,Mut,S669/1j8iA/1j8iA_R35A_relaxed.pdb,0
S669,1j8iA_R43A,WT,S669/1j8iA/1j8iA_relaxed.pdb,0
S669,1j8iA_R43A,Mut,S669/1j8iA/1j8iA_R43A_relaxed.pdb,0
S669,1j8iA_R9A,WT,S669/1j8iA/1j8iA_relaxed.pdb,0
S669,1j8iA_R9A,Mut,S669/1j8iA/1j8iA_R9A_relaxed.pdb,0
S669,1jl9A_A25C,WT,S669/1jl9A/1jl9A_relaxed.pdb,0
S669,1jl9A_A25C,Mut,S669/1jl9A/1jl9A_A25C_relaxed.pdb,0
S669,1jlvA_E64D,WT,S669/1jlvA/1jlvA_relaxed.pdb,0
S669,1jlvA_E64D,Mut,S669/1jlvA/1jlvA_E64D_relaxed.pdb,0
S669,1jlvA_E64N,WT,S669/1jlvA/1jlvA_relaxed.pdb,0
S669,1jlvA_E64N,Mut,S669/1jlvA/1jlvA_E64N_relaxed.pdb,0
S669,1jlvA_E64Q,WT,S669/1jlvA/1jlvA_relaxed.pdb,0
S669,1jlvA_E64Q,Mut,S669/1jlvA/1jlvA_E64Q_relaxed.pdb,0
S669,1l6hA_F39A,WT,S669/1l6hA/1l6hA_relaxed.pdb,0
S669,1l6hA_F39A,Mut,S669/1l6hA/1l6hA_F39A_relaxed.pdb,0
S669,1l6hA_Y45A,WT,S669/1l6hA/1l6hA_relaxed.pdb,0
S669,1l6hA_Y45A,Mut,S669/1l6hA/1l6hA_Y45A_relaxed.pdb,0
S669,1l6hA_Y48A,WT,S669/1l6hA/1l6hA_relaxed.pdb,0
S669,1l6hA_Y48A,Mut,S669/1l6hA/1l6hA_Y48A_relaxed.pdb,0
S669,1lvmA_E106G,WT,S669/1lvmA/1lvmA_relaxed.pdb,0
S669,1lvmA_E106G,Mut,S669/1lvmA/1lvmA_E106G_relaxed.pdb,0
S669,1lvmA_K45F,WT,S669/1lvmA/1lvmA_relaxed.pdb,0
S669,1lvmA_K45F,Mut,S669/1lvmA/1lvmA_K45F_relaxed.pdb,0
S669,1lvmA_L56V,WT,S669/1lvmA/1lvmA_relaxed.pdb,0
S669,1lvmA_L56V,Mut,S669/1lvmA/1lvmA_L56V_relaxed.pdb,0
S669,1lvmA_Q58F,WT,S669/1lvmA/1lvmA_relaxed.pdb,0
S669,1lvmA_Q58F,Mut,S669/1lvmA/1lvmA_Q58F_relaxed.pdb,0
S669,1lvmA_S135G,WT,S669/1lvmA/1lvmA_relaxed.pdb,0
S669,1lvmA_S135G,Mut,S669/1lvmA/1lvmA_S135G_relaxed.pdb,0
S669,1n18A_E100G,WT,S669/1n18A/1n18A_relaxed.pdb,0
S669,1n18A_E100G,Mut,S669/1n18A/1n18A_E100G_relaxed.pdb,0
S669,1n18A_G85R,WT,S669/1n18A/1n18A_relaxed.pdb,0
S669,1n18A_G85R,Mut,S669/1n18A/1n18A_G85R_relaxed.pdb,0
S669,1n18A_H46R,WT,S669/1n18A/1n18A_relaxed.pdb,0
S669,1n18A_H46R,Mut,S669/1n18A/1n18A_H46R_relaxed.pdb,0
S669,1n18A_V148I,WT,S669/1n18A/1n18A_relaxed.pdb,0
S669,1n18A_V148I,Mut,S669/1n18A/1n18A_V148I_relaxed.pdb,0
S669,1n88A_F21A,WT,S669/1n88A/1n88A_relaxed.pdb,0
S669,1n88A_F21A,Mut,S669/1n88A/1n88A_F21A_relaxed.pdb,0
S669,1n88A_I39A,WT,S669/1n88A/1n88A_relaxed.pdb,0
S669,1n88A_I39A,Mut,S669/1n88A/1n88A_I39A_relaxed.pdb,0
S669,1n88A_I80A,WT,S669/1n88A/1n88A_relaxed.pdb,0
S669,1n88A_I80A,Mut,S669/1n88A/1n88A_I80A_relaxed.pdb,0
S669,1n88A_I89A,WT,S669/1n88A/1n88A_relaxed.pdb,0
S669,1n88A_I89A,Mut,S669/1n88A/1n88A_I89A_relaxed.pdb,0
S669,1n88A_I8V,WT,S669/1n88A/1n88A_relaxed.pdb,0
S669,1n88A_I8V,Mut,S669/1n88A/1n88A_I8V_relaxed.pdb,0
S669,1n88A_L13A,WT,S669/1n88A/1n88A_relaxed.pdb,0
S669,1n88A_L13A,Mut,S669/1n88A/1n88A_L13A_relaxed.pdb,0
S669,1n88A_L57A,WT,S669/1n88A/1n88A_relaxed.pdb,0
S669,1n88A_L57A,Mut,S669/1n88A/1n88A_L57A_relaxed.pdb,0
S669,1n88A_V12A,WT,S669/1n88A/1n88A_relaxed.pdb,0
S669,1n88A_V12A,Mut,S669/1n88A/1n88A_V12A_relaxed.pdb,0
S669,1n88A_V30A,WT,S669/1n88A/1n88A_relaxed.pdb,0
S669,1n88A_V30A,Mut,S669/1n88A/1n88A_V30A_relaxed.pdb,0
S669,1n88A_V43A,WT,S669/1n88A/1n88A_relaxed.pdb,0
S669,1n88A_V43A,Mut,S669/1n88A/1n88A_V43A_relaxed.pdb,0
S669,1n88A_V49A,WT,S669/1n88A/1n88A_relaxed.pdb,0
S669,1n88A_V49A,Mut,S669/1n88A/1n88A_V49A_relaxed.pdb,0
S669,1n88A_V51A,WT,S669/1n88A/1n88A_relaxed.pdb,0
S669,1n88A_V51A,Mut,S669/1n88A/1n88A_V51A_relaxed.pdb,0
S669,1n88A_V54A,WT,S669/1n88A/1n88A_relaxed.pdb,0
S669,1n88A_V54A,Mut,S669/1n88A/1n88A_V54A_relaxed.pdb,0
S669,1n88A_V81A,WT,S669/1n88A/1n88A_relaxed.pdb,0
S669,1n88A_V81A,Mut,S669/1n88A/1n88A_V81A_relaxed.pdb,0
S669,1n88A_V83A,WT,S669/1n88A/1n88A_relaxed.pdb,0
S669,1n88A_V83A,Mut,S669/1n88A/1n88A_V83A_relaxed.pdb,0
S669,1n88A_Y18A,WT,S669/1n88A/1n88A_relaxed.pdb,0
S669,1n88A_Y18A,Mut,S669/1n88A/1n88A_Y18A_relaxed.pdb,0
S669,1n88A_Y26A,WT,S669/1n88A/1n88A_relaxed.pdb,0
S669,1n88A_Y26A,Mut,S669/1n88A/1n88A_Y26A_relaxed.pdb,0
S669,1nm1A_D187N,WT,S669/1nm1A/1nm1A_relaxed.pdb,0
S669,1nm1A_D187N,Mut,S669/1nm1A/1nm1A_D187N_relaxed.pdb,0
S669,1nm1A_D187Y,WT,S669/1nm1A/1nm1A_relaxed.pdb,0
S669,1nm1A_D187Y,Mut,S669/1nm1A/1nm1A_D187Y_relaxed.pdb,0
S669,1o1uA_E110A,WT,S669/1o1uA/1o1uA_relaxed.pdb,0
S669,1o1uA_E110A,Mut,S669/1o1uA/1o1uA_E110A_relaxed.pdb,0
S669,1o1uA_N61A,WT,S669/1o1uA/1o1uA_relaxed.pdb,0
S669,1o1uA_N61A,Mut,S669/1o1uA/1o1uA_N61A_relaxed.pdb,0
S669,1o1uA_Q51A,WT,S669/1o1uA/1o1uA_relaxed.pdb,0
S669,1o1uA_Q51A,Mut,S669/1o1uA/1o1uA_Q51A_relaxed.pdb,0
S669,1o1uA_Q99A,WT,S669/1o1uA/1o1uA_relaxed.pdb,0
S669,1o1uA_Q99A,Mut,S669/1o1uA/1o1uA_Q99A_relaxed.pdb,0
S669,1o1uA_T38A,WT,S669/1o1uA/1o1uA_relaxed.pdb,0
S669,1o1uA_T38A,Mut,S669/1o1uA/1o1uA_T38A_relaxed.pdb,0
S669,1o1uA_W49Y,WT,S669/1o1uA/1o1uA_relaxed.pdb,0
S669,1o1uA_W49Y,Mut,S669/1o1uA/1o1uA_W49Y_relaxed.pdb,0
S669,1o6xA_A31G,WT,S669/1o6xA/1o6xA_relaxed.pdb,0
S669,1o6xA_A31G,Mut,S669/1o6xA/1o6xA_A31G_relaxed.pdb,0
S669,1o6xA_A50G,WT,S669/1o6xA/1o6xA_relaxed.pdb,0
S669,1o6xA_A50G,Mut,S669/1o6xA/1o6xA_A50G_relaxed.pdb,0
S669,1o6xA_D38A,WT,S669/1o6xA/1o6xA_relaxed.pdb,0
S669,1o6xA_D38A,Mut,S669/1o6xA/1o6xA_D38A_relaxed.pdb,0
S669,1o6xA_E14A,WT,S669/1o6xA/1o6xA_relaxed.pdb,0
S669,1o6xA_E14A,Mut,S669/1o6xA/1o6xA_E14A_relaxed.pdb,0
S669,1o6xA_E20G,WT,S669/1o6xA/1o6xA_relaxed.pdb,0
S669,1o6xA_E20G,Mut,S669/1o6xA/1o6xA_E20G_relaxed.pdb,0
S669,1o6xA_F39L,WT,S669/1o6xA/1o6xA_relaxed.pdb,0
S669,1o6xA_F39L,Mut,S669/1o6xA/1o6xA_F39L_relaxed.pdb,0
S669,1o6xA_F65A,WT,S669/1o6xA/1o6xA_relaxed.pdb,0
S669,1o6xA_F65A,Mut,S669/1o6xA/1o6xA_F65A_relaxed.pdb,0
S669,1o6xA_H51A,WT,S669/1o6xA/1o6xA_relaxed.pdb,0
S669,1o6xA_H51A,Mut,S669/1o6xA/1o6xA_H51A_relaxed.pdb,0
S669,1o6xA_I15V,WT,S669/1o6xA/1o6xA_relaxed.pdb,0
S669,1o6xA_I15V,Mut,S669/1o6xA/1o6xA_I15V_relaxed.pdb,0
S669,1o6xA_I23V,WT,S669/1o6xA/1o6xA_relaxed.pdb,0
S669,1o6xA_I23V,Mut,S669/1o6xA/1o6xA_I23V_relaxed.pdb,0
S669,1o6xA_I71V,WT,S669/1o6xA/1o6xA_relaxed.pdb,0
S669,1o6xA_I71V,Mut,S669/1o6xA/1o6xA_I71V_relaxed.pdb,0
S669,1o6xA_I75A,WT,S669/1o6xA/1o6xA_relaxed.pdb,0
S669,1o6xA_I75A,Mut,S669/1o6xA/1o6xA_I75A_relaxed.pdb,0
S669,1o6xA_K41A,WT,S669/1o6xA/1o6xA_relaxed.pdb,0
S669,1o6xA_K41A,Mut,S669/1o6xA/1o6xA_K41A_relaxed.pdb,0
S669,1o6xA_L26V,WT,S669/1o6xA/1o6xA_relaxed.pdb,0
S669,1o6xA_L26V,Mut,S669/1o6xA/1o6xA_L26V_relaxed.pdb,0
S669,1o6xA_N58A,WT,S669/1o6xA/1o6xA_relaxed.pdb,0
S669,1o6xA_N58A,Mut,S669/1o6xA/1o6xA_N58A_relaxed.pdb,0
S669,1o6xA_Q60G,WT,S669/1o6xA/1o6xA_relaxed.pdb,0
S669,1o6xA_Q60G,Mut,S669/1o6xA/1o6xA_Q60G_relaxed.pdb,0
S669,1o6xA_V12A,WT,S669/1o6xA/1o6xA_relaxed.pdb,0
S669,1o6xA_V12A,Mut,S669/1o6xA/1o6xA_V12A_relaxed.pdb,0
S669,1o6xA_V52A,WT,S669/1o6xA/1o6xA_relaxed.pdb,0
S669,1o6xA_V52A,Mut,S669/1o6xA/1o6xA_V52A_relaxed.pdb,0
S669,1o6xA_V64G,WT,S669/1o6xA/1o6xA_relaxed.pdb,0
S669,1o6xA_V64G,Mut,S669/1o6xA/1o6xA_V64G_relaxed.pdb,0
S669,1o6xA_Y73L,WT,S669/1o6xA/1o6xA_relaxed.pdb,0
S669,1o6xA_Y73L,Mut,S669/1o6xA/1o6xA_Y73L_relaxed.pdb,0
S669,1osiA_I11V,WT,S669/1osiA/1osiA_relaxed.pdb,0
S669,1osiA_I11V,Mut,S669/1osiA/1osiA_I11V_relaxed.pdb,0
S669,1osiA_S92F,WT,S669/1osiA/1osiA_relaxed.pdb,0
S669,1osiA_S92F,Mut,S669/1osiA/1osiA_S92F_relaxed.pdb,0
S669,1osiA_V126M,WT,S669/1osiA/1osiA_relaxed.pdb,0
S669,1osiA_V126M,Mut,S669/1osiA/1osiA_V126M_relaxed.pdb,0
S669,1osiA_V15I,WT,S669/1osiA/1osiA_relaxed.pdb,0
S669,1osiA_V15I,Mut,S669/1osiA/1osiA_V15I_relaxed.pdb,0
S669,1pflA_A20T,WT,S669/1pflA/1pflA_relaxed.pdb,0
S669,1pflA_A20T,Mut,S669/1pflA/1pflA_A20T_relaxed.pdb,0
S669,1pflA_G117V,WT,S669/1pflA/1pflA_relaxed.pdb,0
S669,1pflA_G117V,Mut,S669/1pflA/1pflA_G117V_relaxed.pdb,0
S669,1pflA_M113T,WT,S669/1pflA/1pflA_relaxed.pdb,0
S669,1pflA_M113T,Mut,S669/1pflA/1pflA_M113T_relaxed.pdb,0
S669,1pflA_Q138L,WT,S669/1pflA/1pflA_relaxed.pdb,0
S669,1pflA_Q138L,Mut,S669/1pflA/1pflA_Q138L_relaxed.pdb,0
S669,1pflA_T108M,WT,S669/1pflA/1pflA_relaxed.pdb,0
S669,1pflA_T108M,Mut,S669/1pflA/1pflA_T108M_relaxed.pdb,0
S669,1preA_C159S,WT,S669/1preA/1preA_relaxed.pdb,0
S669,1preA_C159S,Mut,S669/1preA/1preA_C159S_relaxed.pdb,0
S669,1prgA_E460K,WT,S669/1prgA/1prgA_relaxed.pdb,0
S669,1prgA_E460K,Mut,S669/1prgA/1prgA_E460K_relaxed.pdb,0
S669,1prgA_F360L,WT,S669/1prgA/1prgA_relaxed.pdb,0
S669,1prgA_F360L,Mut,S669/1prgA/1prgA_F360L_relaxed.pdb,0
S669,1prgA_P467L,WT,S669/1prgA/1prgA_relaxed.pdb,0
S669,1prgA_P467L,Mut,S669/1prgA/1prgA_P467L_relaxed.pdb,0
S669,1prgA_Q286P,WT,S669/1prgA/1prgA_relaxed.pdb,0
S669,1prgA_Q286P,Mut,S669/1prgA/1prgA_Q286P_relaxed.pdb,0
S669,1prgA_R288H,WT,S669/1prgA/1prgA_relaxed.pdb,0
S669,1prgA_R288H,Mut,S669/1prgA/1prgA_R288H_relaxed.pdb,0
S669,1prgA_R357A,WT,S669/1prgA/1prgA_relaxed.pdb,0
S669,1prgA_R357A,Mut,S669/1prgA/1prgA_R357A_relaxed.pdb,0
S669,1prgA_V290M,WT,S669/1prgA/1prgA_relaxed.pdb,0
S669,1prgA_V290M,Mut,S669/1prgA/1prgA_V290M_relaxed.pdb,0
S669,1r2yA_R244E,WT,S669/1r2yA/1r2yA_relaxed.pdb,0
S669,1r2yA_R244E,Mut,S669/1r2yA/1r2yA_R244E_relaxed.pdb,0
S669,1r6rA_I88N,WT,S669/1r6rA/1r6rA_relaxed.pdb,0
S669,1r6rA_I88N,Mut,S669/1r6rA/1r6rA_I88N_relaxed.pdb,0
S669,1r6rA_L50S,WT,S669/1r6rA/1r6rA_relaxed.pdb,0
S669,1r6rA_L50S,Mut,S669/1r6rA/1r6rA_L50S_relaxed.pdb,0
S669,1r6rA_L54S,WT,S669/1r6rA/1r6rA_relaxed.pdb,0
S669,1r6rA_L54S,Mut,S669/1r6rA/1r6rA_L54S_relaxed.pdb,0
S669,1r6rA_L81N,WT,S669/1r6rA/1r6rA_relaxed.pdb,0
S669,1r6rA_L81N,Mut,S669/1r6rA/1r6rA_L81N_relaxed.pdb,0
S669,1spdA_C111S,WT,S669/1spdA/1spdA_relaxed.pdb,0
S669,1spdA_C111S,Mut,S669/1spdA/1spdA_C111S_relaxed.pdb,0
S669,1spdA_C6A,WT,S669/1spdA/1spdA_relaxed.pdb,0
S669,1spdA_C6A,Mut,S669/1spdA/1spdA_C6A_relaxed.pdb,0
S669,1xwsA_E124Q,WT,S669/1xwsA/1xwsA_relaxed.pdb,0
S669,1xwsA_E124Q,Mut,S669/1xwsA/1xwsA_E124Q_relaxed.pdb,0
S669,1xwsA_E135K,WT,S669/1xwsA/1xwsA_relaxed.pdb,0
S669,1xwsA_E135K,Mut,S669/1xwsA/1xwsA_E135K_relaxed.pdb,0
S669,1xwsA_E142D,WT,S669/1xwsA/1xwsA_relaxed.pdb,0
S669,1xwsA_E142D,Mut,S669/1xwsA/1xwsA_E142D_relaxed.pdb,0
S669,1xwsA_Y53H,WT,S669/1xwsA/1xwsA_relaxed.pdb,0
S669,1xwsA_Y53H,Mut,S669/1xwsA/1xwsA_Y53H_relaxed.pdb,0
S669,1xxnA_N181R,WT,S669/1xxnA/1xxnA_relaxed.pdb,0
S669,1xxnA_N181R,Mut,S669/1xxnA/1xxnA_N181R_relaxed.pdb,0
S669,1xxnA_N32D,WT,S669/1xxnA/1xxnA_relaxed.pdb,0
S669,1xxnA_N32D,Mut,S669/1xxnA/1xxnA_N32D_relaxed.pdb,0
S669,1xxnA_N54E,WT,S669/1xxnA/1xxnA_relaxed.pdb,0
S669,1xxnA_N54E,Mut,S669/1xxnA/1xxnA_N54E_relaxed.pdb,0
S669,1xxnA_S22E,WT,S669/1xxnA/1xxnA_relaxed.pdb,0
S669,1xxnA_S22E,Mut,S669/1xxnA/1xxnA_S22E_relaxed.pdb,0
S669,1xxnA_S27E,WT,S669/1xxnA/1xxnA_relaxed.pdb,0
S669,1xxnA_S27E,Mut,S669/1xxnA/1xxnA_S27E_relaxed.pdb,0
S669,1xzoA_F42W,WT,S669/1xzoA/1xzoA_relaxed.pdb,0
S669,1xzoA_F42W,Mut,S669/1xzoA/1xzoA_F42W_relaxed.pdb,0
S669,1xzoA_W101F,WT,S669/1xzoA/1xzoA_relaxed.pdb,0
S669,1xzoA_W101F,Mut,S669/1xzoA/1xzoA_W101F_relaxed.pdb,0
S669,1xzoA_W36A,WT,S669/1xzoA/1xzoA_relaxed.pdb,0
S669,1xzoA_W36A,Mut,S669/1xzoA/1xzoA_W36A_relaxed.pdb,0
S669,1xzoA_W36F,WT,S669/1xzoA/1xzoA_relaxed.pdb,0
S669,1xzoA_W36F,Mut,S669/1xzoA/1xzoA_W36F_relaxed.pdb,0
S669,2arfA_H1069Q,WT,S669/2arfA/2arfA_relaxed.pdb,0
S669,2arfA_H1069Q,Mut,S669/2arfA/2arfA_H1069Q_relaxed.pdb,0
S669,2bjdA_V84D,WT,S669/2bjdA/2bjdA_relaxed.pdb,0
S669,2bjdA_V84D,Mut,S669/2bjdA/2bjdA_V84D_relaxed.pdb,0
S669,2bjdA_V84P,WT,S669/2bjdA/2bjdA_relaxed.pdb,0
S669,2bjdA_V84P,Mut,S669/2bjdA/2bjdA_V84P_relaxed.pdb,0
S669,2bjdA_Y86E,WT,S669/2bjdA/2bjdA_relaxed.pdb,0
S669,2bjdA_Y86E,Mut,S669/2bjdA/2bjdA_Y86E_relaxed.pdb,0
S669,2c9qA_Y79F,WT,S669/2c9qA/2c9qA_relaxed.pdb,0
S669,2c9qA_Y79F,Mut,S669/2c9qA/2c9qA_Y79F_relaxed.pdb,0
S669,2c9qA_Y79W,WT,S669/2c9qA/2c9qA_relaxed.pdb,0
S669,2c9qA_Y79W,Mut,S669/2c9qA/2c9qA_Y79W_relaxed.pdb,0
S669,2clrB_H13F,WT,S669/2clrB/2clrB_relaxed.pdb,0
S669,2clrB_H13F,Mut,S669/2clrB/2clrB_H13F_relaxed.pdb,0
S669,2clrB_H31F,WT,S669/2clrB/2clrB_relaxed.pdb,0
S669,2clrB_H31F,Mut,S669/2clrB/2clrB_H31F_relaxed.pdb,0
S669,2clrB_H51F,WT,S669/2clrB/2clrB_relaxed.pdb,0
S669,2clrB_H51F,Mut,S669/2clrB/2clrB_H51F_relaxed.pdb,0
S669,2clrB_H84A,WT,S669/2clrB/2clrB_relaxed.pdb,0
S669,2clrB_H84A,Mut,S669/2clrB/2clrB_H84A_relaxed.pdb,0
S669,2dvvA_Q443H,WT,S669/2dvvA/2dvvA_relaxed.pdb,0
S669,2dvvA_Q443H,Mut,S669/2dvvA/2dvvA_Q443H_relaxed.pdb,0
S669,2dvvA_R419W,WT,S669/2dvvA/2dvvA_relaxed.pdb,0
S669,2dvvA_R419W,Mut,S669/2dvvA/2dvvA_R419W_relaxed.pdb,0
S669,2h3fA_E12A,WT,S669/2h3fA/2h3fA_relaxed.pdb,0
S669,2h3fA_E12A,Mut,S669/2h3fA/2h3fA_E12A_relaxed.pdb,0
S669,2hbbA_A22G,WT,S669/2hbbA/2hbbA_relaxed.pdb,0
S669,2hbbA_A22G,Mut,S669/2hbbA/2hbbA_A22G_relaxed.pdb,0
S669,2hbbA_A26G,WT,S669/2hbbA/2hbbA_relaxed.pdb,0
S669,2hbbA_A26G,Mut,S669/2hbbA/2hbbA_A26G_relaxed.pdb,0
S669,2hbbA_A36G,WT,S669/2hbbA/2hbbA_relaxed.pdb,0
S669,2hbbA_A36G,Mut,S669/2hbbA/2hbbA_A36G_relaxed.pdb,0
S669,2hbbA_A39G,WT,S669/2hbbA/2hbbA_relaxed.pdb,0
S669,2hbbA_A39G,Mut,S669/2hbbA/2hbbA_A39G_relaxed.pdb,0
S669,2hbbA_A42G,WT,S669/2hbbA/2hbbA_relaxed.pdb,0
S669,2hbbA_A42G,Mut,S669/2hbbA/2hbbA_A42G_relaxed.pdb,0
S669,2hbbA_A46G,WT,S669/2hbbA/2hbbA_relaxed.pdb,0
S669,2hbbA_A46G,Mut,S669/2hbbA/2hbbA_A46G_relaxed.pdb,0
S669,2hbbA_A49G,WT,S669/2hbbA/2hbbA_relaxed.pdb,0
S669,2hbbA_A49G,Mut,S669/2hbbA/2hbbA_A49G_relaxed.pdb,0
S669,2hbbA_D23A,WT,S669/2hbbA/2hbbA_relaxed.pdb,0
S669,2hbbA_D23A,Mut,S669/2hbbA/2hbbA_D23A_relaxed.pdb,0
S669,2hbbA_D23N,WT,S669/2hbbA/2hbbA_relaxed.pdb,0
S669,2hbbA_D23N,Mut,S669/2hbbA/2hbbA_D23N_relaxed.pdb,0
S669,2hbbA_D8A,WT,S669/2hbbA/2hbbA_relaxed.pdb,0
S669,2hbbA_D8A,Mut,S669/2hbbA/2hbbA_D8A_relaxed.pdb,0
S669,2hbbA_D8N,WT,S669/2hbbA/2hbbA_relaxed.pdb,0
S669,2hbbA_D8N,Mut,S669/2hbbA/2hbbA_D8N_relaxed.pdb,0
S669,2hbbA_E17A,WT,S669/2hbbA/2hbbA_relaxed.pdb,0
S669,2hbbA_E17A,Mut,S669/2hbbA/2hbbA_E17A_relaxed.pdb,0
S669,2hbbA_E17Q,WT,S669/2hbbA/2hbbA_relaxed.pdb,0
S669,2hbbA_E17Q,Mut,S669/2hbbA/2hbbA_E17Q_relaxed.pdb,0
S669,2hbbA_E38A,WT,S669/2hbbA/2hbbA_relaxed.pdb,0
S669,2hbbA_E38A,Mut,S669/2hbbA/2hbbA_E38A_relaxed.pdb,0
S669,2hbbA_E38Q,WT,S669/2hbbA/2hbbA_relaxed.pdb,0
S669,2hbbA_E38Q,Mut,S669/2hbbA/2hbbA_E38Q_relaxed.pdb,0
S669,2hbbA_E48Q,WT,S669/2hbbA/2hbbA_relaxed.pdb,0
S669,2hbbA_E48Q,Mut,S669/2hbbA/2hbbA_E48Q_relaxed.pdb,0
S669,2hbbA_F31A,WT,S669/2hbbA/2hbbA_relaxed.pdb,0
S669,2hbbA_F31A,Mut,S669/2hbbA/2hbbA_F31A_relaxed.pdb,0
S669,2hbbA_F5L,WT,S669/2hbbA/2hbbA_relaxed.pdb,0
S669,2hbbA_F5L,Mut,S669/2hbbA/2hbbA_F5L_relaxed.pdb,0
S669,2hbbA_G24A,WT,S669/2hbbA/2hbbA_relaxed.pdb,0
S669,2hbbA_G24A,Mut,S669/2hbbA/2hbbA_G24A_relaxed.pdb,0
S669,2hbbA_G34A,WT,S669/2hbbA/2hbbA_relaxed.pdb,0
S669,2hbbA_G34A,Mut,S669/2hbbA/2hbbA_G34A_relaxed.pdb,0
S669,2hbbA_I18A,WT,S669/2hbbA/2hbbA_relaxed.pdb,0
S669,2hbbA_I18A,Mut,S669/2hbbA/2hbbA_I18A_relaxed.pdb,0
S669,2hbbA_I18V,WT,S669/2hbbA/2hbbA_relaxed.pdb,0
S669,2hbbA_I18V,Mut,S669/2hbbA/2hbbA_I18V_relaxed.pdb,0
S669,2hbbA_I37A,WT,S669/2hbbA/2hbbA_relaxed.pdb,0
S669,2hbbA_I37A,Mut,S669/2hbbA/2hbbA_I37A_relaxed.pdb,0
S669,2hbbA_I37V,WT,S669/2hbbA/2hbbA_relaxed.pdb,0
S669,2hbbA_I37V,Mut,S669/2hbbA/2hbbA_I37V_relaxed.pdb,0
S669,2hbbA_I4V,WT,S669/2hbbA/2hbbA_relaxed.pdb,0
S669,2hbbA_I4V,Mut,S669/2hbbA/2hbbA_I4V_relaxed.pdb,0
S669,2hbbA_K10E,WT,S669/2hbbA/2hbbA_relaxed.pdb,0
S669,2hbbA_K10E,Mut,S669/2hbbA/2hbbA_K10E_relaxed.pdb,0
S669,2hbbA_K10M,WT,S669/2hbbA/2hbbA_relaxed.pdb,0
S669,2hbbA_K10M,Mut,S669/2hbbA/2hbbA_K10M_relaxed.pdb,0
S669,2hbbA_K12A,WT,S669/2hbbA/2hbbA_relaxed.pdb,0
S669,2hbbA_K12A,Mut,S669/2hbbA/2hbbA_K12A_relaxed.pdb,0
S669,2hbbA_K12G,WT,S669/2hbbA/2hbbA_relaxed.pdb,0
S669,2hbbA_K12G,Mut,S669/2hbbA/2hbbA_K12G_relaxed.pdb,0
S669,2hbbA_K12M,WT,S669/2hbbA/2hbbA_relaxed.pdb,0
S669,2hbbA_K12M,Mut,S669/2hbbA/2hbbA_K12M_relaxed.pdb,0
S669,2hbbA_K14A,WT,S669/2hbbA/2hbbA_relaxed.pdb,0
S669,2hbbA_K14A,Mut,S669/2hbbA/2hbbA_K14A_relaxed.pdb,0
S669,2hbbA_K14G,WT,S669/2hbbA/2hbbA_relaxed.pdb,0
S669,2hbbA_K14G,Mut,S669/2hbbA/2hbbA_K14G_relaxed.pdb,0
S669,2hbbA_K14M,WT,S669/2hbbA/2hbbA_relaxed.pdb,0
S669,2hbbA_K14M,Mut,S669/2hbbA/2hbbA_K14M_relaxed.pdb,0
S669,2hbbA_K15G,WT,S669/2hbbA/2hbbA_relaxed.pdb,0
S669,2hbbA_K15G,Mut,S669/2hbbA/2hbbA_K15G_relaxed.pdb,0
S669,2hbbA_K15M,WT,S669/2hbbA/2hbbA_relaxed.pdb,0
S669,2hbbA_K15M,Mut,S669/2hbbA/2hbbA_K15M_relaxed.pdb,0
S669,2hbbA_K7M,WT,S669/2hbbA/2hbbA_relaxed.pdb,0
S669,2hbbA_K7M,Mut,S669/2hbbA/2hbbA_K7M_relaxed.pdb,0
S669,2hbbA_L30A,WT,S669/2hbbA/2hbbA_relaxed.pdb,0
S669,2hbbA_L30A,Mut,S669/2hbbA/2hbbA_L30A_relaxed.pdb,0
S669,2hbbA_L35A,WT,S669/2hbbA/2hbbA_relaxed.pdb,0
S669,2hbbA_L35A,Mut,S669/2hbbA/2hbbA_L35A_relaxed.pdb,0
S669,2hbbA_L44A,WT,S669/2hbbA/2hbbA_relaxed.pdb,0
S669,2hbbA_L44A,Mut,S669/2hbbA/2hbbA_L44A_relaxed.pdb,0
S669,2hbbA_L47A,WT,S669/2hbbA/2hbbA_relaxed.pdb,0
S669,2hbbA_L47A,Mut,S669/2hbbA/2hbbA_L47A_relaxed.pdb,0
S669,2hbbA_L6A,WT,S669/2hbbA/2hbbA_relaxed.pdb,0
S669,2hbbA_L6A,Mut,S669/2hbbA/2hbbA_L6A_relaxed.pdb,0
S669,2hbbA_M1A,WT,S669/2hbbA/2hbbA_relaxed.pdb,0
S669,2hbbA_M1A,Mut,S669/2hbbA/2hbbA_M1A_relaxed.pdb,0
S669,2hbbA_T40S,WT,S669/2hbbA/2hbbA_relaxed.pdb,0
S669,2hbbA_T40S,Mut,S669/2hbbA/2hbbA_T40S_relaxed.pdb,0
S669,2hbbA_V21A,WT,S669/2hbbA/2hbbA_relaxed.pdb,0
S669,2hbbA_V21A,Mut,S669/2hbbA/2hbbA_V21A_relaxed.pdb,0
S669,2hbbA_V3A,WT,S669/2hbbA/2hbbA_relaxed.pdb,0
S669,2hbbA_V3A,Mut,S669/2hbbA/2hbbA_V3A_relaxed.pdb,0
S669,2hbbA_V9A,WT,S669/2hbbA/2hbbA_relaxed.pdb,0
S669,2hbbA_V9A,Mut,S669/2hbbA/2hbbA_V9A_relaxed.pdb,0
S669,2jieA_C170A,WT,S669/2jieA/2jieA_relaxed.pdb,0
S669,2jieA_C170A,Mut,S669/2jieA/2jieA_C170A_relaxed.pdb,0
S669,2jieA_C170Q,WT,S669/2jieA/2jieA_relaxed.pdb,0
S669,2jieA_C170Q,Mut,S669/2jieA/2jieA_C170Q_relaxed.pdb,0
S669,2jieA_E157D,WT,S669/2jieA/2jieA_relaxed.pdb,0
S669,2jieA_E157D,Mut,S669/2jieA/2jieA_E157D_relaxed.pdb,0
S669,2jieA_E167A,WT,S669/2jieA/2jieA_relaxed.pdb,0
S669,2jieA_E167A,Mut,S669/2jieA/2jieA_E167A_relaxed.pdb,0
S669,2jieA_E225A,WT,S669/2jieA/2jieA_relaxed.pdb,0
S669,2jieA_E225A,Mut,S669/2jieA/2jieA_E225A_relaxed.pdb,0
S669,2jieA_E225H,WT,S669/2jieA/2jieA_relaxed.pdb,0
S669,2jieA_E225H,Mut,S669/2jieA/2jieA_E225H_relaxed.pdb,0
S669,2jieA_E409A,WT,S669/2jieA/2jieA_relaxed.pdb,0
S669,2jieA_E409A,Mut,S669/2jieA/2jieA_E409A_relaxed.pdb,0
S669,2jieA_E409D,WT,S669/2jieA/2jieA_relaxed.pdb,0
S669,2jieA_E409D,Mut,S669/2jieA/2jieA_E409D_relaxed.pdb,0
S669,2jieA_E426S,WT,S669/2jieA/2jieA_relaxed.pdb,0
S669,2jieA_E426S,Mut,S669/2jieA/2jieA_E426S_relaxed.pdb,0
S669,2jieA_F418A,WT,S669/2jieA/2jieA_relaxed.pdb,0
S669,2jieA_F418A,Mut,S669/2jieA/2jieA_F418A_relaxed.pdb,0
S669,2jieA_H104R,WT,S669/2jieA/2jieA_relaxed.pdb,0
S669,2jieA_H104R,Mut,S669/2jieA/2jieA_H104R_relaxed.pdb,0
S669,2jieA_I247E,WT,S669/2jieA/2jieA_relaxed.pdb,0
S669,2jieA_I247E,Mut,S669/2jieA/2jieA_I247E_relaxed.pdb,0
S669,2jieA_I247N,WT,S669/2jieA/2jieA_relaxed.pdb,0
S669,2jieA_I247N,Mut,S669/2jieA/2jieA_I247N_relaxed.pdb,0
S669,2jieA_L174A,WT,S669/2jieA/2jieA_relaxed.pdb,0
S669,2jieA_L174A,Mut,S669/2jieA/2jieA_L174A_relaxed.pdb,0
S669,2jieA_L174R,WT,S669/2jieA/2jieA_relaxed.pdb,0
S669,2jieA_L174R,Mut,S669/2jieA/2jieA_L174R_relaxed.pdb,0
S669,2jieA_M224A,WT,S669/2jieA/2jieA_relaxed.pdb,0
S669,2jieA_M224A,Mut,S669/2jieA/2jieA_M224A_relaxed.pdb,0
S669,2jieA_M326A,WT,S669/2jieA/2jieA_relaxed.pdb,0
S669,2jieA_M326A,Mut,S669/2jieA/2jieA_M326A_relaxed.pdb,0
S669,2jieA_N166A,WT,S669/2jieA/2jieA_relaxed.pdb,0
S669,2jieA_N166A,Mut,S669/2jieA/2jieA_N166A_relaxed.pdb,0
S669,2jieA_N166C,WT,S669/2jieA/2jieA_relaxed.pdb,0
S669,2jieA_N166C,Mut,S669/2jieA/2jieA_N166C_relaxed.pdb,0
S669,2jieA_N223A,WT,S669/2jieA/2jieA_relaxed.pdb,0
S669,2jieA_N223A,Mut,S669/2jieA/2jieA_N223A_relaxed.pdb,0
S669,2jieA_N223G,WT,S669/2jieA/2jieA_relaxed.pdb,0
S669,2jieA_N223G,Mut,S669/2jieA/2jieA_N223G_relaxed.pdb,0
S669,2jieA_N223H,WT,S669/2jieA/2jieA_relaxed.pdb,0
S669,2jieA_N223H,Mut,S669/2jieA/2jieA_N223H_relaxed.pdb,0
S669,2jieA_N223R,WT,S669/2jieA/2jieA_relaxed.pdb,0
S669,2jieA_N223R,Mut,S669/2jieA/2jieA_N223R_relaxed.pdb,0
S669,2jieA_N223Y,WT,S669/2jieA/2jieA_relaxed.pdb,0
S669,2jieA_N223Y,Mut,S669/2jieA/2jieA_N223Y_relaxed.pdb,0
S669,2jieA_N296A,WT,S669/2jieA/2jieA_relaxed.pdb,0
S669,2jieA_N296A,Mut,S669/2jieA/2jieA_N296A_relaxed.pdb,0
S669,2jieA_N296C,WT,S669/2jieA/2jieA_relaxed.pdb,0
S669,2jieA_N296C,Mut,S669/2jieA/2jieA_N296C_relaxed.pdb,0
S669,2jieA_N407A,WT,S669/2jieA/2jieA_relaxed.pdb,0
S669,2jieA_N407A,Mut,S669/2jieA/2jieA_N407A_relaxed.pdb,0
S669,2jieA_N407C,WT,S669/2jieA/2jieA_relaxed.pdb,0
S669,2jieA_N407C,Mut,S669/2jieA/2jieA_N407C_relaxed.pdb,0
S669,2jieA_Q22S,WT,S669/2jieA/2jieA_relaxed.pdb,0
S669,2jieA_Q22S,Mut,S669/2jieA/2jieA_Q22S_relaxed.pdb,0
S669,2jieA_R243A,WT,S669/2jieA/2jieA_relaxed.pdb,0
S669,2jieA_R243A,Mut,S669/2jieA/2jieA_R243A_relaxed.pdb,0
S669,2jieA_R243D,WT,S669/2jieA/2jieA_relaxed.pdb,0
S669,2jieA_R243D,Mut,S669/2jieA/2jieA_R243D_relaxed.pdb,0
S669,2jieA_R243K,WT,S669/2jieA/2jieA_relaxed.pdb,0
S669,2jieA_R243K,Mut,S669/2jieA/2jieA_R243K_relaxed.pdb,0
S669,2jieA_S17A,WT,S669/2jieA/2jieA_relaxed.pdb,0
S669,2jieA_S17A,Mut,S669/2jieA/2jieA_S17A_relaxed.pdb,0
S669,2jieA_S19A,WT,S669/2jieA/2jieA_relaxed.pdb,0
S669,2jieA_S19A,Mut,S669/2jieA/2jieA_S19A_relaxed.pdb,0
S669,2jieA_S334A,WT,S669/2jieA/2jieA_relaxed.pdb,0
S669,2jieA_S334A,Mut,S669/2jieA/2jieA_S334A_relaxed.pdb,0
S669,2jieA_S403A,WT,S669/2jieA/2jieA_relaxed.pdb,0
S669,2jieA_S403A,Mut,S669/2jieA/2jieA_S403A_relaxed.pdb,0
S669,2jieA_T18A,WT,S669/2jieA/2jieA_relaxed.pdb,0
S669,2jieA_T18A,Mut,S669/2jieA/2jieA_T18A_relaxed.pdb,0
S669,2jieA_T221A,WT,S669/2jieA/2jieA_relaxed.pdb,0
S669,2jieA_T221A,Mut,S669/2jieA/2jieA_T221A_relaxed.pdb,0
S669,2jieA_T355A,WT,S669/2jieA/2jieA_relaxed.pdb,0
S669,2jieA_T355A,Mut,S669/2jieA/2jieA_T355A_relaxed.pdb,0
S669,2jieA_W123F,WT,S669/2jieA/2jieA_relaxed.pdb,0
S669,2jieA_W123F,Mut,S669/2jieA/2jieA_W123F_relaxed.pdb,0
S669,2jieA_W123H,WT,S669/2jieA/2jieA_relaxed.pdb,0
S669,2jieA_W123H,Mut,S669/2jieA/2jieA_W123H_relaxed.pdb,0
S669,2jieA_W328A,WT,S669/2jieA/2jieA_relaxed.pdb,0
S669,2jieA_W328A,Mut,S669/2jieA/2jieA_W328A_relaxed.pdb,0
S669,2jieA_W328C,WT,S669/2jieA/2jieA_relaxed.pdb,0
S669,2jieA_W328C,Mut,S669/2jieA/2jieA_W328C_relaxed.pdb,0
S669,2jieA_W328H,WT,S669/2jieA/2jieA_relaxed.pdb,0
S669,2jieA_W328H,Mut,S669/2jieA/2jieA_W328H_relaxed.pdb,0
S669,2jieA_W328R,WT,S669/2jieA/2jieA_relaxed.pdb,0
S669,2jieA_W328R,Mut,S669/2jieA/2jieA_W328R_relaxed.pdb,0
S669,2jieA_W402C,WT,S669/2jieA/2jieA_relaxed.pdb,0
S669,2jieA_W402C,Mut,S669/2jieA/2jieA_W402C_relaxed.pdb,0
S669,2jieA_W402R,WT,S669/2jieA/2jieA_relaxed.pdb,0
S669,2jieA_W402R,Mut,S669/2jieA/2jieA_W402R_relaxed.pdb,0
S669,2jieA_W412Y,WT,S669/2jieA/2jieA_relaxed.pdb,0
S669,2jieA_W412Y,Mut,S669/2jieA/2jieA_W412Y_relaxed.pdb,0
S669,2jieA_Y21A,WT,S669/2jieA/2jieA_relaxed.pdb,0
S669,2jieA_Y21A,Mut,S669/2jieA/2jieA_Y21A_relaxed.pdb,0
S669,2jieA_Y297A,WT,S669/2jieA/2jieA_relaxed.pdb,0
S669,2jieA_Y297A,Mut,S669/2jieA/2jieA_Y297A_relaxed.pdb,0
S669,2jieA_Y297F,WT,S669/2jieA/2jieA_relaxed.pdb,0
S669,2jieA_Y297F,Mut,S669/2jieA/2jieA_Y297F_relaxed.pdb,0
S669,2jucA_C57D,WT,S669/2jucA/2jucA_relaxed.pdb,0
S669,2jucA_C57D,Mut,S669/2jucA/2jucA_C57D_relaxed.pdb,0
S669,2jucA_C57S,WT,S669/2jucA/2jucA_relaxed.pdb,0
S669,2jucA_C57S,Mut,S669/2jucA/2jucA_C57S_relaxed.pdb,0
S669,2jucA_R18A,WT,S669/2jucA/2jucA_relaxed.pdb,0
S669,2jucA_R18A,Mut,S669/2jucA/2jucA_R18A_relaxed.pdb,0
S669,2kj3A_D288A,WT,S669/2kj3A/2kj3A_relaxed.pdb,0
S669,2kj3A_D288A,Mut,S669/2kj3A/2kj3A_D288A_relaxed.pdb,0
S669,2kj3A_E272A,WT,S669/2kj3A/2kj3A_relaxed.pdb,0
S669,2kj3A_E272A,Mut,S669/2kj3A/2kj3A_E272A_relaxed.pdb,0
S669,2kj3A_G278A,WT,S669/2kj3A/2kj3A_relaxed.pdb,0
S669,2kj3A_G278A,Mut,S669/2kj3A/2kj3A_G278A_relaxed.pdb,0
S669,2kj3A_K229A,WT,S669/2kj3A/2kj3A_relaxed.pdb,0
S669,2kj3A_K229A,Mut,S669/2kj3A/2kj3A_K229A_relaxed.pdb,0
S669,2kj3A_L241A,WT,S669/2kj3A/2kj3A_relaxed.pdb,0
S669,2kj3A_L241A,Mut,S669/2kj3A/2kj3A_L241A_relaxed.pdb,0
S669,2kj3A_S273A,WT,S669/2kj3A/2kj3A_relaxed.pdb,0
S669,2kj3A_S273A,Mut,S669/2kj3A/2kj3A_S273A_relaxed.pdb,0
S669,2kj3A_V239A,WT,S669/2kj3A/2kj3A_relaxed.pdb,0
S669,2kj3A_V239A,Mut,S669/2kj3A/2kj3A_V239A_relaxed.pdb,0
S669,2kj3A_V264A,WT,S669/2kj3A/2kj3A_relaxed.pdb,0
S669,2kj3A_V264A,Mut,S669/2kj3A/2kj3A_V264A_relaxed.pdb,0
S669,2kj3A_V267A,WT,S669/2kj3A/2kj3A_relaxed.pdb,0
S669,2kj3A_V267A,Mut,S669/2kj3A/2kj3A_V267A_relaxed.pdb,0
S669,2ks4A_D9A,WT,S669/2ks4A/2ks4A_relaxed.pdb,0
S669,2ks4A_D9A,Mut,S669/2ks4A/2ks4A_D9A_relaxed.pdb,0
S669,2ks4A_E2A,WT,S669/2ks4A/2ks4A_relaxed.pdb,0
S669,2ks4A_E2A,Mut,S669/2ks4A/2ks4A_E2A_relaxed.pdb,0
S669,2ltbA_L558P,WT,S669/2ltbA/2ltbA_relaxed.pdb,0
S669,2ltbA_L558P,Mut,S669/2ltbA/2ltbA_L558P_relaxed.pdb,0
S669,2ltbA_L569R,WT,S669/2ltbA/2ltbA_relaxed.pdb,0
S669,2ltbA_L569R,Mut,S669/2ltbA/2ltbA_L569R_relaxed.pdb,0
S669,2ltbA_M619K,WT,S669/2ltbA/2ltbA_relaxed.pdb,0
S669,2ltbA_M619K,Mut,S669/2ltbA/2ltbA_M619K_relaxed.pdb,0
S669,2ltbA_R533Q,WT,S669/2ltbA/2ltbA_relaxed.pdb,0
S669,2ltbA_R533Q,Mut,S669/2ltbA/2ltbA_R533Q_relaxed.pdb,0
S669,2ltbA_R555Q,WT,S669/2ltbA/2ltbA_relaxed.pdb,0
S669,2ltbA_R555Q,Mut,S669/2ltbA/2ltbA_R555Q_relaxed.pdb,0
S669,2ltbA_R555W,WT,S669/2ltbA/2ltbA_relaxed.pdb,0
S669,2ltbA_R555W,Mut,S669/2ltbA/2ltbA_R555W_relaxed.pdb,0
S669,2m5sA_D302A,WT,S669/2m5sA/2m5sA_relaxed.pdb,0
S669,2m5sA_D302A,Mut,S669/2m5sA/2m5sA_D302A_relaxed.pdb,0
S669,2m5sA_H305A,WT,S669/2m5sA/2m5sA_relaxed.pdb,0
S669,2m5sA_H305A,Mut,S669/2m5sA/2m5sA_H305A_relaxed.pdb,0
S669,2mpcA_A89T,WT,S669/2mpcA/2mpcA_relaxed.pdb,0
S669,2mpcA_A89T,Mut,S669/2mpcA/2mpcA_A89T_relaxed.pdb,0
S669,2mpcA_R42A,WT,S669/2mpcA/2mpcA_relaxed.pdb,0
S669,2mpcA_R42A,Mut,S669/2mpcA/2mpcA_R42A_relaxed.pdb,0
S669,2mpcA_R42W,WT,S669/2mpcA/2mpcA_relaxed.pdb,0
S669,2mpcA_R42W,Mut,S669/2mpcA/2mpcA_R42W_relaxed.pdb,0
S669,2n7zA_P88A,WT,S669/2n7zA/2n7zA_relaxed.pdb,0
S669,2n7zA_P88A,Mut,S669/2n7zA/2n7zA_P88A_relaxed.pdb,0
S669,2nteA_I738V,WT,S669/2nteA/2nteA_relaxed.pdb,0
S669,2nteA_I738V,Mut,S669/2nteA/2nteA_I738V_relaxed.pdb,0
S669,2nteA_R658C,WT,S669/2nteA/2nteA_relaxed.pdb,0
S669,2nteA_R658C,Mut,S669/2nteA/2nteA_R658C_relaxed.pdb,0
S669,2ouoA_A420D,WT,S669/2ouoA/2ouoA_relaxed.pdb,0
S669,2ouoA_A420D,Mut,S669/2ouoA/2ouoA_A420D_relaxed.pdb,0
S669,2pr5A_A33Y,WT,S669/2pr5A/2pr5A_relaxed.pdb,0
S669,2pr5A_A33Y,Mut,S669/2pr5A/2pr5A_A33Y_relaxed.pdb,0
S669,2pr5A_A81M,WT,S669/2pr5A/2pr5A_relaxed.pdb,0
S669,2pr5A_A81M,Mut,S669/2pr5A/2pr5A_A81M_relaxed.pdb,0
S669,2pr5A_D109E,WT,S669/2pr5A/2pr5A_relaxed.pdb,0
S669,2pr5A_D109E,Mut,S669/2pr5A/2pr5A_D109E_relaxed.pdb,0
S669,2pr5A_H22K,WT,S669/2pr5A/2pr5A_relaxed.pdb,0
S669,2pr5A_H22K,Mut,S669/2pr5A/2pr5A_H22K_relaxed.pdb,0
S669,2pr5A_H22W,WT,S669/2pr5A/2pr5A_relaxed.pdb,0
S669,2pr5A_H22W,Mut,S669/2pr5A/2pr5A_H22W_relaxed.pdb,0
S669,2pr5A_M111F,WT,S669/2pr5A/2pr5A_relaxed.pdb,0
S669,2pr5A_M111F,Mut,S669/2pr5A/2pr5A_M111F_relaxed.pdb,0
S669,2pr5A_N107F,WT,S669/2pr5A/2pr5A_relaxed.pdb,0
S669,2pr5A_N107F,Mut,S669/2pr5A/2pr5A_N107F_relaxed.pdb,0
S669,2pr5A_N107Y,WT,S669/2pr5A/2pr5A_relaxed.pdb,0
S669,2pr5A_N107Y,Mut,S669/2pr5A/2pr5A_N107Y_relaxed.pdb,0
S669,2pr5A_N124F,WT,S669/2pr5A/2pr5A_relaxed.pdb,0
S669,2pr5A_N124F,Mut,S669/2pr5A/2pr5A_N124F_relaxed.pdb,0
S669,2pr5A_N124Y,WT,S669/2pr5A/2pr5A_relaxed.pdb,0
S669,2pr5A_N124Y,Mut,S669/2pr5A/2pr5A_N124Y_relaxed.pdb,0
S669,2pr5A_T30M,WT,S669/2pr5A/2pr5A_relaxed.pdb,0
S669,2pr5A_T30M,Mut,S669/2pr5A/2pr5A_T30M_relaxed.pdb,0
S669,2pr5A_T50M,WT,S669/2pr5A/2pr5A_relaxed.pdb,0
S669,2pr5A_T50M,Mut,S669/2pr5A/2pr5A_T50M_relaxed.pdb,0
S669,2pr5A_T54Y,WT,S669/2pr5A/2pr5A_relaxed.pdb,0
S669,2pr5A_T54Y,Mut,S669/2pr5A/2pr5A_T54Y_relaxed.pdb,0
S669,2pr5A_V120I,WT,S669/2pr5A/2pr5A_relaxed.pdb,0
S669,2pr5A_V120I,Mut,S669/2pr5A/2pr5A_V120I_relaxed.pdb,0
S669,2pr5A_V25I,WT,S669/2pr5A/2pr5A_relaxed.pdb,0
S669,2pr5A_V25I,Mut,S669/2pr5A/2pr5A_V25I_relaxed.pdb,0
S669,2pr5A_V88L,WT,S669/2pr5A/2pr5A_relaxed.pdb,0
S669,2pr5A_V88L,Mut,S669/2pr5A/2pr5A_V88L_relaxed.pdb,0
S669,2pr5A_V90I,WT,S669/2pr5A/2pr5A_relaxed.pdb,0
S669,2pr5A_V90I,Mut,S669/2pr5A/2pr5A_V90I_relaxed.pdb,0
S669,2ptlA_A22G,WT,S669/2ptlA/2ptlA_relaxed.pdb,0
S669,2ptlA_A22G,Mut,S669/2ptlA/2ptlA_A22G_relaxed.pdb,0
S669,2ptlA_A27P,WT,S669/2ptlA/2ptlA_relaxed.pdb,0
S669,2ptlA_A27P,Mut,S669/2ptlA/2ptlA_A27P_relaxed.pdb,0
S669,2ptlA_A27V,WT,S669/2ptlA/2ptlA_relaxed.pdb,0
S669,2ptlA_A27V,Mut,S669/2ptlA/2ptlA_A27V_relaxed.pdb,0
S669,2ptlA_A34G,WT,S669/2ptlA/2ptlA_relaxed.pdb,0
S669,2ptlA_A34G,Mut,S669/2ptlA/2ptlA_A34G_relaxed.pdb,0
S669,2ptlA_A34V,WT,S669/2ptlA/2ptlA_relaxed.pdb,0
S669,2ptlA_A34V,Mut,S669/2ptlA/2ptlA_A34V_relaxed.pdb,0
S669,2ptlA_A43G,WT,S669/2ptlA/2ptlA_relaxed.pdb,0
S669,2ptlA_A43G,Mut,S669/2ptlA/2ptlA_A43G_relaxed.pdb,0
S669,2ptlA_A47G,WT,S669/2ptlA/2ptlA_relaxed.pdb,0
S669,2ptlA_A47G,Mut,S669/2ptlA/2ptlA_A47G_relaxed.pdb,0
S669,2ptlA_A49G,WT,S669/2ptlA/2ptlA_relaxed.pdb,0
S669,2ptlA_A49G,Mut,S669/2ptlA/2ptlA_A49G_relaxed.pdb,0
S669,2ptlA_A51G,WT,S669/2ptlA/2ptlA_relaxed.pdb,0
S669,2ptlA_A51G,Mut,S669/2ptlA/2ptlA_A51G_relaxed.pdb,0
S669,2ptlA_A66G,WT,S669/2ptlA/2ptlA_relaxed.pdb,0
S669,2ptlA_A66G,Mut,S669/2ptlA/2ptlA_A66G_relaxed.pdb,0
S669,2ptlA_D52A,WT,S669/2ptlA/2ptlA_relaxed.pdb,0
S669,2ptlA_D52A,Mut,S669/2ptlA/2ptlA_D52A_relaxed.pdb,0
S669,2ptlA_D52G,WT,S669/2ptlA/2ptlA_relaxed.pdb,0
S669,2ptlA_D52G,Mut,S669/2ptlA/2ptlA_D52G_relaxed.pdb,0
S669,2ptlA_D64A,WT,S669/2ptlA/2ptlA_relaxed.pdb,0
S669,2ptlA_D64A,Mut,S669/2ptlA/2ptlA_D64A_relaxed.pdb,0
S669,2ptlA_E35A,WT,S669/2ptlA/2ptlA_relaxed.pdb,0
S669,2ptlA_E35A,Mut,S669/2ptlA/2ptlA_E35A_relaxed.pdb,0
S669,2ptlA_E46G,WT,S669/2ptlA/2ptlA_relaxed.pdb,0
S669,2ptlA_E46G,Mut,S669/2ptlA/2ptlA_E46G_relaxed.pdb,0
S669,2ptlA_E46I,WT,S669/2ptlA/2ptlA_relaxed.pdb,0
S669,2ptlA_E46I,Mut,S669/2ptlA/2ptlA_E46I_relaxed.pdb,0
S669,2ptlA_E60A,WT,S669/2ptlA/2ptlA_relaxed.pdb,0
S669,2ptlA_E60A,Mut,S669/2ptlA/2ptlA_E60A_relaxed.pdb,0
S669,2ptlA_F26A,WT,S669/2ptlA/2ptlA_relaxed.pdb,0
S669,2ptlA_F26A,Mut,S669/2ptlA/2ptlA_F26A_relaxed.pdb,0
S669,2ptlA_F26L,WT,S669/2ptlA/2ptlA_relaxed.pdb,0
S669,2ptlA_F26L,Mut,S669/2ptlA/2ptlA_F26L_relaxed.pdb,0
S669,2ptlA_F36A,WT,S669/2ptlA/2ptlA_relaxed.pdb,0
S669,2ptlA_F36A,Mut,S669/2ptlA/2ptlA_F36A_relaxed.pdb,0
S669,2ptlA_F36L,WT,S669/2ptlA/2ptlA_relaxed.pdb,0
S669,2ptlA_F36L,Mut,S669/2ptlA/2ptlA_F36L_relaxed.pdb,0
S669,2ptlA_F40G,WT,S669/2ptlA/2ptlA_relaxed.pdb,0
S669,2ptlA_F40G,Mut,S669/2ptlA/2ptlA_F40G_relaxed.pdb,0
S669,2ptlA_F40L,WT,S669/2ptlA/2ptlA_relaxed.pdb,0
S669,2ptlA_F40L,Mut,S669/2ptlA/2ptlA_F40L_relaxed.pdb,0
S669,2ptlA_F76L,WT,S669/2ptlA/2ptlA_relaxed.pdb,0
S669,2ptlA_F76L,Mut,S669/2ptlA/2ptlA_F76L_relaxed.pdb,0
S669,2ptlA_F76V,WT,S669/2ptlA/2ptlA_relaxed.pdb,0
S669,2ptlA_F76V,Mut,S669/2ptlA/2ptlA_F76V_relaxed.pdb,0
S669,2ptlA_G29A,WT,S669/2ptlA/2ptlA_relaxed.pdb,0
S669,2ptlA_G29A,Mut,S669/2ptlA/2ptlA_G29A_relaxed.pdb,0
S669,2ptlA_G29V,WT,S669/2ptlA/2ptlA_relaxed.pdb,0
S669,2ptlA_G29V,Mut,S669/2ptlA/2ptlA_G29V_relaxed.pdb,0
S669,2ptlA_G38A,WT,S669/2ptlA/2ptlA_relaxed.pdb,0
S669,2ptlA_G38A,Mut,S669/2ptlA/2ptlA_G38A_relaxed.pdb,0
S669,2ptlA_G59A,WT,S669/2ptlA/2ptlA_relaxed.pdb,0
S669,2ptlA_G59A,Mut,S669/2ptlA/2ptlA_G59A_relaxed.pdb,0
S669,2ptlA_G69A,WT,S669/2ptlA/2ptlA_relaxed.pdb,0
S669,2ptlA_G69A,Mut,S669/2ptlA/2ptlA_G69A_relaxed.pdb,0
S669,2ptlA_I20A,WT,S669/2ptlA/2ptlA_relaxed.pdb,0
S669,2ptlA_I20A,Mut,S669/2ptlA/2ptlA_I20A_relaxed.pdb,0
S669,2ptlA_I20V,WT,S669/2ptlA/2ptlA_relaxed.pdb,0
S669,2ptlA_I20V,Mut,S669/2ptlA/2ptlA_I20V_relaxed.pdb,0
S669,2ptlA_I25A,WT,S669/2ptlA/2ptlA_relaxed.pdb,0
S669,2ptlA_I25A,Mut,S669/2ptlA/2ptlA_I25A_relaxed.pdb,0
S669,2ptlA_I25V,WT,S669/2ptlA/2ptlA_relaxed.pdb,0
S669,2ptlA_I25V,Mut,S669/2ptlA/2ptlA_I25V_relaxed.pdb,0
S669,2ptlA_I74A,WT,S669/2ptlA/2ptlA_relaxed.pdb,0
S669,2ptlA_I74A,Mut,S669/2ptlA/2ptlA_I74A_relaxed.pdb,0
S669,2ptlA_I74V,WT,S669/2ptlA/2ptlA_relaxed.pdb,0
S669,2ptlA_I74V,Mut,S669/2ptlA/2ptlA_I74V_relaxed.pdb,0
S669,2ptlA_K21A,WT,S669/2ptlA/2ptlA_relaxed.pdb,0
S669,2ptlA_K21A,Mut,S669/2ptlA/2ptlA_K21A_relaxed.pdb,0
S669,2ptlA_K37A,WT,S669/2ptlA/2ptlA_relaxed.pdb,0
S669,2ptlA_K37A,Mut,S669/2ptlA/2ptlA_K37A_relaxed.pdb,0
S669,2ptlA_K42G,WT,S669/2ptlA/2ptlA_relaxed.pdb,0
S669,2ptlA_K42G,Mut,S669/2ptlA/2ptlA_K42G_relaxed.pdb,0
S669,2ptlA_K55A,WT,S669/2ptlA/2ptlA_relaxed.pdb,0
S669,2ptlA_K55A,Mut,S669/2ptlA/2ptlA_K55A_relaxed.pdb,0
S669,2ptlA_K56A,WT,S669/2ptlA/2ptlA_relaxed.pdb,0
S669,2ptlA_K56A,Mut,S669/2ptlA/2ptlA_K56A_relaxed.pdb,0
S669,2ptlA_K68A,WT,S669/2ptlA/2ptlA_relaxed.pdb,0
S669,2ptlA_K68A,Mut,S669/2ptlA/2ptlA_K68A_relaxed.pdb,0
S669,2ptlA_K75A,WT,S669/2ptlA/2ptlA_relaxed.pdb,0
S669,2ptlA_K75A,Mut,S669/2ptlA/2ptlA_K75A_relaxed.pdb,0
S669,2ptlA_L24A,WT,S669/2ptlA/2ptlA_relaxed.pdb,0
S669,2ptlA_L24A,Mut,S669/2ptlA/2ptlA_L24A_relaxed.pdb,0
S669,2ptlA_L54A,WT,S669/2ptlA/2ptlA_relaxed.pdb,0
S669,2ptlA_L54A,Mut,S669/2ptlA/2ptlA_L54A_relaxed.pdb,0
S669,2ptlA_L72A,WT,S669/2ptlA/2ptlA_relaxed.pdb,0
S669,2ptlA_L72A,Mut,S669/2ptlA/2ptlA_L72A_relaxed.pdb,0
S669,2ptlA_N23A,WT,S669/2ptlA/2ptlA_relaxed.pdb,0
S669,2ptlA_N23A,Mut,S669/2ptlA/2ptlA_N23A_relaxed.pdb,0
S669,2ptlA_N28A,WT,S669/2ptlA/2ptlA_relaxed.pdb,0
S669,2ptlA_N28A,Mut,S669/2ptlA/2ptlA_N28A_relaxed.pdb,0
S669,2ptlA_N58A,WT,S669/2ptlA/2ptlA_relaxed.pdb,0
S669,2ptlA_N58A,Mut,S669/2ptlA/2ptlA_N58A_relaxed.pdb,0
S669,2ptlA_N73A,WT,S669/2ptlA/2ptlA_relaxed.pdb,0
S669,2ptlA_N73A,Mut,S669/2ptlA/2ptlA_N73A_relaxed.pdb,0
S669,2ptlA_S30A,WT,S669/2ptlA/2ptlA_relaxed.pdb,0
S669,2ptlA_S30A,Mut,S669/2ptlA/2ptlA_S30A_relaxed.pdb,0
S669,2ptlA_S45A,WT,S669/2ptlA/2ptlA_relaxed.pdb,0
S669,2ptlA_S45A,Mut,S669/2ptlA/2ptlA_S45A_relaxed.pdb,0
S669,2ptlA_S45G,WT,S669/2ptlA/2ptlA_relaxed.pdb,0
S669,2ptlA_S45G,Mut,S669/2ptlA/2ptlA_S45G_relaxed.pdb,0
S669,2ptlA_T19A,WT,S669/2ptlA/2ptlA_relaxed.pdb,0
S669,2ptlA_T19A,Mut,S669/2ptlA/2ptlA_T19A_relaxed.pdb,0
S669,2ptlA_T31A,WT,S669/2ptlA/2ptlA_relaxed.pdb,0
S669,2ptlA_T31A,Mut,S669/2ptlA/2ptlA_T31A_relaxed.pdb,0
S669,2ptlA_T33A,WT,S669/2ptlA/2ptlA_relaxed.pdb,0
S669,2ptlA_T33A,Mut,S669/2ptlA/2ptlA_T33A_relaxed.pdb,0
S669,2ptlA_T39A,WT,S669/2ptlA/2ptlA_relaxed.pdb,0
S669,2ptlA_T39A,Mut,S669/2ptlA/2ptlA_T39A_relaxed.pdb,0
S669,2ptlA_T44A,WT,S669/2ptlA/2ptlA_relaxed.pdb,0
S669,2ptlA_T44A,Mut,S669/2ptlA/2ptlA_T44A_relaxed.pdb,0
S669,2ptlA_T53G,WT,S669/2ptlA/2ptlA_relaxed.pdb,0
S669,2ptlA_T53G,Mut,S669/2ptlA/2ptlA_T53G_relaxed.pdb,0
S669,2ptlA_T62A,WT,S669/2ptlA/2ptlA_relaxed.pdb,0
S669,2ptlA_T62A,Mut,S669/2ptlA/2ptlA_T62A_relaxed.pdb,0
S669,2ptlA_T71A,WT,S669/2ptlA/2ptlA_relaxed.pdb,0
S669,2ptlA_T71A,Mut,S669/2ptlA/2ptlA_T71A_relaxed.pdb,0
S669,2ptlA_V18A,WT,S669/2ptlA/2ptlA_relaxed.pdb,0
S669,2ptlA_V18A,Mut,S669/2ptlA/2ptlA_V18A_relaxed.pdb,0
S669,2ptlA_V63A,WT,S669/2ptlA/2ptlA_relaxed.pdb,0
S669,2ptlA_V63A,Mut,S669/2ptlA/2ptlA_V63A_relaxed.pdb,0
S669,2ptlA_V65A,WT,S669/2ptlA/2ptlA_relaxed.pdb,0
S669,2ptlA_V65A,Mut,S669/2ptlA/2ptlA_V65A_relaxed.pdb,0
S669,2ptlA_Y48A,WT,S669/2ptlA/2ptlA_relaxed.pdb,0
S669,2ptlA_Y48A,Mut,S669/2ptlA/2ptlA_Y48A_relaxed.pdb,0
S669,2ptlA_Y50A,WT,S669/2ptlA/2ptlA_relaxed.pdb,0
S669,2ptlA_Y50A,Mut,S669/2ptlA/2ptlA_Y50A_relaxed.pdb,0
S669,2ptlA_Y70A,WT,S669/2ptlA/2ptlA_relaxed.pdb,0
S669,2ptlA_Y70A,Mut,S669/2ptlA/2ptlA_Y70A_relaxed.pdb,0
S669,2ptlA_Y70L,WT,S669/2ptlA/2ptlA_relaxed.pdb,0
S669,2ptlA_Y70L,Mut,S669/2ptlA/2ptlA_Y70L_relaxed.pdb,0
S669,2rpnA_E7L,WT,S669/2rpnA/2rpnA_relaxed.pdb,0
S669,2rpnA_E7L,Mut,S669/2rpnA/2rpnA_E7L_relaxed.pdb,0
S669,2rpnA_V21K,WT,S669/2rpnA/2rpnA_relaxed.pdb,0
S669,2rpnA_V21K,Mut,S669/2rpnA/2rpnA_V21K_relaxed.pdb,0
S669,2vy0A_D287A,WT,S669/2vy0A/2vy0A_relaxed.pdb,0
S669,2vy0A_D287A,Mut,S669/2vy0A/2vy0A_D287A_relaxed.pdb,0
S669,2vy0A_E53A,WT,S669/2vy0A/2vy0A_relaxed.pdb,0
S669,2vy0A_E53A,Mut,S669/2vy0A/2vy0A_E53A_relaxed.pdb,0
S669,2wqgA_D15A,WT,S669/2wqgA/2wqgA_relaxed.pdb,0
S669,2wqgA_D15A,Mut,S669/2wqgA/2wqgA_D15A_relaxed.pdb,0
S669,2wqgA_D38A,WT,S669/2wqgA/2wqgA_relaxed.pdb,0
S669,2wqgA_D38A,Mut,S669/2wqgA/2wqgA_D38A_relaxed.pdb,0
S669,2wqgA_D39A,WT,S669/2wqgA/2wqgA_relaxed.pdb,0
S669,2wqgA_D39A,Mut,S669/2wqgA/2wqgA_D39A_relaxed.pdb,0
S669,2wqgA_D39N,WT,S669/2wqgA/2wqgA_relaxed.pdb,0
S669,2wqgA_D39N,Mut,S669/2wqgA/2wqgA_D39N_relaxed.pdb,0
S669,2wqgA_E40Q,WT,S669/2wqgA/2wqgA_relaxed.pdb,0
S669,2wqgA_E40Q,Mut,S669/2wqgA/2wqgA_E40Q_relaxed.pdb,0
S669,2wqgA_E41G,WT,S669/2wqgA/2wqgA_relaxed.pdb,0
S669,2wqgA_E41G,Mut,S669/2wqgA/2wqgA_E41G_relaxed.pdb,0
S669,2wqgA_I36A,WT,S669/2wqgA/2wqgA_relaxed.pdb,0
S669,2wqgA_I36A,Mut,S669/2wqgA/2wqgA_I36A_relaxed.pdb,0
S669,2wqgA_I36V,WT,S669/2wqgA/2wqgA_relaxed.pdb,0
S669,2wqgA_I36V,Mut,S669/2wqgA/2wqgA_I36V_relaxed.pdb,0
S669,2wqgA_K14A,WT,S669/2wqgA/2wqgA_relaxed.pdb,0
S669,2wqgA_K14A,Mut,S669/2wqgA/2wqgA_K14A_relaxed.pdb,0
S669,2wqgA_K14G,WT,S669/2wqgA/2wqgA_relaxed.pdb,0
S669,2wqgA_K14G,Mut,S669/2wqgA/2wqgA_K14G_relaxed.pdb,0
S669,2wqgA_K19A,WT,S669/2wqgA/2wqgA_relaxed.pdb,0
S669,2wqgA_K19A,Mut,S669/2wqgA/2wqgA_K19A_relaxed.pdb,0
S669,2wqgA_K28A,WT,S669/2wqgA/2wqgA_relaxed.pdb,0
S669,2wqgA_K28A,Mut,S669/2wqgA/2wqgA_K28A_relaxed.pdb,0
S669,2wqgA_L13A,WT,S669/2wqgA/2wqgA_relaxed.pdb,0
S669,2wqgA_L13A,Mut,S669/2wqgA/2wqgA_L13A_relaxed.pdb,0
S669,2wqgA_L16A,WT,S669/2wqgA/2wqgA_relaxed.pdb,0
S669,2wqgA_L16A,Mut,S669/2wqgA/2wqgA_L16A_relaxed.pdb,0
S669,2wqgA_L8A,WT,S669/2wqgA/2wqgA_relaxed.pdb,0
S669,2wqgA_L8A,Mut,S669/2wqgA/2wqgA_L8A_relaxed.pdb,0
S669,2wqgA_Q12A,WT,S669/2wqgA/2wqgA_relaxed.pdb,0
S669,2wqgA_Q12A,Mut,S669/2wqgA/2wqgA_Q12A_relaxed.pdb,0
S669,2wqgA_Q12G,WT,S669/2wqgA/2wqgA_relaxed.pdb,0
S669,2wqgA_Q12G,Mut,S669/2wqgA/2wqgA_Q12G_relaxed.pdb,0
S669,2wqgA_Q33A,WT,S669/2wqgA/2wqgA_relaxed.pdb,0
S669,2wqgA_Q33A,Mut,S669/2wqgA/2wqgA_Q33A_relaxed.pdb,0
S669,2wqgA_R34A,WT,S669/2wqgA/2wqgA_relaxed.pdb,0
S669,2wqgA_R34A,Mut,S669/2wqgA/2wqgA_R34A_relaxed.pdb,0
S669,2wqgA_S23A,WT,S669/2wqgA/2wqgA_relaxed.pdb,0
S669,2wqgA_S23A,Mut,S669/2wqgA/2wqgA_S23A_relaxed.pdb,0
S669,2wqgA_S6A,WT,S669/2wqgA/2wqgA_relaxed.pdb,0
S669,2wqgA_S6A,Mut,S669/2wqgA/2wqgA_S6A_relaxed.pdb,0
S669,2wqgA_S6G,WT,S669/2wqgA/2wqgA_relaxed.pdb,0
S669,2wqgA_S6G,Mut,S669/2wqgA/2wqgA_S6G_relaxed.pdb,0
S669,2wqgA_T9S,WT,S669/2wqgA/2wqgA_relaxed.pdb,0
S669,2wqgA_T9S,Mut,S669/2wqgA/2wqgA_T9S_relaxed.pdb,0
S669,2wqgA_V10A,WT,S669/2wqgA/2wqgA_relaxed.pdb,0
S669,2wqgA_V10A,Mut,S669/2wqgA/2wqgA_V10A_relaxed.pdb,0
S669,2wqgA_V10G,WT,S669/2wqgA/2wqgA_relaxed.pdb,0
S669,2wqgA_V10G,Mut,S669/2wqgA/2wqgA_V10G_relaxed.pdb,0
S669,2wqgA_V11A,WT,S669/2wqgA/2wqgA_relaxed.pdb,0
S669,2wqgA_V11A,Mut,S669/2wqgA/2wqgA_V11A_relaxed.pdb,0
S669,2wqgA_V11G,WT,S669/2wqgA/2wqgA_relaxed.pdb,0
S669,2wqgA_V11G,Mut,S669/2wqgA/2wqgA_V11G_relaxed.pdb,0
S669,2wqgA_V24A,WT,S669/2wqgA/2wqgA_relaxed.pdb,0
S669,2wqgA_V24A,Mut,S669/2wqgA/2wqgA_V24A_relaxed.pdb,0
S669,2wqgA_Y5F,WT,S669/2wqgA/2wqgA_relaxed.pdb,0
S669,2wqgA_Y5F,Mut,S669/2wqgA/2wqgA_Y5F_relaxed.pdb,0
S669,2ztaA_E11Q,WT,S669/2ztaA/2ztaA_relaxed.pdb,0
S669,2ztaA_E11Q,Mut,S669/2ztaA/2ztaA_E11Q_relaxed.pdb,0
S669,2ztaA_E20Q,WT,S669/2ztaA/2ztaA_relaxed.pdb,0
S669,2ztaA_E20Q,Mut,S669/2ztaA/2ztaA_E20Q_relaxed.pdb,0
S669,2ztaA_E22Q,WT,S669/2ztaA/2ztaA_relaxed.pdb,0
S669,2ztaA_E22Q,Mut,S669/2ztaA/2ztaA_E22Q_relaxed.pdb,0
S669,2ztaA_K15A,WT,S669/2ztaA/2ztaA_relaxed.pdb,0
S669,2ztaA_K15A,Mut,S669/2ztaA/2ztaA_K15A_relaxed.pdb,0
S669,2ztaA_K27A,WT,S669/2ztaA/2ztaA_relaxed.pdb,0
S669,2ztaA_K27A,Mut,S669/2ztaA/2ztaA_K27A_relaxed.pdb,0
S669,2ztaA_K28A,WT,S669/2ztaA/2ztaA_relaxed.pdb,0
S669,2ztaA_K28A,Mut,S669/2ztaA/2ztaA_K28A_relaxed.pdb,0
S669,2ztaA_K8A,WT,S669/2ztaA/2ztaA_relaxed.pdb,0
S669,2ztaA_K8A,Mut,S669/2ztaA/2ztaA_K8A_relaxed.pdb,0
S669,2ztaA_R25A,WT,S669/2ztaA/2ztaA_relaxed.pdb,0
S669,2ztaA_R25A,Mut,S669/2ztaA/2ztaA_R25A_relaxed.pdb,0
S669,3bciA_E96Q,WT,S669/3bciA/3bciA_relaxed.pdb,0
S669,3bciA_E96Q,Mut,S669/3bciA/3bciA_E96Q_relaxed.pdb,0
S669,3bciA_T153V,WT,S669/3bciA/3bciA_relaxed.pdb,0
S669,3bciA_T153V,Mut,S669/3bciA/3bciA_T153V_relaxed.pdb,0
S669,3bn0A_I20V,WT,S669/3bn0A/3bn0A_relaxed.pdb,0
S669,3bn0A_I20V,Mut,S669/3bn0A/3bn0A_I20V_relaxed.pdb,0
S669,3c2iA_D156E,WT,S669/3c2iA/3c2iA_relaxed.pdb,0
S669,3c2iA_D156E,Mut,S669/3c2iA/3c2iA_D156E_relaxed.pdb,0
S669,3c2iA_F155S,WT,S669/3c2iA/3c2iA_relaxed.pdb,0
S669,3c2iA_F155S,Mut,S669/3c2iA/3c2iA_F155S_relaxed.pdb,0
S669,3c2iA_L100V,WT,S669/3c2iA/3c2iA_relaxed.pdb,0
S669,3c2iA_L100V,Mut,S669/3c2iA/3c2iA_L100V_relaxed.pdb,0
S669,3c2iA_P152R,WT,S669/3c2iA/3c2iA_relaxed.pdb,0
S669,3c2iA_P152R,Mut,S669/3c2iA/3c2iA_P152R_relaxed.pdb,0
S669,3c2iA_R106Q,WT,S669/3c2iA/3c2iA_relaxed.pdb,0
S669,3c2iA_R106Q,Mut,S669/3c2iA/3c2iA_R106Q_relaxed.pdb,0
S669,3c2iA_R106W,WT,S669/3c2iA/3c2iA_relaxed.pdb,0
S669,3c2iA_R106W,Mut,S669/3c2iA/3c2iA_R106W_relaxed.pdb,0
S669,3c2iA_R111G,WT,S669/3c2iA/3c2iA_relaxed.pdb,0
S669,3c2iA_R111G,Mut,S669/3c2iA/3c2iA_R111G_relaxed.pdb,0
S669,3c2iA_R133C,WT,S669/3c2iA/3c2iA_relaxed.pdb,0
S669,3c2iA_R133C,Mut,S669/3c2iA/3c2iA_R133C_relaxed.pdb,0
S669,3c2iA_R133H,WT,S669/3c2iA/3c2iA_relaxed.pdb,0
S669,3c2iA_R133H,Mut,S669/3c2iA/3c2iA_R133H_relaxed.pdb,0
S669,3c2iA_S134C,WT,S669/3c2iA/3c2iA_relaxed.pdb,0
S669,3c2iA_S134C,Mut,S669/3c2iA/3c2iA_S134C_relaxed.pdb,0
S669,3c2iA_T158A,WT,S669/3c2iA/3c2iA_relaxed.pdb,0
S669,3c2iA_T158A,Mut,S669/3c2iA/3c2iA_T158A_relaxed.pdb,0
S669,3c2iA_T158M,WT,S669/3c2iA/3c2iA_relaxed.pdb,0
S669,3c2iA_T158M,Mut,S669/3c2iA/3c2iA_T158M_relaxed.pdb,0
S669,3d2aA_M134E,WT,S669/3d2aA/3d2aA_relaxed.pdb,0
S669,3d2aA_M134E,Mut,S669/3d2aA/3d2aA_M134E_relaxed.pdb,0
S669,3d2aA_M137P,WT,S669/3d2aA/3d2aA_relaxed.pdb,0
S669,3d2aA_M137P,Mut,S669/3d2aA/3d2aA_M137P_relaxed.pdb,0
S669,3d2aA_S163P,WT,S669/3d2aA/3d2aA_relaxed.pdb,0
S669,3d2aA_S163P,Mut,S669/3d2aA/3d2aA_S163P_relaxed.pdb,0
S669,3d3bA_D118A,WT,S669/3d3bA/3d3bA_relaxed.pdb,0
S669,3d3bA_D118A,Mut,S669/3d3bA/3d3bA_D118A_relaxed.pdb,0
S669,3d3bA_D118E,WT,S669/3d3bA/3d3bA_relaxed.pdb,0
S669,3d3bA_D118E,Mut,S669/3d3bA/3d3bA_D118E_relaxed.pdb,0
S669,3d3bA_D118K,WT,S669/3d3bA/3d3bA_relaxed.pdb,0
S669,3d3bA_D118K,Mut,S669/3d3bA/3d3bA_D118K_relaxed.pdb,0
S669,3d3bA_D118N,WT,S669/3d3bA/3d3bA_relaxed.pdb,0
S669,3d3bA_D118N,Mut,S669/3d3bA/3d3bA_D118N_relaxed.pdb,0
S669,3d3bA_D118R,WT,S669/3d3bA/3d3bA_relaxed.pdb,0
S669,3d3bA_D118R,Mut,S669/3d3bA/3d3bA_D118R_relaxed.pdb,0
S669,3ecuA_H46R,WT,S669/3ecuA/3ecuA_relaxed.pdb,0
S669,3ecuA_H46R,Mut,S669/3ecuA/3ecuA_H46R_relaxed.pdb,0
S669,3fisA_P61A,WT,S669/3fisA/3fisA_relaxed.pdb,0
S669,3fisA_P61A,Mut,S669/3fisA/3fisA_P61A_relaxed.pdb,0
S669,3g1gA_D155Y,WT,S669/3g1gA/3g1gA_relaxed.pdb,0
S669,3g1gA_D155Y,Mut,S669/3g1gA/3g1gA_D155Y_relaxed.pdb,0
S669,3g1gA_F167Y,WT,S669/3g1gA/3g1gA_relaxed.pdb,0
S669,3g1gA_F167Y,Mut,S669/3g1gA/3g1gA_F167Y_relaxed.pdb,0
S669,3g1gA_I190V,WT,S669/3g1gA/3g1gA_relaxed.pdb,0
S669,3g1gA_I190V,Mut,S669/3g1gA/3g1gA_I190V_relaxed.pdb,0
S669,3g1gA_R185W,WT,S669/3g1gA/3g1gA_relaxed.pdb,0
S669,3g1gA_R185W,Mut,S669/3g1gA/3g1gA_R185W_relaxed.pdb,0
S669,3k82A_E334L,WT,S669/3k82A/3k82A_relaxed.pdb,0
S669,3k82A_E334L,Mut,S669/3k82A/3k82A_E334L_relaxed.pdb,0
S669,3k82A_E334Q,WT,S669/3k82A/3k82A_relaxed.pdb,0
S669,3k82A_E334Q,Mut,S669/3k82A/3k82A_E334Q_relaxed.pdb,0
S669,3k82A_E401R,WT,S669/3k82A/3k82A_relaxed.pdb,0
S669,3k82A_E401R,Mut,S669/3k82A/3k82A_E401R_relaxed.pdb,0
S669,3l15B_Y442H,WT,S669/3l15B/3l15B_relaxed.pdb,0
S669,3l15B_Y442H,Mut,S669/3l15B/3l15B_Y442H_relaxed.pdb,0
S669,3monB_R39G,WT,S669/3monB/3monB_relaxed.pdb,0
S669,3monB_R39G,Mut,S669/3monB/3monB_R39G_relaxed.pdb,0
S669,3monB_W3C,WT,S669/3monB/3monB_relaxed.pdb,0
S669,3monB_W3C,Mut,S669/3monB/3monB_W3C_relaxed.pdb,0
S669,3o39A_F115I,WT,S669/3o39A/3o39A_relaxed.pdb,0
S669,3o39A_F115I,Mut,S669/3o39A/3o39A_F115I_relaxed.pdb,0
S669,3o39A_F115L,WT,S669/3o39A/3o39A_relaxed.pdb,0
S669,3o39A_F115L,Mut,S669/3o39A/3o39A_F115L_relaxed.pdb,0
S669,3o39A_H96L,WT,S669/3o39A/3o39A_relaxed.pdb,0
S669,3o39A_H96L,Mut,S669/3o39A/3o39A_H96L_relaxed.pdb,0
S669,3o39A_L32P,WT,S669/3o39A/3o39A_relaxed.pdb,0
S669,3o39A_L32P,Mut,S669/3o39A/3o39A_L32P_relaxed.pdb,0
S669,3o39A_Q100L,WT,S669/3o39A/3o39A_relaxed.pdb,0
S669,3o39A_Q100L,Mut,S669/3o39A/3o39A_Q100L_relaxed.pdb,0
S669,3o39A_Q49L,WT,S669/3o39A/3o39A_relaxed.pdb,0
S669,3o39A_Q49L,Mut,S669/3o39A/3o39A_Q49L_relaxed.pdb,0
S669,3s4mA_D122Y,WT,S669/3s4mA/3s4mA_relaxed.pdb,0
S669,3s4mA_D122Y,Mut,S669/3s4mA/3s4mA_D122Y_relaxed.pdb,0
S669,3s4mA_G130V,WT,S669/3s4mA/3s4mA_relaxed.pdb,0
S669,3s4mA_G130V,Mut,S669/3s4mA/3s4mA_G130V_relaxed.pdb,0
S669,3s4mA_I154F,WT,S669/3s4mA/3s4mA_relaxed.pdb,0
S669,3s4mA_I154F,Mut,S669/3s4mA/3s4mA_I154F_relaxed.pdb,0
S669,3s4mA_W155R,WT,S669/3s4mA/3s4mA_relaxed.pdb,0
S669,3s4mA_W155R,Mut,S669/3s4mA/3s4mA_W155R_relaxed.pdb,0
S669,3s92A_H395R,WT,S669/3s92A/3s92A_relaxed.pdb,0
S669,3s92A_H395R,Mut,S669/3s92A/3s92A_H395R_relaxed.pdb,0
S669,4bjxA_A89V,WT,S669/4bjxA/4bjxA_relaxed.pdb,0
S669,4bjxA_A89V,Mut,S669/4bjxA/4bjxA_A89V_relaxed.pdb,0
S669,4buqA_Y137A,WT,S669/4buqA/4buqA_relaxed.pdb,0
S669,4buqA_Y137A,Mut,S669/4buqA/4buqA_Y137A_relaxed.pdb,0
S669,4buqA_Y48A,WT,S669/4buqA/4buqA_relaxed.pdb,0
S669,4buqA_Y48A,Mut,S669/4buqA/4buqA_Y48A_relaxed.pdb,0
S669,4he7A_A19D,WT,S669/4he7A/4he7A_relaxed.pdb,0
S669,4he7A_A19D,Mut,S669/4he7A/4he7A_A19D_relaxed.pdb,0
S669,4he7A_A19G,WT,S669/4he7A/4he7A_relaxed.pdb,0
S669,4he7A_A19G,Mut,S669/4he7A/4he7A_A19G_relaxed.pdb,0
S669,4he7A_A19K,WT,S669/4he7A/4he7A_relaxed.pdb,0
S669,4he7A_A19K,Mut,S669/4he7A/4he7A_A19K_relaxed.pdb,0
S669,4n6v0_H75W,WT,S669/4n6v0/4n6v0_relaxed.pdb,0
S669,4n6v0_H75W,Mut,S669/4n6v0/4n6v0_H75W_relaxed.pdb,0
S669,4n6v0_P36G,WT,S669/4n6v0/4n6v0_relaxed.pdb,0
S669,4n6v0_P36G,Mut,S669/4n6v0/4n6v0_P36G_relaxed.pdb,0
S669,4n6v0_P79S,WT,S669/4n6v0/4n6v0_relaxed.pdb,0
S669,4n6v0_P79S,Mut,S669/4n6v0/4n6v0_P79S_relaxed.pdb,0
S669,4waaA_K65A,WT,S669/4waaA/4waaA_relaxed.pdb,0
S669,4waaA_K65A,Mut,S669/4waaA/4waaA_K65A_relaxed.pdb,0
S669,4waaA_K67A,WT,S669/4waaA/4waaA_relaxed.pdb,0
S669,4waaA_K67A,Mut,S669/4waaA/4waaA_K67A_relaxed.pdb,0
S669,4waaA_R27A,WT,S669/4waaA/4waaA_relaxed.pdb,0
S669,4waaA_R27A,Mut,S669/4waaA/4waaA_R27A_relaxed.pdb,0
S669,4yeeA_V134T,WT,S669/4yeeA/4yeeA_relaxed.pdb,0
S669,4yeeA_V134T,Mut,S669/4yeeA/4yeeA_V134T_relaxed.pdb,0
S669,4yefA_T134V,WT,S669/4yefA/4yefA_relaxed.pdb,0
S669,4yefA_T134V,Mut,S669/4yefA/4yefA_T134V_relaxed.pdb,0
S669,5jxbA_D329G,WT,S669/5jxbA/5jxbA_relaxed.pdb,0
S669,5jxbA_D329G,Mut,S669/5jxbA/5jxbA_D329G_relaxed.pdb,0
S669,5jxbA_D329P,WT,S669/5jxbA/5jxbA_relaxed.pdb,0
S669,5jxbA_D329P,Mut,S669/5jxbA/5jxbA_D329P_relaxed.pdb,0
S669,5oaqA_Y429H,WT,S669/5oaqA/5oaqA_relaxed.pdb,0
S669,5oaqA_Y429H,Mut,S669/5oaqA/5oaqA_Y429H_relaxed.pdb,0
S669,5vp3A_R39K,WT,S669/5vp3A/5vp3A_relaxed.pdb,0
S669,5vp3A_R39K,Mut,S669/5vp3A/5vp3A_R39K_relaxed.pdb,0
S669,5vp3A_S128G,WT,S669/5vp3A/5vp3A_relaxed.pdb,0
S669,5vp3A_S128G,Mut,S669/5vp3A/5vp3A_S128G_relaxed.pdb,0
S669,5vp3A_V183T,WT,S669/5vp3A/5vp3A_relaxed.pdb,0
S669,5vp3A_V183T,Mut,S669/5vp3A/5vp3A_V183T_relaxed.pdb,0
